1394519239,15,0,15,9959,10,0,0,0,41
1394519299,5,0,15,9964,15,0,0,0,36
1394519359,10,0,10,9969,10,0,0,0,31
1394519419,10,0,10,9964,15,0,0,0,36
1394519479,10,0,10,9964,15,0,0,0,36
1394519539,10,0,15,9974,0,0,0,0,26
1394519599,10,0,10,9969,10,0,0,0,31
1394519659,10,0,10,9969,10,0,0,0,31
1394519719,10,0,10,9969,10,0,0,0,31
1394519779,15,0,10,9960,15,0,0,0,40
1394519839,10,0,10,9964,10,0,5,5,36
1394519899,15,0,5,9964,15,0,0,0,36
1394519959,5,0,10,9974,10,0,0,0,26
1394520019,15,0,10,9960,15,0,0,0,40
1394520079,10,0,10,9964,15,0,0,0,36
1394520139,10,0,10,9964,15,0,0,0,36
1394520199,10,0,10,9964,15,0,0,0,36
1394520259,10,0,15,9960,15,0,0,0,40
1394520319,10,0,10,9964,15,0,0,0,36
1394520379,10,0,10,9964,15,0,0,0,36
1394520439,10,0,10,9964,15,0,0,0,36
1394520499,10,0,15,9960,15,0,0,0,40
1394520559,10,0,10,9969,10,0,0,0,31
1394520619,10,0,5,9964,15,0,5,5,36
1394520679,10,0,10,9969,10,0,0,0,31
1394520739,15,0,10,9965,10,0,0,0,35
1394520799,10,0,10,9969,10,0,0,0,31
1394520859,15,0,10,9959,15,0,0,0,41
1394520919,10,0,10,9964,15,0,0,0,36
1394520979,10,0,10,9964,15,0,0,0,36
1394521039,10,0,10,9964,15,0,0,0,36
1394521099,10,0,10,9969,10,0,0,0,31
1394521159,10,0,15,9964,10,0,0,0,36
1394521219,10,0,10,9964,15,0,0,0,36
1394521279,10,0,10,9969,10,0,0,0,31
1394521339,10,0,10,9969,10,0,0,0,31
1394521399,5,0,15,9964,15,0,0,0,36
1394521459,15,0,10,9960,15,0,0,0,40
1394521519,10,0,15,9960,15,0,0,0,40
1394521579,15,0,10,9955,20,0,0,0,45
1394521639,15,0,10,9954,20,0,0,0,46
1394521699,10,0,15,9969,5,0,0,0,31
1394521759,15,0,5,9959,20,0,0,0,41
1394521819,10,0,15,9950,25,0,0,0,50
1394521879,15,0,5,9954,25,0,0,0,46
1394521939,10,0,10,9959,20,0,0,0,41
1394521999,10,0,10,9954,25,0,0,0,46
1394522059,60,0,25,7459,2454,0,0,0,2541
1394522119,25,0,15,9884,70,0,5,5,116
1394522179,10,0,10,9964,15,0,0,0,36
1394522239,15,0,10,9954,20,0,0,0,46
1394522299,10,0,10,9959,20,0,0,0,41
1394522359,10,0,10,9979,0,0,0,0,21
1394522419,10,0,15,9959,15,0,0,0,41
1394522479,10,0,10,9964,15,0,0,0,36
1394522539,10,0,15,9960,15,0,0,0,40
1394522599,10,0,10,9955,20,0,5,5,45
1394522660,15,0,10,9950,25,0,0,0,50
1394522720,14,0,14,9955,14,0,0,0,45
1394522780,15,0,10,9959,15,0,0,0,41
1394522840,10,0,10,9964,15,0,0,0,36
1394522900,10,0,10,9979,0,0,0,0,21
1394522960,10,0,10,9964,15,0,0,0,36
1394523020,10,0,10,9964,15,0,0,0,36
1394523080,10,0,15,9960,15,0,0,0,40
1394523140,10,0,10,9964,15,0,0,0,36
1394523200,15,0,10,9959,15,0,0,0,41
1394523260,5,0,15,9959,15,0,5,5,41
1394523320,10,0,10,9959,20,0,0,0,41
1394523380,10,0,10,9954,25,0,0,0,46
1394523440,15,0,10,9954,20,0,0,0,46
1394523500,5,0,10,9964,20,0,0,0,36
1394523560,10,0,10,9959,20,0,0,0,41
1394523620,5,0,10,9964,20,0,0,0,36
1394523680,10,0,10,9959,20,0,0,0,41
1394523740,10,0,10,9964,15,0,0,0,36
1394523800,10,0,5,9969,15,0,0,0,31
1394523860,15,0,10,9960,15,0,0,0,40
1394523920,10,0,10,9969,10,0,0,0,31
1394523980,10,0,10,9964,15,0,0,0,36
1394524040,10,0,15,9964,10,0,0,0,36
1394524100,15,0,5,9959,20,0,0,0,41
1394524160,10,0,10,9964,15,0,0,0,36
1394524220,5,0,15,9964,15,0,0,0,36
1394524280,15,0,10,9959,15,0,0,0,41
1394524340,10,0,15,9959,15,0,0,0,41
1394524400,10,0,10,9964,15,0,0,0,36
1394524460,10,0,15,9959,15,0,0,0,41
1394524520,10,0,10,9969,10,0,0,0,31
1394524580,10,0,10,9969,10,0,0,0,31
1394524640,5,0,10,9969,15,0,0,0,31
1394524700,10,0,10,9964,15,0,0,0,36
1394524760,15,0,5,9964,15,0,0,0,36
1394524820,15,0,10,9960,15,0,0,0,40
1394524880,10,0,10,9969,10,0,0,0,31
1394524940,10,0,10,9964,15,0,0,0,36
1394525000,14,0,9,9960,14,0,0,0,40
1394525060,10,0,10,9964,15,0,0,0,36
1394525120,10,0,10,9955,20,0,5,5,45
1394525180,10,0,10,9959,20,0,0,0,41
1394525240,10,0,10,9959,20,0,0,0,41
1394525300,10,0,10,9959,20,0,0,0,41
1394525360,10,0,5,9969,15,0,0,0,31
1394525420,10,0,10,9959,20,0,0,0,41
1394525480,10,0,5,9964,20,0,0,0,36
1394525540,5,0,10,9964,20,0,0,0,36
1394525600,10,0,10,9959,20,0,0,0,41
1394525660,10,0,10,9959,20,0,0,0,41
1394525720,10,0,10,9964,15,0,0,0,36
1394525780,10,0,15,9950,25,0,0,0,50
1394525840,15,0,10,9954,20,0,0,0,46
1394525900,15,0,10,9960,15,0,0,0,40
1394525960,10,0,10,9964,15,0,0,0,36
1394526020,5,0,10,9969,15,0,0,0,31
1394526080,10,0,10,9960,15,0,5,5,40
1394526140,10,0,15,9955,20,0,0,0,45
1394526200,10,0,10,9959,20,0,0,0,41
1394526260,10,0,10,9954,25,0,0,0,46
1394526320,5,0,10,9974,10,0,0,0,26
1394526380,10,0,10,9964,15,0,0,0,36
1394526440,10,0,10,9969,10,0,0,0,31
1394526500,10,0,10,9979,0,0,0,0,21
1394526560,10,0,10,9964,15,0,0,0,36
1394526620,10,0,15,9960,15,0,0,0,40
1394526680,15,0,10,9960,15,0,0,0,40
1394526740,10,0,10,9969,10,0,0,0,31
1394526800,10,0,15,9960,15,0,0,0,40
1394526860,10,0,15,9959,15,0,0,0,41
1394526920,10,0,10,9964,15,0,0,0,36
1394526980,15,0,5,9964,15,0,0,0,36
1394527040,15,0,10,9964,10,0,0,0,36
1394527100,10,0,5,9969,15,0,0,0,31
1394527160,10,0,10,9964,15,0,0,0,36
1394527220,10,0,10,9969,10,0,0,0,31
1394527280,10,0,10,9964,15,0,0,0,36
1394527340,10,0,10,9964,15,0,0,0,36
1394527400,10,0,15,9959,15,0,0,0,41
1394527460,15,0,10,9945,30,0,0,0,55
1394527520,5,0,10,9954,30,0,0,0,46
1394527580,10,0,10,9954,25,0,0,0,46
1394527640,10,0,10,9959,20,0,0,0,41
1394527700,10,0,10,9954,20,0,5,5,46
1394527760,10,0,5,9969,15,0,0,0,31
1394527820,14,0,9,9960,14,0,0,0,40
1394527880,10,0,10,9964,15,0,0,0,36
1394527940,10,0,10,9964,15,0,0,0,36
1394528000,10,0,10,9944,35,0,0,0,56
1394528060,10,0,10,9964,15,0,0,0,36
1394528120,10,0,10,9964,15,0,0,0,36
1394528181,15,0,15,9950,20,0,0,0,50
1394528241,10,0,10,9964,15,0,0,0,36
1394528301,10,0,10,9964,15,0,0,0,36
1394528361,10,0,10,9964,15,0,0,0,36
1394528421,10,0,10,9964,15,0,0,0,36
1394528481,10,0,10,9959,20,0,0,0,41
1394528541,10,0,15,9955,20,0,0,0,45
1394528601,10,0,15,9950,25,0,0,0,50
1394528661,5,0,10,9964,20,0,0,0,36
1394528721,10,0,15,9975,0,0,0,0,25
1394528781,10,0,15,9974,0,0,0,0,26
1394528841,5,0,15,9969,10,0,0,0,31
1394528901,10,0,10,9964,15,0,0,0,36
1394528961,10,0,10,9954,25,0,0,0,46
1394529021,10,0,10,9964,15,0,0,0,36
1394529081,10,0,10,9964,15,0,0,0,36
1394529141,10,0,5,9964,20,0,0,0,36
1394529201,10,0,10,9974,5,0,0,0,26
1394529261,10,0,10,9964,10,0,5,5,36
1394529321,9,0,14,9950,24,0,0,0,50
1394529381,10,0,10,9959,20,0,0,0,41
1394529441,10,0,15,9955,20,0,0,0,45
1394529501,10,0,10,9959,20,0,0,0,41
1394529561,10,0,5,9969,15,0,0,0,31
1394529621,15,0,15,9950,20,0,0,0,50
1394529681,10,0,10,9959,20,0,0,0,41
1394529741,15,0,10,9950,20,0,5,5,50
1394529801,15,0,10,9954,20,0,0,0,46
1394529861,10,0,10,9959,20,0,0,0,41
1394529921,10,0,10,9959,20,0,0,0,41
1394529981,10,0,15,9954,20,0,0,0,46
1394530041,10,0,10,9959,20,0,0,0,41
1394530101,10,0,15,9955,20,0,0,0,45
1394530161,5,0,10,9964,20,0,0,0,36
1394530221,5,0,10,9969,15,0,0,0,31
1394530281,15,0,10,9954,20,0,0,0,46
1394530341,10,0,15,9954,20,0,0,0,46
1394530401,15,0,10,9955,20,0,0,0,45
1394530461,10,0,15,9954,20,0,0,0,46
1394530521,15,0,15,9950,20,0,0,0,50
1394530581,15,0,5,9964,15,0,0,0,36
1394530641,10,0,15,9959,15,0,0,0,41
1394530701,10,0,10,9964,15,0,0,0,36
1394530761,10,0,15,9964,10,0,0,0,36
1394530821,10,0,10,9969,10,0,0,0,31
1394530881,10,0,10,9964,15,0,0,0,36
1394530941,10,0,10,9969,10,0,0,0,31
1394531001,5,0,15,9959,15,0,5,5,41
1394531061,10,0,15,9960,15,0,0,0,40
1394531121,10,0,10,9964,15,0,0,0,36
1394531181,15,0,10,9959,15,0,0,0,41
1394531241,10,0,10,9964,15,0,0,0,36
1394531301,10,0,15,9959,15,0,0,0,41
1394531361,10,0,15,9959,15,0,0,0,41
1394531421,20,0,5,9959,15,0,0,0,41
1394531481,5,0,15,9964,10,0,5,5,36
1394531541,15,0,10,9959,15,0,0,0,41
1394531601,10,0,15,9964,10,0,0,0,36
1394531661,10,0,10,9969,10,0,0,0,31
1394531721,10,0,5,9969,15,0,0,0,31
1394531781,10,0,10,9969,10,0,0,0,31
1394531841,10,0,15,9954,20,0,0,0,46
1394531901,10,0,10,9969,10,0,0,0,31
1394531961,10,0,10,9964,15,0,0,0,36
1394532021,5,0,10,9969,15,0,0,0,31
1394532081,10,0,10,9964,15,0,0,0,36
1394532141,5,0,15,9959,20,0,0,0,41
1394532201,10,0,10,9959,20,0,0,0,41
1394532261,10,0,10,9959,20,0,0,0,41
1394532321,15,0,15,9950,20,0,0,0,50
1394532381,15,0,10,9955,20,0,0,0,45
1394532441,10,0,10,9959,20,0,0,0,41
1394532501,10,0,15,9964,10,0,0,0,36
1394532561,12,0,8,9955,24,0,0,0,45
1394532621,10,0,10,9954,25,0,0,0,46
1394532681,10,0,10,9974,5,0,0,0,26
1394532741,10,0,10,9964,15,0,0,0,36
1394532801,10,0,10,9964,15,0,0,0,36
1394532861,10,0,10,9979,0,0,0,0,21
1394532921,10,0,15,9965,10,0,0,0,35
1394532981,15,0,10,9965,10,0,0,0,35
1394533041,10,0,10,9969,10,0,0,0,31
1394533101,5,0,10,9969,15,0,0,0,31
1394533161,10,0,5,9969,10,0,5,5,31
1394533221,10,0,10,9964,15,0,0,0,36
1394533281,10,0,10,9964,15,0,0,0,36
1394533341,10,0,10,9964,15,0,0,0,36
1394533401,10,0,10,9969,10,0,0,0,31
1394533461,15,0,5,9969,10,0,0,0,31
1394533522,10,0,10,9964,15,0,0,0,36
1394533582,10,0,10,9969,10,0,0,0,31
1394533642,10,0,10,9964,15,0,0,0,36
1394533702,15,0,10,9965,10,0,0,0,35
1394533762,10,0,5,9974,10,0,0,0,26
1394533822,10,0,10,9964,15,0,0,0,36
1394533882,10,0,10,9964,15,0,0,0,36
1394533942,15,0,15,9959,10,0,0,0,41
1394534002,10,0,15,9960,15,0,0,0,40
1394534062,10,0,10,9959,20,0,0,0,41
1394534122,10,0,10,9964,15,0,0,0,36
1394534182,10,0,10,9969,10,0,0,0,31
1394534242,10,0,10,9964,15,0,0,0,36
1394534302,5,0,15,9959,20,0,0,0,41
1394534362,10,0,10,9959,20,0,0,0,41
1394534422,15,0,10,9954,20,0,0,0,46
1394534482,15,0,10,9959,15,0,0,0,41
1394534542,15,0,10,9960,15,0,0,0,40
1394534602,10,0,5,9969,15,0,0,0,31
1394534662,10,0,10,9964,15,0,0,0,36
1394534722,10,0,10,9955,20,0,5,5,45
1394534782,10,0,10,9959,20,0,0,0,41
1394534842,10,0,15,9954,20,0,0,0,46
1394534902,10,0,15,9955,20,0,0,0,45
1394534962,15,0,5,9959,20,0,0,0,41
1394535022,10,0,15,9949,25,0,0,0,51
1394535082,10,0,5,9959,20,0,5,5,41
1394535142,10,0,10,9964,15,0,0,0,36
1394535202,10,0,10,9959,20,0,0,0,41
1394535262,10,0,10,9969,10,0,0,0,31
1394535322,10,0,10,9964,15,0,0,0,36
1394535382,10,0,10,9959,20,0,0,0,41
1394535442,10,0,15,9959,15,0,0,0,41
1394535502,10,0,10,9964,15,0,0,0,36
1394535562,10,0,15,9955,20,0,0,0,45
1394535622,10,0,10,9974,5,0,0,0,26
1394535682,15,0,15,9955,15,0,0,0,45
1394535742,10,0,10,9959,20,0,0,0,41
1394535802,15,0,10,9955,15,0,5,5,45
1394535862,5,0,10,9969,15,0,0,0,31
1394535922,10,0,15,9950,25,0,0,0,50
1394535982,10,0,10,9959,20,0,0,0,41
1394536042,15,0,10,9960,15,0,0,0,40
1394536102,15,0,10,9959,15,0,0,0,41
1394536162,10,0,15,9960,15,0,0,0,40
1394536222,10,0,10,9959,20,0,0,0,41
1394536282,10,0,10,9969,10,0,0,0,31
1394536342,15,0,10,9960,15,0,0,0,40
1394536402,10,0,15,9960,15,0,0,0,40
1394536462,10,0,10,9969,10,0,0,0,31
1394536522,10,0,10,9954,25,0,0,0,46
1394536582,10,0,10,9969,10,0,0,0,31
1394536642,5,0,10,9974,10,0,0,0,26
1394536702,10,0,10,9969,10,0,0,0,31
1394536762,10,0,10,9964,15,0,0,0,36
1394536822,10,0,15,9960,15,0,0,0,40
1394536882,10,0,15,9959,10,0,5,5,41
1394536942,10,0,10,9964,15,0,0,0,36
1394537002,5,0,10,9969,15,0,0,0,31
1394537062,10,0,10,9969,10,0,0,0,31
1394537122,10,0,10,9969,10,0,0,0,31
1394537182,10,0,10,9964,15,0,0,0,36
1394537242,10,0,10,9969,10,0,0,0,31
1394537302,10,0,10,9964,15,0,0,0,36
1394537362,10,0,10,9969,10,0,0,0,31
1394537422,15,0,10,9959,15,0,0,0,41
1394537482,10,0,15,9959,15,0,0,0,41
1394537542,5,0,10,9964,20,0,0,0,36
1394537602,10,0,15,9965,10,0,0,0,35
1394537662,10,0,10,9964,15,0,0,0,36
1394537722,10,0,10,9964,15,0,0,0,36
1394537782,10,0,10,9964,15,0,0,0,36
1394537842,10,0,15,9960,15,0,0,0,40
1394537902,10,0,10,9964,15,0,0,0,36
1394537962,10,0,10,9979,0,0,0,0,21
1394538022,5,0,15,9964,15,0,0,0,36
1394538082,10,0,15,9950,25,0,0,0,50
1394538142,10,0,10,9964,15,0,0,0,36
1394538202,10,0,10,9964,15,0,0,0,36
1394538262,10,0,15,9960,15,0,0,0,40
1394538322,10,0,10,9955,25,0,0,0,45
1394538382,10,0,10,9964,15,0,0,0,36
1394538442,10,0,10,9964,15,0,0,0,36
1394538502,10,0,10,9959,20,0,0,0,41
1394538562,10,0,10,9960,20,0,0,0,40
1394538622,10,0,10,9964,15,0,0,0,36
1394538682,15,0,10,9955,20,0,0,0,45
1394538742,5,0,15,9964,10,0,5,5,36
1394538802,10,0,10,9964,15,0,0,0,36
1394538862,10,0,10,9959,20,0,0,0,41
1394538922,9,0,14,9955,19,0,0,0,45
1394538983,10,0,15,9959,15,0,0,0,41
1394539043,15,0,10,9955,20,0,0,0,45
1394539103,10,0,10,9959,20,0,0,0,41
1394539163,10,0,15,9940,35,0,0,0,60
1394539223,10,0,10,9959,20,0,0,0,41
1394539283,10,0,10,9959,20,0,0,0,41
1394539343,10,0,10,9959,20,0,0,0,41
1394539403,10,0,15,9954,20,0,0,0,46
1394539463,15,0,10,9955,20,0,0,0,45
1394539523,10,0,10,9959,20,0,0,0,41
1394539583,10,0,10,9959,20,0,0,0,41
1394539643,10,0,10,9959,20,0,0,0,41
1394539703,10,0,10,9959,20,0,0,0,41
1394539763,10,0,10,9959,20,0,0,0,41
1394539823,10,0,10,9959,20,0,0,0,41
1394539883,10,0,10,9959,20,0,0,0,41
1394539943,10,0,10,9959,20,0,0,0,41
1394540003,10,0,10,9949,30,0,0,0,51
1394540063,15,0,5,9944,35,0,0,0,56
1394540123,10,0,15,9955,20,0,0,0,45
1394540183,10,0,10,9959,20,0,0,0,41
1394540243,10,0,10,9964,15,0,0,0,36
1394540303,15,0,5,9959,20,0,0,0,41
1394540363,10,0,15,9955,20,0,0,0,45
1394540423,10,0,10,9960,20,0,0,0,40
1394540483,10,0,10,9959,20,0,0,0,41
1394540543,10,0,10,9964,15,0,0,0,36
1394540603,5,0,15,9964,15,0,0,0,36
1394540663,10,0,10,9959,20,0,0,0,41
1394540723,15,0,10,9964,10,0,0,0,36
1394540783,10,0,10,9969,10,0,0,0,31
1394540843,10,0,5,9969,15,0,0,0,31
1394540903,10,0,10,9964,15,0,0,0,36
1394540963,10,0,10,9965,15,0,0,0,35
1394541023,10,0,15,9950,25,0,0,0,50
1394541083,10,0,15,9954,20,0,0,0,46
1394541143,10,0,10,9974,5,0,0,0,26
1394541203,10,0,15,9964,10,0,0,0,36
1394541263,10,0,10,9964,15,0,0,0,36
1394541323,10,0,10,9964,15,0,0,0,36
1394541383,10,0,10,9964,15,0,0,0,36
1394541443,15,0,10,9960,15,0,0,0,40
1394541503,10,0,10,9964,15,0,0,0,36
1394541563,10,0,15,9964,10,0,0,0,36
1394541623,10,0,15,9964,10,0,0,0,36
1394541683,10,0,10,9969,10,0,0,0,31
1394541743,10,0,10,9969,10,0,0,0,31
1394541803,10,0,10,9979,0,0,0,0,21
1394541863,10,0,5,9964,20,0,0,0,36
1394541923,10,0,10,9969,10,0,0,0,31
1394541983,10,0,10,9954,20,0,5,5,46
1394542043,10,0,10,9969,10,0,0,0,31
1394542103,10,0,5,9969,15,0,0,0,31
1394542163,10,0,10,9969,10,0,0,0,31
1394542223,10,0,10,9969,10,0,0,0,31
1394542283,10,0,10,9964,15,0,0,0,36
1394542343,10,0,15,9964,10,0,0,0,36
1394542403,10,0,15,9960,15,0,0,0,40
1394542463,15,0,10,9950,25,0,0,0,50
1394542523,10,0,10,9964,15,0,0,0,36
1394542583,15,0,10,9964,10,0,0,0,36
1394542643,10,0,15,9964,10,0,0,0,36
1394542703,10,0,10,9964,15,0,0,0,36
1394542763,10,0,10,9959,20,0,0,0,41
1394542823,10,0,10,9964,15,0,0,0,36
1394542883,10,0,10,9964,15,0,0,0,36
1394542943,10,0,15,9974,0,0,0,0,26
1394543003,10,0,10,9959,15,0,5,5,41
1394543063,10,0,15,9959,15,0,0,0,41
1394543123,5,0,10,9964,20,0,0,0,36
1394543183,10,0,10,9959,20,0,0,0,41
1394543243,10,0,10,9964,15,0,0,0,36
1394543303,10,0,10,9959,20,0,0,0,41
1394543363,10,0,10,9959,20,0,0,0,41
1394543423,5,0,10,9969,15,0,0,0,31
1394543483,10,0,10,9959,20,0,0,0,41
1394543543,10,0,15,9954,20,0,0,0,46
1394543603,10,0,10,9959,20,0,0,0,41
1394543663,15,0,10,9959,15,0,0,0,41
1394543723,10,0,10,9959,20,0,0,0,41
1394543783,10,0,15,9954,20,0,0,0,46
1394543843,10,0,10,9959,20,0,0,0,41
1394543903,10,0,15,9954,20,0,0,0,46
1394543963,10,0,15,9955,20,0,0,0,45
1394544023,5,0,10,9959,20,0,5,5,41
1394544083,10,0,10,9959,20,0,0,0,41
1394544143,10,0,10,9954,25,0,0,0,46
1394544203,15,0,10,9954,20,0,0,0,46
1394544263,10,0,10,9959,20,0,0,0,41
1394544323,10,0,15,9950,25,0,0,0,50
1394544383,10,0,10,9959,20,0,0,0,41
1394544443,10,0,10,9959,15,0,5,5,41
1394544504,10,0,10,9959,20,0,0,0,41
1394544564,10,0,10,9959,20,0,0,0,41
1394544624,5,0,10,9964,20,0,0,0,36
1394544684,10,0,10,9969,10,0,0,0,31
1394544744,10,0,10,9959,20,0,0,0,41
1394544804,15,0,5,9959,20,0,0,0,41
1394544864,15,0,10,9954,20,0,0,0,46
1394544924,10,0,15,9964,10,0,0,0,36
1394544984,10,0,10,9964,10,0,5,5,36
1394545044,10,0,10,9969,10,0,0,0,31
1394545104,10,0,15,9964,10,0,0,0,36
1394545164,15,0,10,9964,10,0,0,0,36
1394545224,10,0,15,9960,15,0,0,0,40
1394545284,5,0,15,9964,15,0,0,0,36
1394545344,20,0,10,9960,10,0,0,0,40
1394545404,10,0,10,9964,15,0,0,0,36
1394545464,10,0,10,9969,10,0,0,0,31
1394545524,10,0,10,9964,15,0,0,0,36
1394545584,5,0,15,9964,15,0,0,0,36
1394545644,9,0,14,9960,14,0,0,0,40
1394545704,10,0,15,9964,10,0,0,0,36
1394545764,15,0,5,9964,15,0,0,0,36
1394545824,10,0,10,9964,15,0,0,0,36
1394545884,10,0,10,9964,15,0,0,0,36
1394545944,10,0,10,9964,15,0,0,0,36
1394546004,15,0,10,9959,15,0,0,0,41
1394546064,10,0,15,9960,15,0,0,0,40
1394546124,10,0,10,9969,10,0,0,0,31
1394546184,10,0,10,9964,15,0,0,0,36
1394546244,10,0,15,9959,15,0,0,0,41
1394546304,15,0,10,9955,20,0,0,0,45
1394546364,10,0,10,9969,10,0,0,0,31
1394546424,10,0,15,9960,15,0,0,0,40
1394546484,15,0,10,9960,15,0,0,0,40
1394546544,5,0,15,9959,20,0,0,0,41
1394546604,10,0,15,9954,20,0,0,0,46
1394546664,10,0,15,9959,15,0,0,0,41
1394546724,15,0,5,9959,20,0,0,0,41
1394546784,10,0,5,9969,15,0,0,0,31
1394546844,10,0,10,9964,15,0,0,0,36
1394546904,10,0,10,9979,0,0,0,0,21
1394546964,15,0,10,9959,15,0,0,0,41
1394547024,10,0,10,9964,15,0,0,0,36
1394547084,9,0,14,9955,19,0,0,0,45
1394547144,15,0,10,9959,15,0,0,0,41
1394547204,10,0,10,9959,20,0,0,0,41
1394547264,10,0,10,9954,25,0,0,0,46
1394547324,15,0,10,9955,20,0,0,0,45
1394547384,10,0,10,9959,20,0,0,0,41
1394547444,15,0,10,9954,20,0,0,0,46
1394547504,10,0,10,9959,20,0,0,0,41
1394547564,10,0,10,9964,15,0,0,0,36
1394547624,10,0,10,9959,20,0,0,0,41
1394547684,10,0,10,9959,20,0,0,0,41
1394547744,10,0,10,9959,20,0,0,0,41
1394547804,15,0,10,9959,15,0,0,0,41
1394547864,5,0,10,9959,20,0,5,5,41
1394547924,14,0,14,9950,19,0,0,0,50
1394547984,10,0,10,9959,20,0,0,0,41
1394548044,10,0,10,9959,20,0,0,0,41
1394548104,5,0,10,9964,20,0,0,0,36
1394548164,10,0,10,9959,20,0,0,0,41
1394548224,10,0,15,9955,20,0,0,0,45
1394548284,10,0,15,9954,20,0,0,0,46
1394548344,15,0,10,9955,20,0,0,0,45
1394548404,10,0,10,9964,10,0,5,5,36
1394548464,10,0,10,9959,20,0,0,0,41
1394548524,10,0,10,9959,20,0,0,0,41
1394548584,10,0,10,9964,15,0,0,0,36
1394548644,10,0,15,9959,15,0,0,0,41
1394548704,10,0,10,9969,10,0,0,0,31
1394548764,15,0,10,9949,25,0,0,0,51
1394548824,145,0,30,9804,20,0,0,0,196
1394548884,536,0,40,9413,10,0,0,0,587
1394548944,15,0,10,9959,15,0,0,0,41
1394549004,20,0,10,9969,0,0,0,0,31
1394549064,15,0,10,9959,10,0,5,5,41
1394549124,15,0,15,9959,10,0,0,0,41
1394549184,15,0,10,9974,0,0,0,0,26
1394549244,90,0,40,9669,200,0,0,0,331
1394549304,15,0,15,9954,15,0,0,0,46
1394549364,15,0,10,9960,15,0,0,0,40
1394549424,15,0,5,9969,10,0,0,0,31
1394549484,975,0,1697,7230,96,0,0,0,2770
1394549544,1324,0,1430,7240,5,0,0,0,2760
1394549604,873,0,667,7802,652,0,5,5,2198
1394549664,15,0,15,9954,15,0,0,0,46
1394549724,30,0,10,9944,15,0,0,0,56
1394549784,20,0,15,9949,15,0,0,0,51
1394549845,15,0,15,9959,10,0,0,0,41
1394549905,20,0,10,9954,15,0,0,0,46
1394549965,10,0,10,9964,15,0,0,0,36
1394550025,10,0,10,9969,10,0,0,0,31
1394550085,20,0,10,9954,15,0,0,0,46
1394550145,20,0,10,9949,20,0,0,0,51
1394550205,15,0,15,9939,30,0,0,0,61
1394550265,15,0,10,9964,10,0,0,0,36
1394550325,15,0,15,9959,10,0,0,0,41
1394550385,25,0,10,9950,15,0,0,0,50
1394550445,15,0,15,9959,10,0,0,0,41
1394550505,2550,0,406,7028,15,0,0,0,2972
1394550565,10,0,10,9964,15,0,0,0,36
1394550625,10,0,15,9960,15,0,0,0,40
1394550685,10,0,10,9964,15,0,0,0,36
1394550745,10,0,10,9964,15,0,0,0,36
1394550805,10,0,10,9964,15,0,0,0,36
1394550865,10,0,10,9964,15,0,0,0,36
1394550925,10,0,15,9955,15,0,5,5,45
1394550985,10,0,10,9969,10,0,0,0,31
1394551045,10,0,10,9969,10,0,0,0,31
1394551105,5,0,10,9964,20,0,0,0,36
1394551165,10,0,10,9959,20,0,0,0,41
1394551225,10,0,10,9964,15,0,0,0,36
1394551285,10,0,10,9964,15,0,0,0,36
1394551345,15,0,10,9955,20,0,0,0,45
1394551405,10,0,5,9964,20,0,0,0,36
1394551465,10,0,10,9959,20,0,0,0,41
1394551525,10,0,15,9950,25,0,0,0,50
1394551585,10,0,10,9954,20,0,5,5,46
1394551645,10,0,10,9959,20,0,0,0,41
1394551705,10,0,10,9964,15,0,0,0,36
1394551765,10,0,10,9964,15,0,0,0,36
1394551825,5,0,10,9954,30,0,0,0,46
1394551885,15,0,10,9954,20,0,0,0,46
1394551945,5,0,15,9964,15,0,0,0,36
1394552005,15,0,5,9964,15,0,0,0,36
1394552065,10,0,10,9969,10,0,0,0,31
1394552125,10,0,10,9959,20,0,0,0,41
1394552185,10,0,10,9959,20,0,0,0,41
1394552245,10,0,10,9965,15,0,0,0,35
1394552305,10,0,10,9959,20,0,0,0,41
1394552365,10,0,10,9954,25,0,0,0,46
1394552425,10,0,10,9955,25,0,0,0,45
1394552485,15,0,10,9949,25,0,0,0,51
1394552545,5,0,15,9959,20,0,0,0,41
1394552605,10,0,15,9960,10,0,5,5,40
1394552665,10,0,15,9954,20,0,0,0,46
1394552725,10,0,10,9959,20,0,0,0,41
1394552785,5,0,10,9959,25,0,0,0,41
1394552845,10,0,15,9964,10,0,0,0,36
1394552905,10,0,15,9949,25,0,0,0,51
1394552965,15,0,10,9954,20,0,0,0,46
1394553025,10,0,15,9959,15,0,0,0,41
1394553085,10,0,10,9964,15,0,0,0,36
1394553145,10,0,10,9964,15,0,0,0,36
1394553205,10,0,10,9964,15,0,0,0,36
1394553265,10,0,10,9969,10,0,0,0,31
1394553325,10,0,10,9969,10,0,0,0,31
1394553385,15,0,10,9960,15,0,0,0,40
1394553445,10,0,15,9960,15,0,0,0,40
1394553505,10,0,10,9964,15,0,0,0,36
1394553565,15,0,10,9959,15,0,0,0,41
1394553625,10,0,5,9969,15,0,0,0,31
1394553685,15,0,5,9969,10,0,0,0,31
1394553745,10,0,10,9969,10,0,0,0,31
1394553805,10,0,5,9969,15,0,0,0,31
1394553865,10,0,5,9964,15,0,5,5,36
1394553925,10,0,10,9964,15,0,0,0,36
1394553985,10,0,10,9964,15,0,0,0,36
1394554045,10,0,10,9964,15,0,0,0,36
1394554105,15,0,10,9959,15,0,0,0,41
1394554165,10,0,15,9955,20,0,0,0,45
1394554225,10,0,10,9964,15,0,0,0,36
1394554285,10,0,15,9959,15,0,0,0,41
1394554345,10,0,10,9955,20,0,5,5,45
1394554405,10,0,15,9959,15,0,0,0,41
1394554465,15,0,10,9960,15,0,0,0,40
1394554525,10,0,10,9959,20,0,0,0,41
1394554585,5,0,15,9964,15,0,0,0,36
1394554645,10,0,10,9959,20,0,0,0,41
1394554705,10,0,10,9969,10,0,0,0,31
1394554765,10,0,10,9959,20,0,0,0,41
1394554825,15,0,10,9959,15,0,0,0,41
1394554885,10,0,15,9960,15,0,0,0,40
1394554945,10,0,5,9964,20,0,0,0,36
1394555006,10,0,10,9959,15,0,5,5,41
1394555066,10,0,10,9964,15,0,0,0,36
1394555126,10,0,15,9954,20,0,0,0,46
1394555186,10,0,10,9954,25,0,0,0,46
1394555246,10,0,10,9964,15,0,0,0,36
1394555306,10,0,10,9954,25,0,0,0,46
1394555366,10,0,10,9959,20,0,0,0,41
1394555426,10,0,15,9950,25,0,0,0,50
1394555486,10,0,10,9969,10,0,0,0,31
1394555546,10,0,10,9964,15,0,0,0,36
1394555606,10,0,10,9964,15,0,0,0,36
1394555666,10,0,10,9964,15,0,0,0,36
1394555726,10,0,10,9964,15,0,0,0,36
1394555786,10,0,10,9964,15,0,0,0,36
1394555846,5,0,10,9969,15,0,0,0,31
1394555906,10,0,15,9964,10,0,0,0,36
1394555966,10,0,15,9960,15,0,0,0,40
1394556026,15,0,10,9959,15,0,0,0,41
1394556086,15,0,10,9964,10,0,0,0,36
1394556146,10,0,10,9964,15,0,0,0,36
1394556206,15,0,10,9960,15,0,0,0,40
1394556266,15,0,10,9959,15,0,0,0,41
1394556326,10,0,10,9969,10,0,0,0,31
1394556386,15,0,10,9960,15,0,0,0,40
1394556446,5,0,10,9964,15,0,5,5,36
1394556506,10,0,10,9964,15,0,0,0,36
1394556566,15,0,10,9959,15,0,0,0,41
1394556626,15,0,10,9954,20,0,0,0,46
1394556686,10,0,10,9959,20,0,0,0,41
1394556746,10,0,10,9964,15,0,0,0,36
1394556806,10,0,10,9959,20,0,0,0,41
1394556866,15,0,10,9959,15,0,0,0,41
1394556926,10,0,10,9969,10,0,0,0,31
1394556986,10,0,10,9969,10,0,0,0,31
1394557046,5,0,10,9969,15,0,0,0,31
1394557106,5,0,10,9959,20,0,5,5,41
1394557166,10,0,15,9950,25,0,0,0,50
1394557226,15,0,10,9959,15,0,0,0,41
1394557286,10,0,15,9950,25,0,0,0,50
1394557346,10,0,10,9959,20,0,0,0,41
1394557406,10,0,10,9964,15,0,0,0,36
1394557466,10,0,10,9959,20,0,0,0,41
1394557526,10,0,10,9959,20,0,0,0,41
1394557586,10,0,10,9964,15,0,0,0,36
1394557646,15,0,10,9964,10,0,0,0,36
1394557706,15,0,15,9955,15,0,0,0,45
1394557766,10,0,10,9959,20,0,0,0,41
1394557826,10,0,15,9954,20,0,0,0,46
1394557886,15,0,10,9955,20,0,0,0,45
1394557946,5,0,10,9964,20,0,0,0,36
1394558006,15,0,10,9954,20,0,0,0,46
1394558066,10,0,10,9954,25,0,0,0,46
1394558126,10,0,10,9959,20,0,0,0,41
1394558186,10,0,15,9954,20,0,0,0,46
1394558246,10,0,15,9950,25,0,0,0,50
1394558306,10,0,15,9955,20,0,0,0,45
1394558366,10,0,10,9959,20,0,0,0,41
1394558426,10,0,10,9959,20,0,0,0,41
1394558486,10,0,10,9964,15,0,0,0,36
1394558546,10,0,15,9959,15,0,0,0,41
1394558606,10,0,15,9959,15,0,0,0,41
1394558666,15,0,10,9960,15,0,0,0,40
1394558726,10,0,15,9954,20,0,0,0,46
1394558786,10,0,10,9974,0,0,5,5,26
1394558846,15,0,10,9964,10,0,0,0,36
1394558906,5,0,10,9964,20,0,0,0,36
1394558966,10,0,15,9955,20,0,0,0,45
1394559026,20,0,5,9949,25,0,0,0,51
1394559086,10,0,10,9964,15,0,0,0,36
1394559146,10,0,15,9949,25,0,0,0,51
1394559206,10,0,10,9969,10,0,0,0,31
1394559266,10,0,10,9964,15,0,0,0,36
1394559326,10,0,15,9954,20,0,0,0,46
1394559386,10,0,15,9959,15,0,0,0,41
1394559446,10,0,15,9945,30,0,0,0,55
1394559506,5,0,10,9969,15,0,0,0,31
1394559566,15,0,10,9950,25,0,0,0,50
1394559626,10,0,15,9954,20,0,0,0,46
1394559686,5,0,15,9959,20,0,0,0,41
1394559746,10,0,10,9964,15,0,0,0,36
1394559806,10,0,10,9959,20,0,0,0,41
1394559866,10,0,5,9969,15,0,0,0,31
1394559926,15,0,10,9954,20,0,0,0,46
1394559986,10,0,15,9954,20,0,0,0,46
1394560046,15,0,5,9955,20,0,5,5,45
1394560106,10,0,10,9964,15,0,0,0,36
1394560166,15,0,10,9960,15,0,0,0,40
1394560226,10,0,10,9969,10,0,0,0,31
1394560287,10,0,10,9964,15,0,0,0,36
1394560347,10,0,10,9964,15,0,0,0,36
1394560407,14,0,14,9950,19,0,0,0,50
1394560467,10,0,10,9964,15,0,0,0,36
1394560527,10,0,10,9964,15,0,0,0,36
1394560587,10,0,10,9964,15,0,0,0,36
1394560647,10,0,5,9969,15,0,0,0,31
1394560707,10,0,15,9960,15,0,0,0,40
1394560767,15,0,10,9960,15,0,0,0,40
1394560827,10,0,10,9964,15,0,0,0,36
1394560887,15,0,10,9960,15,0,0,0,40
1394560947,15,0,10,9960,15,0,0,0,40
1394561007,14,0,14,9955,14,0,0,0,45
1394561067,15,0,10,9965,10,0,0,0,35
1394561127,5,0,15,9964,15,0,0,0,36
1394561187,5,0,10,9964,20,0,0,0,36
1394561247,10,0,10,9959,15,0,5,5,41
1394561307,10,0,10,9960,20,0,0,0,40
1394561367,15,0,10,9959,15,0,0,0,41
1394561427,10,0,10,9959,20,0,0,0,41
1394561487,15,0,5,9964,15,0,0,0,36
1394561547,10,0,15,9950,25,0,0,0,50
1394561607,10,0,15,9959,15,0,0,0,41
1394561667,10,0,10,9964,15,0,0,0,36
1394561727,10,0,15,9955,20,0,0,0,45
1394561787,10,0,10,9964,15,0,0,0,36
1394561847,15,0,10,9959,15,0,0,0,41
1394561907,10,0,10,9964,15,0,0,0,36
1394561967,10,0,10,9959,20,0,0,0,41
1394562027,10,0,15,9950,25,0,0,0,50
1394562087,15,0,5,9959,20,0,0,0,41
1394562147,10,0,10,9959,20,0,0,0,41
1394562207,15,0,10,9954,20,0,0,0,46
1394562267,15,0,10,9959,15,0,0,0,41
1394562327,15,0,10,9955,20,0,0,0,45
1394562387,10,0,10,9969,10,0,0,0,31
1394562447,10,0,10,9959,20,0,0,0,41
1394562507,5,0,10,9964,15,0,5,5,36
1394562567,10,0,10,9954,25,0,0,0,46
1394562627,15,0,10,9959,15,0,0,0,41
1394562687,10,0,10,9954,25,0,0,0,46
1394562747,10,0,10,9954,25,0,0,0,46
1394562807,10,0,5,9964,20,0,0,0,36
1394562867,10,0,10,9964,15,0,0,0,36
1394562927,15,0,10,9950,25,0,0,0,50
1394562987,10,0,10,9955,25,0,0,0,45
1394563047,10,0,10,9949,25,0,5,5,51
1394563107,15,0,10,9954,20,0,0,0,46
1394563167,10,0,15,9949,25,0,0,0,51
1394563227,10,0,10,9954,25,0,0,0,46
1394563287,10,0,10,9954,25,0,0,0,46
1394563347,15,0,10,9949,25,0,0,0,51
1394563407,5,0,10,9959,25,0,0,0,41
1394563467,10,0,10,9959,20,0,0,0,41
1394563527,10,0,10,9959,20,0,0,0,41
1394563587,10,0,10,9959,20,0,0,0,41
1394563647,10,0,15,9950,25,0,0,0,50
1394563707,10,0,10,9954,25,0,0,0,46
1394563767,15,0,10,9960,15,0,0,0,40
1394563827,15,0,10,9959,15,0,0,0,41
1394563887,10,0,5,9969,15,0,0,0,31
1394563947,10,0,15,9959,10,0,5,5,41
1394564007,10,0,15,9960,15,0,0,0,40
1394564067,10,0,10,9964,15,0,0,0,36
1394564127,15,0,10,9964,10,0,0,0,36
1394564187,10,0,10,9964,15,0,0,0,36
1394564247,10,0,15,9959,15,0,0,0,41
1394564307,10,0,15,9955,20,0,0,0,45
1394564367,15,0,15,9950,20,0,0,0,50
1394564427,10,0,5,9959,25,0,0,0,41
1394564487,15,0,10,9950,25,0,0,0,50
1394564547,10,0,10,9964,15,0,0,0,36
1394564607,10,0,10,9964,15,0,0,0,36
1394564667,10,0,10,9964,15,0,0,0,36
1394564727,10,0,10,9954,25,0,0,0,46
1394564787,10,0,10,9964,15,0,0,0,36
1394564847,15,0,10,9954,15,0,5,5,46
1394564907,10,0,5,9969,15,0,0,0,31
1394564967,10,0,10,9964,15,0,0,0,36
1394565027,10,0,10,9974,5,0,0,0,26
1394565087,15,0,10,9960,15,0,0,0,40
1394565147,10,0,10,9964,15,0,0,0,36
1394565207,10,0,10,9959,20,0,0,0,41
1394565267,10,0,10,9964,15,0,0,0,36
1394565327,10,0,5,9969,15,0,0,0,31
1394565387,15,0,10,9959,15,0,0,0,41
1394565448,10,0,10,9959,20,0,0,0,41
1394565508,10,0,15,9954,20,0,0,0,46
1394565568,10,0,10,9964,15,0,0,0,36
1394565628,10,0,10,9959,20,0,0,0,41
1394565688,10,0,15,9954,20,0,0,0,46
1394565748,5,0,10,9964,20,0,0,0,36
1394565808,15,0,10,9954,20,0,0,0,46
1394565868,10,0,15,9954,20,0,0,0,46
1394565928,10,0,15,9950,25,0,0,0,50
1394565988,10,0,10,9959,20,0,0,0,41
1394566048,10,0,10,9959,20,0,0,0,41
1394566108,10,0,10,9954,25,0,0,0,46
1394566168,10,0,10,9964,15,0,0,0,36
1394566228,5,0,10,9954,30,0,0,0,46
1394566288,9,0,14,9950,19,0,4,4,50
1394566348,5,0,10,9964,20,0,0,0,36
1394566408,10,0,10,9959,20,0,0,0,41
1394566468,10,0,15,9945,30,0,0,0,55
1394566528,5,0,10,9964,20,0,0,0,36
1394566588,15,0,10,9949,25,0,0,0,51
1394566648,10,0,10,9954,25,0,0,0,46
1394566708,10,0,10,9954,25,0,0,0,46
1394566768,10,0,15,9959,15,0,0,0,41
1394566828,15,0,10,9955,20,0,0,0,45
1394566888,10,0,15,9959,15,0,0,0,41
1394566948,15,0,10,9959,15,0,0,0,41
1394567008,10,0,10,9964,15,0,0,0,36
1394567068,10,0,10,9964,15,0,0,0,36
1394567128,10,0,10,9959,20,0,0,0,41
1394567188,10,0,10,9959,20,0,0,0,41
1394567248,10,0,10,9964,15,0,0,0,36
1394567308,10,0,15,9954,20,0,0,0,46
1394567368,10,0,10,9964,15,0,0,0,36
1394567428,15,0,10,9944,30,0,0,0,56
1394567488,10,0,15,9959,15,0,0,0,41
1394567548,15,0,10,9954,20,0,0,0,46
1394567608,10,0,10,9959,20,0,0,0,41
1394567668,5,0,10,9969,15,0,0,0,31
1394567728,10,0,5,9964,20,0,0,0,36
1394567788,10,0,15,9959,15,0,0,0,41
1394567848,10,0,10,9959,20,0,0,0,41
1394567908,10,0,10,9964,15,0,0,0,36
1394567968,10,0,10,9959,20,0,0,0,41
1394568028,10,0,15,9959,15,0,0,0,41
1394568088,15,0,10,9955,20,0,0,0,45
1394568148,15,0,10,9955,20,0,0,0,45
1394568208,10,0,10,9959,20,0,0,0,41
1394568268,15,0,10,9960,15,0,0,0,40
1394568328,10,0,5,9964,20,0,0,0,36
1394568388,10,0,15,9950,25,0,0,0,50
1394568448,10,0,10,9959,20,0,0,0,41
1394568508,10,0,10,9959,20,0,0,0,41
1394568568,10,0,10,9964,15,0,0,0,36
1394568628,15,0,5,9969,10,0,0,0,31
1394568688,10,0,10,9964,15,0,0,0,36
1394568748,10,0,15,9955,20,0,0,0,45
1394568808,10,0,10,9959,20,0,0,0,41
1394568868,10,0,10,9959,20,0,0,0,41
1394568928,10,0,10,9959,20,0,0,0,41
1394568988,10,0,10,9959,20,0,0,0,41
1394569048,15,0,10,9949,25,0,0,0,51
1394569108,10,0,10,9959,20,0,0,0,41
1394569168,15,0,10,9954,20,0,0,0,46
1394569228,10,0,15,9949,25,0,0,0,51
1394569288,5,0,15,9954,25,0,0,0,46
1394569348,15,0,10,9950,25,0,0,0,50
1394569408,10,0,10,9959,20,0,0,0,41
1394569468,15,0,10,9954,20,0,0,0,46
1394569528,10,0,10,9959,20,0,0,0,41
1394569588,10,0,15,9954,20,0,0,0,46
1394569648,10,0,10,9954,25,0,0,0,46
1394569708,10,0,15,9950,25,0,0,0,50
1394569768,10,0,10,9954,25,0,0,0,46
1394569828,10,0,10,9959,20,0,0,0,41
1394569888,10,0,15,9950,25,0,0,0,50
1394569948,5,0,10,9959,25,0,0,0,41
1394570008,15,0,10,9955,20,0,0,0,45
1394570068,10,0,10,9964,15,0,0,0,36
1394570128,10,0,15,9955,20,0,0,0,45
1394570188,10,0,10,9954,25,0,0,0,46
1394570248,15,0,10,9949,25,0,0,0,51
1394570308,15,0,10,9950,25,0,0,0,50
1394570368,10,0,10,9954,25,0,0,0,46
1394570428,10,0,15,9959,15,0,0,0,41
1394570488,10,0,10,9959,20,0,0,0,41
1394570549,10,0,10,9964,15,0,0,0,36
1394570609,14,0,14,9950,19,0,0,0,50
1394570669,10,0,10,9964,15,0,0,0,36
1394570729,10,0,10,9964,15,0,0,0,36
1394570789,15,0,10,9954,20,0,0,0,46
1394570849,10,0,15,9955,20,0,0,0,45
1394570909,10,0,10,9964,15,0,0,0,36
1394570969,15,0,10,9960,15,0,0,0,40
1394571029,10,0,10,9964,15,0,0,0,36
1394571089,15,0,10,9975,0,0,0,0,25
1394571149,10,0,15,9955,20,0,0,0,45
1394571209,15,0,10,9960,15,0,0,0,40
1394571269,10,0,10,9964,15,0,0,0,36
1394571329,10,0,10,9959,20,0,0,0,41
1394571389,10,0,15,9955,20,0,0,0,45
1394571449,10,0,10,9959,20,0,0,0,41
1394571509,10,0,10,9964,15,0,0,0,36
1394571569,5,0,15,9959,20,0,0,0,41
1394571629,10,0,10,9964,15,0,0,0,36
1394571689,9,0,14,9945,24,0,4,4,55
1394571749,15,0,10,9959,15,0,0,0,41
1394571809,10,0,15,9955,20,0,0,0,45
1394571869,10,0,10,9964,15,0,0,0,36
1394571929,10,0,10,9964,15,0,0,0,36
1394571989,10,0,10,9964,15,0,0,0,36
1394572049,10,0,15,9954,20,0,0,0,46
1394572109,10,0,15,9955,20,0,0,0,45
1394572169,10,0,15,9959,15,0,0,0,41
1394572229,10,0,10,9959,20,0,0,0,41
1394572289,10,0,10,9964,15,0,0,0,36
1394572349,10,0,5,9964,20,0,0,0,36
1394572409,10,0,10,9959,20,0,0,0,41
1394572469,10,0,10,9954,25,0,0,0,46
1394572529,15,0,10,9949,25,0,0,0,51
1394572589,10,0,15,9949,25,0,0,0,51
1394572649,10,0,10,9949,30,0,0,0,51
1394572709,15,0,10,9949,25,0,0,0,51
1394572769,10,0,10,9959,15,0,5,5,41
1394572829,10,0,15,9950,25,0,0,0,50
1394572889,10,0,10,9969,10,0,0,0,31
1394572949,10,0,10,9954,25,0,0,0,46
1394573009,10,0,15,9959,15,0,0,0,41
1394573069,10,0,15,9954,20,0,0,0,46
1394573129,15,0,15,9950,20,0,0,0,50
1394573189,10,0,10,9959,20,0,0,0,41
1394573249,10,0,10,9964,15,0,0,0,36
1394573309,15,0,10,9950,25,0,0,0,50
1394573369,15,0,10,9949,25,0,0,0,51
1394573429,10,0,15,9954,20,0,0,0,46
1394573489,10,0,10,9959,20,0,0,0,41
1394573549,15,0,10,9954,20,0,0,0,46
1394573609,10,0,10,9954,20,0,5,5,46
1394573669,10,0,10,9954,25,0,0,0,46
1394573729,15,0,10,9954,20,0,0,0,46
1394573789,15,0,15,9949,20,0,0,0,51
1394573849,14,0,14,9955,14,0,0,0,45
1394573909,10,0,10,9964,15,0,0,0,36
1394573969,15,0,15,9950,20,0,0,0,50
1394574029,15,0,10,9955,20,0,0,0,45
1394574089,15,0,10,9955,20,0,0,0,45
1394574149,10,0,10,9959,20,0,0,0,41
1394574209,10,0,10,9959,20,0,0,0,41
1394574269,15,0,10,9955,20,0,0,0,45
1394574329,10,0,10,9959,20,0,0,0,41
1394574389,10,0,15,9959,15,0,0,0,41
1394574449,10,0,15,9959,15,0,0,0,41
1394574509,15,0,10,9960,15,0,0,0,40
1394574569,10,0,10,9959,20,0,0,0,41
1394574629,10,0,10,9964,15,0,0,0,36
1394574689,10,0,10,9959,15,0,5,5,41
1394574749,15,0,10,9955,20,0,0,0,45
1394574809,5,0,15,9959,20,0,0,0,41
1394574869,10,0,10,9964,15,0,0,0,36
1394574929,5,0,15,9954,25,0,0,0,46
1394574989,5,0,15,9954,25,0,0,0,46
1394575049,10,0,10,9964,15,0,0,0,36
1394575109,15,0,5,9954,25,0,0,0,46
1394575169,5,0,15,9959,20,0,0,0,41
1394575229,10,0,10,9969,10,0,0,0,31
1394575289,15,0,10,9960,15,0,0,0,40
1394575349,10,0,10,9964,15,0,0,0,36
1394575409,5,0,10,9964,20,0,0,0,36
1394575469,10,0,10,9964,15,0,0,0,36
1394575529,15,0,10,9955,20,0,0,0,45
1394575589,10,0,10,9959,20,0,0,0,41
1394575649,10,0,5,9969,15,0,0,0,31
1394575709,10,0,10,9959,20,0,0,0,41
1394575769,10,0,10,9954,25,0,0,0,46
1394575830,14,0,14,9945,24,0,0,0,55
1394575890,10,0,10,9954,25,0,0,0,46
1394575950,10,0,5,9949,35,0,0,0,51
1394576010,15,0,10,9954,20,0,0,0,46
1394576070,10,0,15,9949,25,0,0,0,51
1394576130,5,0,10,9954,30,0,0,0,46
1394576190,10,0,10,9949,25,0,5,5,51
1394576250,10,0,10,9954,25,0,0,0,46
1394576310,10,0,10,9979,0,0,0,0,21
1394576370,10,0,10,9964,15,0,0,0,36
1394576430,10,0,15,9954,20,0,0,0,46
1394576490,15,0,10,9960,15,0,0,0,40
1394576550,15,0,10,9950,25,0,0,0,50
1394576610,15,0,10,9950,25,0,0,0,50
1394576670,10,0,10,9954,20,0,5,5,46
1394576730,10,0,10,9959,20,0,0,0,41
1394576790,10,0,15,9949,25,0,0,0,51
1394576850,10,0,15,9944,30,0,0,0,56
1394576910,10,0,10,9954,25,0,0,0,46
1394576970,10,0,15,9950,25,0,0,0,50
1394577030,5,0,15,9959,20,0,0,0,41
1394577090,10,0,10,9954,25,0,0,0,46
1394577150,10,0,10,9954,25,0,0,0,46
1394577210,15,0,10,9950,25,0,0,0,50
1394577270,10,0,10,9959,20,0,0,0,41
1394577330,10,0,15,9960,15,0,0,0,40
1394577390,10,0,10,9954,25,0,0,0,46
1394577450,15,0,10,9975,0,0,0,0,25
1394577510,10,0,15,9959,15,0,0,0,41
1394577570,10,0,10,9959,20,0,0,0,41
1394577630,15,0,10,9959,15,0,0,0,41
1394577690,15,0,5,9959,20,0,0,0,41
1394577750,15,0,10,9959,15,0,0,0,41
1394577810,10,0,10,9959,20,0,0,0,41
1394577870,15,0,10,9954,20,0,0,0,46
1394577930,10,0,15,9959,15,0,0,0,41
1394577990,5,0,15,9960,15,0,5,5,40
1394578050,10,0,10,9964,15,0,0,0,36
1394578110,10,0,10,9964,15,0,0,0,36
1394578170,10,0,10,9964,15,0,0,0,36
1394578230,15,0,15,9950,20,0,0,0,50
1394578290,10,0,5,9969,15,0,0,0,31
1394578350,10,0,10,9954,25,0,0,0,46
1394578410,10,0,15,9954,20,0,0,0,46
1394578470,10,0,10,9959,20,0,0,0,41
1394578530,10,0,10,9959,20,0,0,0,41
1394578590,5,0,15,9979,0,0,0,0,21
1394578650,10,0,10,9964,15,0,0,0,36
1394578710,10,0,10,9954,20,0,5,5,46
1394578770,10,0,10,9955,25,0,0,0,45
1394578830,15,0,10,9950,25,0,0,0,50
1394578890,10,0,10,9959,20,0,0,0,41
1394578950,10,0,10,9964,15,0,0,0,36
1394579010,10,0,10,9959,20,0,0,0,41
1394579070,15,0,10,9954,20,0,0,0,46
1394579130,10,0,10,9954,20,0,5,5,46
1394579190,14,0,14,9950,19,0,0,0,50
1394579250,10,0,10,9954,25,0,0,0,46
1394579310,10,0,10,9959,20,0,0,0,41
1394579370,10,0,10,9959,20,0,0,0,41
1394579430,15,0,10,9949,25,0,0,0,51
1394579490,15,0,10,9954,20,0,0,0,46
1394579550,10,0,15,9954,20,0,0,0,46
1394579610,10,0,10,9954,25,0,0,0,46
1394579670,5,0,15,9954,25,0,0,0,46
1394579730,10,0,10,9959,20,0,0,0,41
1394579790,10,0,15,9950,25,0,0,0,50
1394579850,10,0,10,9959,20,0,0,0,41
1394579910,14,0,14,9940,29,0,0,0,60
1394579970,10,0,10,9954,25,0,0,0,46
1394580030,15,0,10,9949,25,0,0,0,51
1394580090,15,0,10,9950,25,0,0,0,50
1394580150,10,0,15,9950,25,0,0,0,50
1394580210,10,0,10,9959,20,0,0,0,41
1394580270,10,0,10,9959,20,0,0,0,41
1394580330,10,0,10,9959,20,0,0,0,41
1394580390,10,0,10,9959,20,0,0,0,41
1394580450,10,0,10,9960,20,0,0,0,40
1394580510,10,0,5,9969,15,0,0,0,31
1394580571,10,0,15,9959,15,0,0,0,41
1394580631,10,0,15,9954,20,0,0,0,46
1394580691,15,0,10,9959,15,0,0,0,41
1394580751,15,0,10,9954,20,0,0,0,46
1394580811,15,0,10,9955,20,0,0,0,45
1394580871,15,0,10,9955,20,0,0,0,45
1394580931,10,0,10,9959,20,0,0,0,41
1394580991,10,0,15,9959,15,0,0,0,41
1394581051,10,0,10,9964,15,0,0,0,36
1394581111,10,0,15,9959,15,0,0,0,41
1394581171,10,0,10,9964,15,0,0,0,36
1394581231,10,0,10,9959,20,0,0,0,41
1394581291,10,0,10,9964,15,0,0,0,36
1394581351,10,0,10,9959,15,0,5,5,41
1394581411,10,0,15,9954,20,0,0,0,46
1394581471,5,0,15,9964,15,0,0,0,36
1394581531,10,0,10,9979,0,0,0,0,21
1394581591,10,0,10,9959,20,0,0,0,41
1394581651,10,0,15,9959,15,0,0,0,41
1394581711,10,0,10,9959,20,0,0,0,41
1394581771,10,0,10,9964,15,0,0,0,36
1394581831,10,0,15,9959,15,0,0,0,41
1394581891,10,0,15,9959,15,0,0,0,41
1394581951,10,0,10,9949,30,0,0,0,51
1394582011,15,0,10,9949,25,0,0,0,51
1394582071,10,0,15,9955,20,0,0,0,45
1394582131,10,0,10,9959,20,0,0,0,41
1394582191,15,0,10,9960,15,0,0,0,40
1394582251,10,0,15,9954,15,0,5,5,46
1394582311,5,0,15,9954,25,0,0,0,46
1394582371,15,0,10,9949,25,0,0,0,51
1394582431,10,0,15,9949,25,0,0,0,51
1394582491,10,0,15,9954,20,0,0,0,46
1394582551,10,0,10,9959,20,0,0,0,41
1394582611,10,0,10,9954,25,0,0,0,46
1394582671,10,0,10,9954,25,0,0,0,46
1394582731,15,0,10,9959,15,0,0,0,41
1394582791,5,0,15,9954,25,0,0,0,46
1394582851,15,0,10,9954,20,0,0,0,46
1394582911,10,0,15,9950,25,0,0,0,50
1394582971,10,0,5,9969,15,0,0,0,31
1394583031,15,0,5,9959,20,0,0,0,41
1394583091,15,0,10,9955,20,0,0,0,45
1394583151,10,0,15,9950,25,0,0,0,50
1394583211,15,0,5,9959,20,0,0,0,41
1394583271,15,0,10,9950,25,0,0,0,50
1394583331,10,0,10,9954,25,0,0,0,46
1394583391,10,0,15,9949,25,0,0,0,51
1394583451,10,0,15,9950,20,0,5,5,50
1394583511,15,0,10,9950,25,0,0,0,50
1394583571,10,0,10,9954,25,0,0,0,46
1394583631,15,0,10,9960,15,0,0,0,40
1394583691,10,0,15,9959,15,0,0,0,41
1394583751,10,0,15,9959,15,0,0,0,41
1394583811,10,0,10,9964,15,0,0,0,36
1394583871,5,0,5,9974,15,0,0,0,26
1394583931,10,0,10,9969,10,0,0,0,31
1394583991,5,0,15,9959,20,0,0,0,41
1394584051,10,0,10,9959,20,0,0,0,41
1394584111,10,0,5,9964,15,0,5,5,36
1394584171,10,0,10,9955,25,0,0,0,45
1394584231,10,0,10,9959,20,0,0,0,41
1394584291,5,0,15,9959,20,0,0,0,41
1394584351,15,0,10,9954,20,0,0,0,46
1394584411,10,0,10,9964,15,0,0,0,36
1394584471,10,0,10,9954,20,0,5,5,46
1394584531,10,0,10,9959,20,0,0,0,41
1394584591,10,0,10,9959,20,0,0,0,41
1394584651,10,0,15,9975,0,0,0,0,25
1394584711,10,0,15,9955,20,0,0,0,45
1394584771,10,0,10,9964,15,0,0,0,36
1394584831,10,0,15,9955,20,0,0,0,45
1394584891,10,0,15,9955,20,0,0,0,45
1394584951,10,0,10,9959,20,0,0,0,41
1394585011,10,0,10,9959,20,0,0,0,41
1394585071,10,0,10,9964,15,0,0,0,36
1394585131,10,0,10,9959,20,0,0,0,41
1394585191,15,0,10,9954,20,0,0,0,46
1394585251,10,0,10,9959,20,0,0,0,41
1394585311,15,0,10,9949,25,0,0,0,51
1394585371,10,0,15,9945,30,0,0,0,55
1394585431,15,0,10,9954,20,0,0,0,46
1394585492,14,0,9,9945,24,0,4,4,55
1394585552,15,0,15,9944,25,0,0,0,56
1394585612,10,0,10,9954,25,0,0,0,46
1394585672,10,0,10,9949,30,0,0,0,51
1394585732,10,0,10,9954,25,0,0,0,46
1394585792,15,0,15,9945,25,0,0,0,55
1394585852,10,0,10,9959,20,0,0,0,41
1394585912,10,0,10,9954,25,0,0,0,46
1394585972,10,0,10,9959,20,0,0,0,41
1394586032,15,0,15,9945,25,0,0,0,55
1394586092,10,0,10,9954,25,0,0,0,46
1394586152,15,0,10,9954,20,0,0,0,46
1394586212,10,0,15,9959,15,0,0,0,41
1394586272,15,0,10,9955,20,0,0,0,45
1394586332,5,0,15,9954,25,0,0,0,46
1394586392,15,0,10,9945,30,0,0,0,55
1394586452,5,0,15,9959,20,0,0,0,41
1394586512,10,0,15,9954,20,0,0,0,46
1394586572,10,0,10,9959,20,0,0,0,41
1394586632,15,0,10,9954,20,0,0,0,46
1394586692,10,0,10,9954,25,0,0,0,46
1394586752,10,0,15,9959,15,0,0,0,41
1394586812,15,0,10,9954,20,0,0,0,46
1394586872,65,0,20,9884,25,0,5,5,116
1394586932,105,0,35,9828,25,0,5,5,172
1394586992,80,5,35,9854,25,0,0,0,146
1394587052,50,0,45,9884,15,0,5,5,116
1394587112,15,0,15,9954,15,0,0,0,46
1394587172,298,65,212,9326,70,0,25,25,674
1394587232,126,5,45,9788,25,0,10,10,212
1394587292,15,0,10,9954,20,0,0,0,46
1394587352,15,0,10,9955,20,0,0,0,45
1394587412,10,0,10,9959,20,0,0,0,41
1394587472,10,0,15,9954,20,0,0,0,46
1394587532,15,0,15,9950,20,0,0,0,50
1394587592,10,0,10,9959,20,0,0,0,41
1394587652,10,0,10,9955,25,0,0,0,45
1394587712,10,0,15,9944,30,0,0,0,56
1394587772,15,0,10,9954,20,0,0,0,46
1394587832,10,0,10,9959,20,0,0,0,41
1394587892,10,0,10,9959,20,0,0,0,41
1394587952,10,0,15,9959,15,0,0,0,41
1394588012,10,0,10,9959,20,0,0,0,41
1394588072,15,0,10,9964,10,0,0,0,36
1394588132,15,0,10,9954,20,0,0,0,46
1394588192,10,0,10,9949,30,0,0,0,51
1394588252,15,0,15,9949,20,0,0,0,51
1394588312,15,0,10,9949,25,0,0,0,51
1394588372,10,0,15,9954,20,0,0,0,46
1394588432,15,0,10,9954,20,0,0,0,46
1394588492,10,0,10,9964,15,0,0,0,36
1394588552,10,0,15,9954,20,0,0,0,46
1394588612,15,0,10,9949,25,0,0,0,51
1394588672,15,0,10,9954,20,0,0,0,46
1394588732,10,0,15,9959,15,0,0,0,41
1394588792,20,0,10,9950,20,0,0,0,50
1394588852,10,0,20,9955,15,0,0,0,45
1394588912,15,0,10,9949,25,0,0,0,51
1394588972,15,0,10,9944,30,0,0,0,56
1394589032,15,0,15,9954,15,0,0,0,46
1394589092,15,0,15,9945,25,0,0,0,55
1394589152,19,0,9,9945,19,0,4,4,55
1394589212,15,0,5,9974,5,0,0,0,26
1394589272,10,0,10,9959,20,0,0,0,41
1394589332,10,0,10,9959,20,0,0,0,41
1394589392,10,0,15,9954,20,0,0,0,46
1394589452,10,0,15,9959,15,0,0,0,41
1394589512,15,0,15,9944,25,0,0,0,56
1394589572,15,0,15,9954,15,0,0,0,46
1394589632,15,0,10,9944,30,0,0,0,56
1394589692,10,0,15,9930,45,0,0,0,70
1394589752,10,0,15,9954,20,0,0,0,46
1394589812,10,0,15,9954,20,0,0,0,46
1394589872,10,0,15,9949,25,0,0,0,51
1394589932,15,0,10,9945,25,0,5,5,55
1394589992,10,0,15,9974,0,0,0,0,26
1394590052,10,0,10,9964,15,0,0,0,36
1394590112,15,0,10,9939,35,0,0,0,61
1394590172,10,0,10,9959,20,0,0,0,41
1394590232,15,0,10,9949,25,0,0,0,51
1394590292,15,0,15,9945,25,0,0,0,55
1394590352,10,0,15,9945,25,0,5,5,55
1394590412,10,0,10,9954,25,0,0,0,46
1394590472,15,0,10,9944,30,0,0,0,56
1394590533,10,0,10,9964,15,0,0,0,36
1394590593,15,0,10,9954,20,0,0,0,46
1394590653,15,0,10,9955,20,0,0,0,45
1394590713,15,0,10,9954,20,0,0,0,46
1394590773,10,0,15,9955,20,0,0,0,45
1394590833,15,0,10,9944,30,0,0,0,56
1394590893,10,0,15,9954,20,0,0,0,46
1394590953,10,0,10,9959,20,0,0,0,41
1394591013,5,0,10,9964,20,0,0,0,36
1394591073,15,0,10,9955,20,0,0,0,45
1394591133,10,0,10,9959,20,0,0,0,41
1394591193,10,0,10,9959,20,0,0,0,41
1394591253,5,0,10,9964,20,0,0,0,36
1394591313,15,0,10,9954,20,0,0,0,46
1394591373,10,0,15,9955,20,0,0,0,45
1394591433,5,0,15,9959,20,0,0,0,41
1394591493,10,0,10,9959,20,0,0,0,41
1394591553,10,0,15,9950,25,0,0,0,50
1394591613,10,0,15,9954,20,0,0,0,46
1394591673,10,0,10,9964,15,0,0,0,36
1394591733,10,0,10,9954,25,0,0,0,46
1394591793,9,0,14,9945,24,0,4,4,55
1394591853,5,0,15,9964,15,0,0,0,36
1394591913,10,0,10,9954,25,0,0,0,46
1394591973,15,0,5,9959,20,0,0,0,41
1394592033,10,0,15,9945,30,0,0,0,55
1394592093,10,0,10,9979,0,0,0,0,21
1394592153,10,0,10,9969,10,0,0,0,31
1394592213,10,0,10,9964,15,0,0,0,36
1394592273,15,0,15,9955,15,0,0,0,45
1394592333,10,0,10,9954,25,0,0,0,46
1394592393,10,0,15,9944,30,0,0,0,56
1394592453,5,0,15,9969,10,0,0,0,31
1394592513,10,0,10,9954,25,0,0,0,46
1394592573,10,0,15,9945,30,0,0,0,55
1394592633,10,0,10,9959,20,0,0,0,41
1394592693,15,0,10,9949,20,0,5,5,51
1394592753,15,0,10,9954,20,0,0,0,46
1394592813,10,0,10,9954,25,0,0,0,46
1394592873,10,0,10,9949,30,0,0,0,51
1394592933,10,0,10,9950,30,0,0,0,50
1394592993,15,0,10,9949,25,0,0,0,51
1394593053,10,0,10,9959,20,0,0,0,41
1394593113,15,0,10,9950,25,0,0,0,50
1394593173,10,0,10,9949,30,0,0,0,51
1394593233,15,0,10,9949,25,0,0,0,51
1394593293,5,0,10,9959,25,0,0,0,41
1394593353,15,0,10,9945,30,0,0,0,55
1394593413,10,0,15,9949,25,0,0,0,51
1394593473,20,0,5,9949,25,0,0,0,51
1394593533,10,0,15,9949,25,0,0,0,51
1394593593,10,0,15,9949,25,0,0,0,51
1394593653,10,0,10,9954,25,0,0,0,46
1394593713,10,0,10,9954,25,0,0,0,46
1394593773,15,0,10,9950,25,0,0,0,50
1394593833,10,0,15,9954,20,0,0,0,46
1394593893,10,0,10,9959,20,0,0,0,41
1394593953,15,0,10,9950,25,0,0,0,50
1394594013,10,0,10,9954,25,0,0,0,46
1394594073,15,0,15,9954,15,0,0,0,46
1394594133,10,0,15,9959,15,0,0,0,41
1394594193,15,0,10,9954,20,0,0,0,46
1394594253,15,0,10,9954,20,0,0,0,46
1394594313,10,0,10,9959,20,0,0,0,41
1394594373,10,0,10,9959,20,0,0,0,41
1394594433,10,0,10,9959,20,0,0,0,41
1394594493,10,0,10,9959,20,0,0,0,41
1394594553,10,0,10,9964,15,0,0,0,36
1394594613,10,0,10,9959,20,0,0,0,41
1394594673,15,0,10,9954,20,0,0,0,46
1394594733,10,0,10,9964,15,0,0,0,36
1394594793,15,0,10,9954,20,0,0,0,46
1394594853,10,0,10,9959,20,0,0,0,41
1394594913,15,0,5,9959,20,0,0,0,41
1394594973,10,0,15,9954,20,0,0,0,46
1394595033,10,0,15,9944,30,0,0,0,56
1394595093,10,0,10,9959,20,0,0,0,41
1394595153,10,0,15,9959,15,0,0,0,41
1394595213,10,0,15,9954,20,0,0,0,46
1394595273,10,0,10,9959,20,0,0,0,41
1394595333,10,0,5,9964,20,0,0,0,36
1394595393,10,0,10,9955,20,0,5,5,45
1394595453,10,0,10,9964,15,0,0,0,36
1394595513,10,0,10,9959,20,0,0,0,41
1394595573,10,0,10,9959,20,0,0,0,41
1394595633,5,0,15,9959,20,0,0,0,41
1394595693,10,0,10,9959,20,0,0,0,41
1394595753,10,0,10,9954,25,0,0,0,46
1394595814,14,0,9,9950,24,0,0,0,50
1394595874,10,0,10,9954,25,0,0,0,46
1394595934,10,0,10,9959,20,0,0,0,41
1394595994,10,0,15,9955,20,0,0,0,45
1394596054,10,0,10,9959,20,0,0,0,41
1394596114,10,0,15,9954,20,0,0,0,46
1394596174,15,0,10,9955,20,0,0,0,45
1394596234,15,0,10,9949,25,0,0,0,51
1394596294,10,0,10,9964,15,0,0,0,36
1394596354,10,0,10,9954,25,0,0,0,46
1394596414,5,0,10,9959,25,0,0,0,41
1394596474,10,0,10,9950,25,0,5,5,50
1394596534,10,0,10,9954,25,0,0,0,46
1394596594,10,0,10,9954,25,0,0,0,46
1394596654,10,0,10,9954,25,0,0,0,46
1394596714,15,0,10,9949,25,0,0,0,51
1394596774,10,0,10,9949,30,0,0,0,51
1394596834,10,0,10,9959,20,0,0,0,41
1394596894,10,0,15,9950,25,0,0,0,50
1394596954,10,0,10,9954,25,0,0,0,46
1394597014,10,0,10,9954,25,0,0,0,46
1394597074,10,0,10,9959,20,0,0,0,41
1394597134,5,0,15,9954,25,0,0,0,46
1394597194,10,0,10,9949,30,0,0,0,51
1394597254,15,0,15,9945,25,0,0,0,55
1394597314,10,0,10,9954,25,0,0,0,46
1394597374,10,0,10,9949,30,0,0,0,51
1394597434,10,0,15,9949,25,0,0,0,51
1394597494,10,0,10,9949,30,0,0,0,51
1394597554,5,0,15,9954,25,0,0,0,46
1394597614,9,0,14,9945,29,0,0,0,55
1394597674,15,0,10,9950,25,0,0,0,50
1394597734,10,0,15,9955,20,0,0,0,45
1394597794,15,0,10,9954,20,0,0,0,46
1394597854,15,0,10,9955,20,0,0,0,45
1394597914,10,0,10,9959,20,0,0,0,41
1394597974,10,0,10,9954,25,0,0,0,46
1394598034,15,0,10,9950,25,0,0,0,50
1394598094,10,0,15,9964,10,0,0,0,36
1394598154,10,0,15,9954,20,0,0,0,46
1394598214,10,0,10,9959,20,0,0,0,41
1394598274,10,0,10,9959,20,0,0,0,41
1394598334,15,0,10,9955,20,0,0,0,45
1394598394,10,0,10,9959,20,0,0,0,41
1394598454,10,0,10,9959,20,0,0,0,41
1394598514,10,0,15,9955,20,0,0,0,45
1394598574,10,0,10,9959,20,0,0,0,41
1394598634,10,0,10,9979,0,0,0,0,21
1394598694,5,0,10,9964,20,0,0,0,36
1394598754,15,0,10,9950,25,0,0,0,50
1394598814,5,0,15,9949,30,0,0,0,51
1394598874,10,0,15,9954,20,0,0,0,46
1394598934,10,0,10,9959,20,0,0,0,41
1394598994,10,0,15,9955,20,0,0,0,45
1394599054,10,0,10,9954,25,0,0,0,46
1394599114,5,0,10,9959,25,0,0,0,41
1394599174,5,0,10,9964,20,0,0,0,36
1394599234,10,0,10,9954,25,0,0,0,46
1394599294,10,0,10,9959,20,0,0,0,41
1394599354,10,0,10,9969,10,0,0,0,31
1394599414,10,0,15,9955,20,0,0,0,45
1394599474,10,0,15,9959,15,0,0,0,41
1394599534,10,0,10,9964,15,0,0,0,36
1394599594,10,0,10,9959,20,0,0,0,41
1394599654,10,0,10,9959,20,0,0,0,41
1394599714,15,0,10,9955,20,0,0,0,45
1394599774,10,0,15,9954,20,0,0,0,46
1394599834,10,0,10,9959,20,0,0,0,41
1394599894,10,0,10,9954,25,0,0,0,46
1394599954,5,0,15,9949,30,0,0,0,51
1394600014,5,0,10,9964,20,0,0,0,36
1394600074,10,0,15,9950,25,0,0,0,50
1394600134,10,0,10,9954,25,0,0,0,46
1394600194,10,0,15,9950,25,0,0,0,50
1394600254,10,0,15,9949,25,0,0,0,51
1394600314,10,0,10,9949,30,0,0,0,51
1394600374,10,0,10,9954,25,0,0,0,46
1394600434,10,0,10,9949,30,0,0,0,51
1394600494,5,0,10,9954,30,0,0,0,46
1394600554,5,0,10,9959,25,0,0,0,41
1394600614,5,0,10,9954,30,0,0,0,46
1394600674,15,0,15,9945,25,0,0,0,55
1394600734,10,0,5,9959,25,0,0,0,41
1394600794,5,0,10,9954,30,0,0,0,46
1394600855,10,0,10,9939,40,0,0,0,61
1394600915,10,0,15,9949,25,0,0,0,51
1394600975,10,0,10,9959,20,0,0,0,41
1394601035,10,0,10,9959,20,0,0,0,41
1394601095,10,0,10,9959,20,0,0,0,41
1394601155,5,0,15,9959,20,0,0,0,41
1394601215,5,0,10,9969,15,0,0,0,31
1394601275,10,0,10,9959,20,0,0,0,41
1394601335,10,0,15,9949,25,0,0,0,51
1394601395,10,0,10,9959,20,0,0,0,41
1394601455,10,0,15,9959,15,0,0,0,41
1394601515,10,0,15,9954,20,0,0,0,46
1394601575,15,0,10,9955,20,0,0,0,45
1394601635,10,0,15,9975,0,0,0,0,25
1394601695,10,0,10,9964,15,0,0,0,36
1394601755,10,0,10,9964,15,0,0,0,36
1394601815,10,0,10,9959,20,0,0,0,41
1394601875,10,0,10,9954,25,0,0,0,46
1394601935,10,0,15,9955,20,0,0,0,45
1394601995,10,0,10,9949,30,0,0,0,51
1394602055,10,0,10,9959,20,0,0,0,41
1394602115,10,0,10,9954,25,0,0,0,46
1394602175,10,0,15,9955,20,0,0,0,45
1394602235,10,0,15,9954,20,0,0,0,46
1394602295,15,0,10,9959,15,0,0,0,41
1394602355,10,0,15,9955,20,0,0,0,45
1394602415,10,0,10,9959,20,0,0,0,41
1394602475,10,0,10,9954,25,0,0,0,46
1394602535,15,0,10,9959,15,0,0,0,41
1394602595,5,0,10,9964,20,0,0,0,36
1394602655,5,0,10,9964,20,0,0,0,36
1394602715,10,0,15,9945,30,0,0,0,55
1394602775,10,0,10,9959,20,0,0,0,41
1394602835,15,0,10,9954,20,0,0,0,46
1394602895,10,0,10,9959,20,0,0,0,41
1394602955,10,0,10,9964,15,0,0,0,36
1394603015,10,0,15,9949,25,0,0,0,51
1394603075,5,0,10,9959,25,0,0,0,41
1394603135,10,0,15,9945,25,0,5,5,55
1394603195,10,0,10,9949,30,0,0,0,51
1394603255,10,0,10,9954,25,0,0,0,46
1394603315,10,0,10,9959,20,0,0,0,41
1394603375,10,0,10,9954,25,0,0,0,46
1394603435,5,0,15,9959,20,0,0,0,41
1394603495,15,0,10,9945,30,0,0,0,55
1394603555,10,0,15,9949,25,0,0,0,51
1394603615,5,0,10,9954,25,0,5,5,46
1394603675,10,0,15,9954,20,0,0,0,46
1394603735,10,0,10,9944,35,0,0,0,56
1394603795,10,0,10,9949,30,0,0,0,51
1394603855,15,0,10,9954,20,0,0,0,46
1394603915,10,0,15,9949,25,0,0,0,51
1394603975,5,0,10,9954,30,0,0,0,46
1394604035,15,0,10,9949,25,0,0,0,51
1394604095,10,0,10,9954,25,0,0,0,46
1394604155,10,0,10,9954,25,0,0,0,46
1394604215,5,0,15,9949,30,0,0,0,51
1394604275,10,0,10,9954,25,0,0,0,46
1394604335,10,0,10,9954,25,0,0,0,46
1394604395,5,0,10,9954,25,0,5,5,46
1394604455,15,0,5,9959,20,0,0,0,41
1394604515,10,0,15,9955,20,0,0,0,45
1394604575,15,0,10,9955,20,0,0,0,45
1394604635,10,0,15,9955,20,0,0,0,45
1394604695,10,0,10,9969,10,0,0,0,31
1394604755,10,0,5,9969,15,0,0,0,31
1394604815,10,0,10,9954,25,0,0,0,46
1394604875,10,0,10,9964,15,0,0,0,36
1394604935,10,0,10,9959,20,0,0,0,41
1394604995,10,0,10,9954,25,0,0,0,46
1394605055,10,0,15,9954,20,0,0,0,46
1394605115,10,0,10,9959,20,0,0,0,41
1394605175,10,0,10,9959,20,0,0,0,41
1394605235,10,0,5,9964,20,0,0,0,36
1394605295,10,0,10,9954,25,0,0,0,46
1394605355,15,0,10,9950,25,0,0,0,50
1394605415,10,0,10,9959,20,0,0,0,41
1394605475,10,0,10,9959,20,0,0,0,41
1394605535,15,0,10,9950,25,0,0,0,50
1394605595,10,0,10,9964,15,0,0,0,36
1394605655,15,0,5,9954,25,0,0,0,46
1394605715,14,0,14,9940,24,0,4,4,60
1394605775,10,0,10,9954,25,0,0,0,46
1394605835,10,0,10,9959,20,0,0,0,41
1394605895,10,0,10,9959,20,0,0,0,41
1394605955,10,0,10,9954,25,0,0,0,46
1394606015,10,0,15,9955,20,0,0,0,45
1394606075,10,0,15,9945,30,0,0,0,55
1394606135,10,0,10,9949,30,0,0,0,51
1394606195,10,0,5,9964,20,0,0,0,36
1394606255,10,0,10,9949,30,0,0,0,51
1394606315,10,0,15,9954,20,0,0,0,46
1394606375,10,0,15,9954,20,0,0,0,46
1394606436,10,0,10,9954,25,0,0,0,46
1394606496,10,0,10,9954,20,0,5,5,46
1394606556,10,0,10,9964,15,0,0,0,36
1394606616,10,0,10,9949,30,0,0,0,51
1394606676,10,0,15,9964,10,0,0,0,36
1394606736,15,0,10,9954,20,0,0,0,46
1394606796,10,0,15,9945,30,0,0,0,55
1394606856,10,0,10,9959,20,0,0,0,41
1394606916,10,0,15,9945,30,0,0,0,55
1394606976,10,0,10,9959,20,0,0,0,41
1394607036,10,0,10,9959,20,0,0,0,41
1394607096,10,0,10,9954,25,0,0,0,46
1394607156,10,0,10,9950,25,0,5,5,50
1394607216,10,0,10,9954,25,0,0,0,46
1394607276,10,0,10,9959,20,0,0,0,41
1394607336,10,0,15,9950,25,0,0,0,50
1394607396,10,0,10,9954,25,0,0,0,46
1394607456,10,0,15,9950,25,0,0,0,50
1394607516,15,0,10,9950,25,0,0,0,50
1394607576,5,0,15,9949,30,0,0,0,51
1394607636,5,0,10,9964,20,0,0,0,36
1394607696,10,0,10,9949,30,0,0,0,51
1394607756,10,0,10,9954,25,0,0,0,46
1394607816,10,0,10,9949,30,0,0,0,51
1394607876,10,0,10,9964,15,0,0,0,36
1394607936,10,0,10,9964,15,0,0,0,36
1394607996,5,0,10,9964,20,0,0,0,36
1394608056,5,0,10,9969,15,0,0,0,31
1394608116,10,0,10,9954,25,0,0,0,46
1394608176,10,0,10,9959,20,0,0,0,41
1394608236,15,0,10,9950,25,0,0,0,50
1394608296,10,0,10,9959,20,0,0,0,41
1394608356,10,0,10,9959,20,0,0,0,41
1394608416,10,0,15,9954,20,0,0,0,46
1394608476,5,0,15,9959,20,0,0,0,41
1394608536,15,0,10,9955,20,0,0,0,45
1394608596,10,0,10,9959,20,0,0,0,41
1394608656,10,0,10,9959,20,0,0,0,41
1394608716,5,0,10,9959,25,0,0,0,41
1394608776,9,0,14,9950,24,0,0,0,50
1394608836,10,0,10,9959,20,0,0,0,41
1394608896,10,0,15,9964,10,0,0,0,36
1394608956,10,0,10,9954,25,0,0,0,46
1394609016,10,0,10,9959,20,0,0,0,41
1394609076,10,0,10,9959,20,0,0,0,41
1394609136,15,0,15,9950,20,0,0,0,50
1394609196,10,0,15,9954,20,0,0,0,46
1394609256,10,0,10,9954,25,0,0,0,46
1394609316,10,0,15,9955,20,0,0,0,45
1394609376,10,0,10,9959,20,0,0,0,41
1394609436,10,0,10,9954,25,0,0,0,46
1394609496,10,0,15,9954,20,0,0,0,46
1394609556,10,0,10,9939,40,0,0,0,61
1394609616,10,0,10,9959,20,0,0,0,41
1394609676,10,0,10,9954,25,0,0,0,46
1394609736,10,0,10,9954,25,0,0,0,46
1394609796,10,0,10,9954,25,0,0,0,46
1394609856,15,0,10,9964,10,0,0,0,36
1394609916,15,0,10,9950,25,0,0,0,50
1394609976,10,0,10,9959,20,0,0,0,41
1394610036,10,0,10,9954,25,0,0,0,46
1394610096,10,0,15,9959,15,0,0,0,41
1394610156,10,0,10,9954,25,0,0,0,46
1394610216,10,0,10,9944,35,0,0,0,56
1394610276,5,0,15,9954,25,0,0,0,46
1394610336,15,0,5,9949,30,0,0,0,51
1394610396,15,0,10,9945,30,0,0,0,55
