1394519239,100,0,0,166557696,6348,0,0,0,9,0,2560,0,1,0,0
1394519299,100,0,0,2793002,106,0,0,0,1,0,102,0,0,0,0
1394519359,100,0,0,2808405,107,0,0,0,1,0,102,0,0,0,0
1394519419,100,0,0,2823808,107,0,0,0,2,0,102,0,0,0,0
1394519479,100,0,0,2839765,108,0,0,0,1,0,110,0,0,0,0
1394519539,100,0,0,2855168,108,0,0,0,1,0,102,0,0,0,0
1394519599,100,0,0,2871125,109,0,0,0,2,0,110,0,0,0,0
1394519659,100,0,0,2886536,109,0,0,0,1,0,110,0,0,0,0
1394519719,100,0,0,2901947,110,0,0,0,1,0,110,0,0,0,0
1394519779,100,0,0,2917913,111,0,0,0,1,0,119,0,0,0,0
1394519839,100,0,0,2933870,111,0,0,0,1,0,110,0,0,0,0
1394519899,100,0,0,2949273,112,0,0,0,1,0,102,0,0,0,0
1394519959,100,0,0,2964676,112,0,0,0,1,0,102,0,0,0,0
1394520019,100,0,0,2980078,113,0,0,0,1,0,102,0,0,0,0
1394520079,100,0,0,2997120,114,0,0,0,1,0,102,0,0,0,0
1394520139,100,0,0,3014169,114,0,0,0,1,0,110,0,0,0,0
1394520199,100,0,0,3029572,115,0,0,0,1,0,102,0,0,0,0
1394520259,100,0,0,3044983,115,0,0,0,1,0,110,0,0,0,0
1394520319,100,0,0,3062024,116,0,0,0,1,0,102,0,0,0,0
1394520379,100,0,0,3077444,117,0,0,0,1,0,119,0,0,0,0
1394520439,100,0,0,3092846,117,0,0,0,1,0,102,0,0,0,0
1394520499,100,0,0,3109888,118,0,0,0,1,0,102,0,0,0,0
1394520559,100,0,0,3125845,118,0,0,0,1,0,110,0,0,0,0
1394520619,100,0,0,3141248,119,0,0,0,2,0,102,0,0,0,0
1394520679,100,0,0,3156650,120,0,0,0,1,0,102,0,0,0,0
1394520739,100,0,0,3172608,120,0,0,0,1,0,110,0,0,0,0
1394520799,100,0,0,3188565,121,0,0,0,1,0,110,0,0,0,0
1394520859,100,0,0,3203968,121,0,0,0,1,0,102,0,0,0,0
1394520919,100,0,0,3219379,122,0,0,0,1,0,110,0,0,0,0
1394520979,100,0,0,3235353,123,0,0,0,1,0,128,0,0,0,0
1394521039,100,0,0,3250764,123,0,0,0,2,0,110,0,0,0,0
1394521099,100,0,0,3266722,124,0,0,0,1,0,110,0,0,0,0
1394521159,100,0,0,3282124,124,0,0,0,1,0,102,0,0,0,0
1394521219,100,0,0,3297536,125,0,0,0,1,0,110,0,0,0,0
1394521279,100,0,0,3312938,126,0,0,0,1,0,102,0,0,0,0
1394521339,100,0,0,3328896,126,0,0,0,1,0,110,0,0,0,0
1394521399,100,0,0,3344298,127,0,0,0,1,0,102,0,0,0,0
1394521459,100,0,0,3361339,127,0,0,0,1,0,102,0,0,0,0
1394521519,100,0,0,3376742,128,0,0,0,1,0,102,0,0,0,0
1394521579,100,0,0,3392162,128,0,0,0,1,0,76,0,0,0,0
1394521639,81,55705,3,3409203,129,3,0,0,17,3,102,0,0,0,0
1394521699,100,546,0,3424605,130,0,0,0,2,0,102,0,0,0,0
1394521759,100,0,0,3440017,130,0,0,0,1,0,153,0,0,0,0
1394521819,100,0,0,3458705,131,0,0,0,1,0,76,0,0,0,0
1394521879,100,0,0,3474116,132,0,0,0,2,0,110,0,0,0,0
1394521939,100,0,0,3489518,132,0,0,0,1,0,102,0,0,0,0
1394521999,100,0,0,3504930,133,0,0,0,1,0,102,0,0,0,0
1394522059,100,0,0,3520341,133,0,0,0,1,0,110,0,0,0,0
1394522119,100,0,0,3535744,134,0,0,0,1,0,145,0,0,0,0
1394522179,100,0,0,3551146,134,0,0,0,1,0,102,0,0,0,0
1394522239,100,0,0,3568187,135,0,0,0,2,0,59,0,0,0,0
1394522299,100,0,0,3583906,136,0,0,0,1,0,110,0,0,0,0
1394522359,100,0,0,3601493,136,0,0,0,1,0,452,0,0,0,0
1394522419,100,0,0,3617450,137,0,0,0,1,0,110,0,0,0,0
1394522479,100,0,0,3632853,137,0,0,0,1,0,102,0,0,0,0
1394522539,100,0,0,3648256,138,0,0,0,1,0,102,0,0,0,0
1394522599,100,0,0,3603607,136,0,0,0,1,0,109,0,0,0,0
1394522660,100,0,0,3679624,139,0,0,0,1,0,110,0,0,0,0
1394522720,100,0,0,3695035,140,0,0,0,1,0,110,0,0,0,0
1394522780,100,0,0,3710446,140,0,0,0,1,0,110,0,0,0,0
1394522840,100,0,0,3725849,141,0,0,0,1,0,102,0,0,0,0
1394522900,100,0,0,3742890,142,0,0,0,1,0,102,0,0,0,0
1394522960,100,0,0,3758293,142,0,0,0,1,0,102,0,0,0,0
1394523020,100,0,0,3774250,143,0,0,0,1,0,110,0,0,0,0
1394523080,100,0,0,3790199,143,0,0,0,1,0,102,0,0,0,0
1394523140,100,0,0,3807240,144,0,0,0,1,0,102,0,0,0,0
1394523200,100,0,0,3822643,145,0,0,0,2,0,102,0,0,0,0
1394523260,100,0,0,3838609,145,0,0,0,1,0,76,0,0,0,0
1394523320,100,0,0,3854011,146,0,0,0,1,0,102,0,0,0,0
1394523380,100,0,0,3873783,146,0,0,0,1,0,102,0,0,0,0
1394523440,100,0,0,3889186,147,0,0,0,1,0,110,0,0,0,0
1394523500,100,0,0,3904588,148,0,0,0,1,0,102,0,0,0,0
1394523560,100,0,0,3922542,148,0,0,0,1,0,503,0,0,0,0
1394523620,100,0,0,3939584,149,0,0,0,1,0,59,0,0,0,0
1394523680,100,0,0,3955541,149,0,0,0,1,0,110,0,0,0,0
1394523740,100,0,0,3970952,150,0,0,0,1,0,153,0,0,0,0
1394523800,100,0,0,3986355,151,0,0,0,2,0,102,0,0,0,0
1394523860,100,0,0,4002312,151,0,0,0,2,0,110,0,0,0,0
1394523920,100,0,0,4017715,152,0,0,0,1,0,102,0,0,0,0
1394523980,100,0,0,4033117,152,0,0,0,1,0,102,0,0,0,0
1394524040,100,0,0,4048529,153,0,0,0,1,0,110,0,0,0,0
1394524100,100,0,0,4063940,153,0,0,0,1,0,110,0,0,0,0
1394524160,100,0,0,4081527,154,0,0,0,1,0,102,0,0,0,0
1394524220,100,0,0,4096930,155,0,0,0,1,0,102,0,0,0,0
1394524280,100,0,0,4112341,155,0,0,0,1,0,110,0,0,0,0
1394524340,100,0,0,4127744,156,0,0,0,1,0,102,0,0,0,0
1394524400,100,0,0,4143146,156,0,0,0,1,0,102,0,0,0,0
1394524460,100,0,0,4158549,157,0,0,0,1,0,102,0,0,0,0
1394524520,100,0,0,4173952,158,0,0,0,2,0,102,0,0,0,0
1394524580,100,0,0,4191872,158,0,0,0,2,0,435,0,0,0,0
1394524640,100,0,0,4207283,159,0,0,0,1,0,110,0,0,0,0
1394524700,100,0,0,4223232,159,0,0,0,1,0,102,0,0,0,0
1394524760,100,0,0,4238634,160,0,0,0,2,0,102,0,0,0,0
1394524820,100,0,0,4254045,160,0,0,0,1,0,110,0,0,0,0
1394524880,100,0,0,4271086,161,0,0,0,2,0,102,0,0,0,0
1394524940,100,0,0,4286498,162,0,0,0,1,0,110,0,0,0,0
1394525000,100,0,0,4302455,162,0,0,0,1,0,110,0,0,0,0
1394525060,100,0,0,4317858,163,0,0,0,1,0,102,0,0,0,0
1394525120,100,0,0,4333380,163,0,0,0,1,0,221,0,0,0,0
1394525180,100,0,0,4351513,164,0,0,0,1,0,68,0,0,0,0
1394525240,100,0,0,4366924,165,0,0,0,1,0,110,0,0,0,0
1394525300,100,0,0,4382336,165,0,0,0,1,0,110,0,0,0,0
1394525360,100,0,0,4397738,166,0,0,0,2,0,102,0,0,0,0
1394525420,100,0,0,4413158,166,0,0,0,1,0,110,0,0,0,0
1394525480,100,0,0,4428561,167,0,0,0,1,0,102,0,0,0,0
1394525540,100,0,0,4443963,168,0,0,0,1,0,102,0,0,0,0
1394525600,100,0,0,4459366,168,0,0,0,1,0,102,0,0,0,0
1394525660,100,0,0,4475323,169,0,0,0,1,0,110,0,0,0,0
1394525720,100,0,0,4490726,169,0,0,0,1,0,102,0,0,0,0
1394525780,100,0,0,4506129,170,0,0,0,1,0,110,0,0,0,0
1394525840,100,0,0,4522086,171,0,0,0,1,0,110,0,0,0,0
1394525900,100,0,0,4538043,171,0,0,0,1,0,145,0,0,0,0
1394525960,100,0,0,4553446,172,0,0,0,1,0,68,0,0,0,0
1394526020,100,0,0,4568857,172,0,0,0,2,0,102,0,0,0,0
1394526080,100,0,0,4584814,173,0,0,0,2,0,153,0,0,0,0
1394526140,100,0,0,4600772,174,0,0,0,1,0,68,0,0,0,0
1394526200,100,0,0,4616183,174,0,0,0,1,0,153,0,0,0,0
1394526260,100,0,0,4631586,175,0,0,0,1,0,59,0,0,0,0
1394526320,100,0,0,4646988,175,0,0,0,1,0,145,0,0,0,0
1394526380,100,0,0,4662946,176,0,0,0,1,0,110,0,0,0,0
1394526440,100,0,0,4678903,176,0,0,0,1,0,110,0,0,0,0
1394526500,100,0,0,4694860,177,0,0,0,1,0,110,0,0,0,0
1394526560,100,0,0,4710818,178,0,0,0,1,0,110,0,0,0,0
1394526620,100,0,0,4726229,178,0,0,0,1,0,110,0,0,0,0
1394526680,100,0,0,4741640,179,0,0,0,1,0,110,0,0,0,0
1394526740,100,0,0,4757043,179,0,0,0,2,0,102,0,0,0,0
1394526800,100,0,0,4774084,180,0,0,0,1,0,102,0,0,0,0
1394526860,100,0,0,4790041,181,0,0,0,1,0,110,0,0,0,0
1394526920,100,0,0,4805444,181,0,0,0,1,0,102,0,0,0,0
1394526980,100,0,0,4820846,182,0,0,0,1,0,102,0,0,0,0
1394527040,100,0,0,4836249,182,0,0,0,2,0,102,0,0,0,0
1394527100,100,0,0,4852215,183,0,0,0,1,0,119,0,0,0,0
1394527160,100,0,0,4870903,184,0,0,0,1,0,110,0,0,0,0
1394527220,100,0,0,4889386,184,0,0,0,2,0,452,0,0,0,0
1394527280,100,0,0,4904789,185,0,0,0,1,0,102,0,0,0,0
1394527340,100,0,0,4920746,186,0,0,0,1,0,110,0,0,0,0
1394527400,100,0,0,4936712,186,0,0,0,1,0,119,0,0,0,0
1394527460,100,0,0,4952123,187,0,0,0,1,0,110,0,0,0,0
1394527520,100,0,0,4967526,187,0,0,0,1,0,102,0,0,0,0
1394527580,100,0,0,4982929,188,0,0,0,1,0,102,0,0,0,0
1394527640,100,0,0,4998331,188,0,0,0,1,0,102,0,0,0,0
1394527700,100,0,0,5014289,189,0,0,0,2,0,110,0,0,0,0
1394527760,100,0,0,5029700,190,0,0,0,1,0,110,0,0,0,0
1394527820,100,0,0,5045102,190,0,0,0,1,0,102,0,0,0,0
1394527880,100,0,0,5062144,191,0,0,0,1,0,102,0,0,0,0
1394527940,100,0,0,5077546,191,0,0,0,1,0,102,0,0,0,0
1394528000,100,0,0,5092966,192,0,0,0,1,0,119,0,0,0,0
1394528060,100,0,0,5108369,193,0,0,0,1,0,102,0,0,0,0
1394528120,100,0,0,5040321,190,0,0,0,1,0,109,0,0,0,0
1394528181,100,0,0,5139729,194,0,0,0,1,0,102,0,0,0,0
1394528241,100,0,0,5158417,194,0,0,0,2,0,110,0,0,0,0
1394528301,100,0,0,5174374,195,0,0,0,2,0,110,0,0,0,0
1394528361,100,0,0,5190331,196,0,0,0,1,0,110,0,0,0,0
1394528421,100,0,0,5205742,196,0,0,0,2,0,110,0,0,0,0
1394528481,100,0,0,5221145,197,0,0,0,1,0,59,0,0,0,0
1394528541,100,0,0,5237102,197,0,0,0,1,0,153,0,0,0,0
1394528601,100,0,0,5254144,198,0,0,0,1,0,102,0,0,0,0
1394528661,100,0,0,5269555,199,0,0,0,1,0,68,0,0,0,0
1394528721,100,0,0,5284957,199,0,0,0,1,0,145,0,0,0,0
1394528781,100,0,0,5301998,200,0,0,0,2,0,102,0,0,0,0
1394528841,100,0,0,5317401,200,0,0,0,1,0,68,0,0,0,0
1394528901,100,0,0,5332804,201,0,0,0,2,0,136,0,0,0,0
1394528961,100,0,0,5348206,202,0,0,0,1,0,102,0,0,0,0
1394529021,100,0,0,5364172,202,0,0,0,1,0,119,0,0,0,0
1394529081,100,0,0,5381222,203,0,0,0,1,0,110,0,0,0,0
1394529141,100,0,0,5396625,203,0,0,0,1,0,102,0,0,0,0
1394529201,100,0,0,5412582,204,0,0,0,1,0,68,0,0,0,0
1394529261,100,0,0,5427985,205,0,0,0,2,0,145,0,0,0,0
1394529321,100,0,0,5445913,205,0,0,0,1,0,401,0,0,0,0
1394529381,100,0,0,5461324,206,0,0,0,1,0,110,0,0,0,0
1394529441,100,0,0,5476736,206,0,0,0,1,0,110,0,0,0,0
1394529501,100,0,0,5492147,207,0,0,0,1,0,110,0,0,0,0
1394529561,100,0,0,5511389,208,0,0,0,1,0,128,0,0,0,0
1394529621,100,0,0,5526792,208,0,0,0,1,0,102,0,0,0,0
1394529681,100,0,0,5542758,209,0,0,0,2,0,110,0,0,0,0
1394529741,100,0,0,5558161,209,0,0,0,1,0,102,0,0,0,0
1394529801,100,0,0,5573563,210,0,0,0,1,0,102,0,0,0,0
1394529861,100,0,0,5589521,211,0,0,0,1,0,110,0,0,0,0
1394529921,100,0,0,5606562,211,0,0,0,1,0,102,0,0,0,0
1394529981,100,0,0,5622519,212,0,0,0,1,0,110,0,0,0,0
1394530041,100,0,0,5637922,212,0,0,0,1,0,145,0,0,0,0
1394530101,100,0,0,5653324,213,0,0,0,1,0,68,0,0,0,0
1394530161,100,0,0,5668727,214,0,0,0,1,0,102,0,0,0,0
1394530221,100,0,0,5685777,214,0,0,0,1,0,145,0,0,0,0
1394530281,100,0,0,5701742,215,0,0,0,1,0,76,0,0,0,0
1394530341,100,0,0,5717154,215,0,0,0,1,0,110,0,0,0,0
1394530401,100,0,0,5732556,216,0,0,0,2,0,145,0,0,0,0
1394530461,100,0,0,5747959,217,0,0,0,1,0,59,0,0,0,0
1394530521,100,0,0,5763362,217,0,0,0,1,0,102,0,0,0,0
1394530581,100,0,0,5778764,218,0,0,0,2,0,145,0,0,0,0
1394530641,100,0,0,5794167,218,0,0,0,1,0,102,0,0,0,0
1394530701,100,0,0,5810124,219,0,0,0,2,0,110,0,0,0,0
1394530761,100,0,0,5825527,219,0,0,0,1,0,102,0,0,0,0
1394530821,100,0,0,5842577,220,0,0,0,1,0,110,0,0,0,0
1394530881,100,0,0,5862903,221,0,0,0,1,0,110,0,0,0,0
1394530941,100,0,0,5878860,221,0,0,0,1,0,110,0,0,0,0
1394531001,100,0,0,5894263,222,0,0,0,1,0,102,0,0,0,0
1394531061,100,0,0,5909674,223,0,0,0,2,0,110,0,0,0,0
1394531121,100,0,0,5926724,223,0,0,0,1,0,110,0,0,0,0
1394531181,100,0,0,5942126,224,0,0,0,1,0,102,0,0,0,0
1394531241,100,0,0,5959168,224,0,0,0,1,0,102,0,0,0,0
1394531301,100,0,0,5974570,225,0,0,0,1,0,102,0,0,0,0
1394531361,100,0,0,5991620,226,0,0,0,1,0,110,0,0,0,0
1394531421,100,0,0,6008123,226,0,0,0,1,0,110,0,0,0,0
1394531481,100,0,0,6024081,227,0,0,0,1,0,110,0,0,0,0
1394531541,100,0,0,6039483,228,0,0,0,1,0,102,0,0,0,0
1394531601,100,0,0,6054886,228,0,0,0,1,0,102,0,0,0,0
1394531661,100,0,0,6070289,229,0,0,0,1,0,102,0,0,0,0
1394531721,100,0,0,6085691,229,0,0,0,1,0,102,0,0,0,0
1394531781,100,0,0,6101649,230,0,0,0,1,0,110,0,0,0,0
1394531841,100,0,0,6117606,230,0,0,0,2,0,110,0,0,0,0
1394531901,100,0,0,6133017,231,0,0,0,1,0,110,0,0,0,0
1394531961,100,0,0,6148428,232,0,0,0,1,0,110,0,0,0,0
1394532021,100,0,0,6164386,232,0,0,0,1,0,110,0,0,0,0
1394532081,100,0,0,6179788,233,0,0,0,1,0,102,0,0,0,0
1394532141,100,0,0,6195746,233,0,0,0,1,0,110,0,0,0,0
1394532201,100,0,0,6213094,234,0,0,0,1,0,59,0,0,0,0
1394532261,100,0,0,6230690,235,0,0,0,1,0,426,0,0,0,0
1394532321,100,0,0,6246092,235,0,0,0,2,0,102,0,0,0,0
1394532381,100,0,0,6261504,236,0,0,0,1,0,110,0,0,0,0
1394532441,100,0,0,6278016,236,0,0,0,1,0,153,0,0,0,0
1394532501,100,0,0,6296149,237,0,0,0,1,0,59,0,0,0,0
1394532561,100,0,0,6312652,238,0,0,0,1,0,153,0,0,0,0
1394532621,100,0,0,6329702,238,0,0,0,1,0,59,0,0,0,0
1394532681,100,0,0,6345659,239,0,0,0,2,0,153,0,0,0,0
1394532741,100,0,0,6362171,240,0,0,0,2,0,119,0,0,0,0
1394532801,100,0,0,6379221,240,0,0,0,1,0,110,0,0,0,0
1394532861,100,0,0,6394624,241,0,0,0,1,0,102,0,0,0,0
1394532921,100,0,0,6410035,241,0,0,0,2,0,110,0,0,0,0
1394532981,100,0,0,6426001,242,0,0,0,2,0,119,0,0,0,0
1394533041,100,0,0,6443042,243,0,0,0,1,0,102,0,0,0,0
1394533101,100,0,0,6458444,243,0,0,0,1,0,102,0,0,0,0
1394533161,100,0,0,6473847,244,0,0,0,1,0,102,0,0,0,0
1394533221,100,0,0,6489804,244,0,0,0,1,0,110,0,0,0,0
1394533281,100,0,0,6505207,245,0,0,0,1,0,102,0,0,0,0
1394533341,100,0,0,6522794,246,0,0,0,1,0,102,0,0,0,0
1394533401,100,0,0,6538752,246,0,0,0,1,0,110,0,0,0,0
1394533461,100,0,0,6446717,243,0,0,0,1,0,109,0,0,0,0
1394533522,100,0,0,6573397,248,0,0,0,1,0,110,0,0,0,0
1394533582,100,0,0,6588800,248,0,0,0,1,0,102,0,0,0,0
1394533642,100,0,0,6604202,249,0,0,0,1,0,102,0,0,0,0
1394533702,100,0,0,6619605,249,0,0,0,1,0,102,0,0,0,0
1394533762,100,0,0,6639385,250,0,0,0,1,0,110,0,0,0,0
1394533822,100,0,0,6655342,251,0,0,0,1,0,110,0,0,0,0
1394533882,100,0,0,6673484,251,0,0,0,1,0,110,0,0,0,0
1394533942,100,0,0,6689450,252,0,0,0,1,0,119,0,0,0,0
1394534002,100,0,0,6706491,253,0,0,0,1,0,102,0,0,0,0
1394534062,100,0,0,6723541,253,0,0,0,1,0,110,0,0,0,0
1394534122,100,0,0,6740582,254,0,0,0,1,0,102,0,0,0,0
1394534182,100,0,0,6759424,255,0,0,0,1,0,264,0,0,0,0
1394534242,100,0,0,6776465,255,0,0,0,1,0,102,0,0,0,0
1394534302,100,0,0,6792430,256,0,0,0,1,0,76,0,0,0,0
1394534362,100,0,0,6808388,256,0,0,0,1,0,110,0,0,0,0
1394534422,100,0,0,6825429,257,0,0,0,1,0,102,0,0,0,0
1394534482,100,0,0,6840832,258,0,0,0,1,0,102,0,0,0,0
1394534542,100,0,0,6856234,258,0,0,0,1,0,102,0,0,0,0
1394534602,100,0,0,6873275,259,0,0,0,1,0,145,0,0,0,0
1394534662,100,0,0,6888678,259,0,0,0,1,0,68,0,0,0,0
1394534722,100,0,0,6904081,260,0,0,0,1,0,102,0,0,0,0
1394534782,100,0,0,6919483,261,0,0,0,1,0,136,0,0,0,0
1394534842,100,0,0,6935441,261,0,0,0,1,0,76,0,0,0,0
1394534902,100,0,0,6951415,262,0,0,0,1,0,119,0,0,0,0
1394534962,100,0,0,6966818,262,0,0,0,2,0,102,0,0,0,0
1394535022,100,0,0,6983859,263,0,0,0,2,0,102,0,0,0,0
1394535082,100,0,0,6999261,264,0,0,0,2,0,102,0,0,0,0
1394535142,100,0,0,7015219,264,0,0,0,1,0,110,0,0,0,0
1394535202,100,0,0,7032260,265,0,0,0,1,0,110,0,0,0,0
1394535262,100,0,0,7049301,265,0,0,0,1,0,136,0,0,0,0
1394535322,100,0,0,7065258,266,0,0,0,1,0,76,0,0,0,0
1394535382,100,0,0,7080661,267,0,0,0,1,0,102,0,0,0,0
1394535442,100,0,0,7096618,267,0,0,0,2,0,145,0,0,0,0
1394535502,100,0,0,7113668,268,0,0,0,1,0,110,0,0,0,0
1394535562,100,0,0,7129070,268,0,0,0,2,0,59,0,0,0,0
1394535622,100,0,0,7145019,269,0,0,0,1,0,145,0,0,0,0
1394535682,100,0,0,7160977,270,0,0,0,1,0,110,0,0,0,0
1394535742,100,0,0,7176934,270,0,0,0,1,0,68,0,0,0,0
1394535802,100,0,0,7196706,271,0,0,0,1,0,110,0,0,0,0
1394535862,100,0,0,7212663,272,0,0,0,1,0,145,0,0,0,0
1394535922,100,0,0,7228620,272,0,0,0,1,0,76,0,0,0,0
1394535982,100,0,0,7244032,273,0,0,0,1,0,102,0,0,0,0
1394536042,100,0,0,7261081,273,0,0,0,1,0,153,0,0,0,0
1394536102,100,0,0,7278122,274,0,0,0,1,0,59,0,0,0,0
1394536162,100,0,0,7293525,275,0,0,0,1,0,102,0,0,0,0
1394536222,100,0,0,7310566,275,0,0,0,1,0,102,0,0,0,0
1394536282,100,0,0,7326523,276,0,0,0,1,0,153,0,0,0,0
1394536342,100,0,0,7341926,277,0,0,0,1,0,102,0,0,0,0
1394536402,100,0,0,7357883,277,0,0,0,1,0,110,0,0,0,0
1394536462,100,0,0,7373286,278,0,0,0,1,0,102,0,0,0,0
1394536522,100,0,0,7390336,278,0,0,0,1,0,110,0,0,0,0
1394536582,100,0,0,7407377,279,0,0,0,1,0,102,0,0,0,0
1394536642,100,0,0,7424418,280,0,0,0,1,0,102,0,0,0,0
1394536702,100,0,0,7439820,280,0,0,0,1,0,102,0,0,0,0
1394536762,100,0,0,7456861,281,0,0,0,1,0,102,0,0,0,0
1394536822,100,0,0,7474995,281,0,0,0,1,0,102,0,0,0,0
1394536882,100,0,0,7492044,282,0,0,0,1,0,110,0,0,0,0
1394536942,100,0,0,7508539,283,0,0,0,1,0,102,0,0,0,0
1394537002,100,0,0,7525589,283,0,0,0,1,0,110,0,0,0,0
1394537062,100,0,0,7542638,284,0,0,0,1,0,110,0,0,0,0
1394537122,100,0,0,7558596,285,0,0,0,1,0,110,0,0,0,0
1394537182,100,0,0,7574553,285,0,0,0,1,0,110,0,0,0,0
1394537242,100,0,0,7590510,286,0,0,0,2,0,110,0,0,0,0
1394537302,100,0,0,7607552,286,0,0,0,1,0,102,0,0,0,0
1394537362,100,0,0,7624593,287,0,0,0,2,0,102,0,0,0,0
1394537422,100,0,0,7639995,288,0,0,0,1,0,102,0,0,0,0
1394537482,100,0,0,7657036,288,0,0,0,1,0,102,0,0,0,0
1394537542,100,0,0,7672994,289,0,0,0,1,0,110,0,0,0,0
1394537602,100,0,0,7691690,290,0,0,0,1,0,119,0,0,0,0
1394537662,100,0,0,7707648,290,0,0,0,2,0,110,0,0,0,0
1394537722,100,0,0,7723050,291,0,0,0,2,0,102,0,0,0,0
1394537782,100,0,0,7741184,292,0,0,0,1,0,102,0,0,0,0
1394537842,100,0,0,7756595,292,0,0,0,1,0,110,0,0,0,0
1394537902,100,0,0,7773644,293,0,0,0,1,0,110,0,0,0,0
1394537962,100,0,0,7789056,293,0,0,0,1,0,110,0,0,0,0
1394538022,100,0,0,7805013,294,0,0,0,2,0,110,0,0,0,0
1394538082,100,0,0,7820416,294,0,0,0,1,0,102,0,0,0,0
1394538142,100,0,0,7835818,295,0,0,0,2,0,102,0,0,0,0
1394538202,100,0,0,7851221,296,0,0,0,1,0,102,0,0,0,0
1394538262,100,0,0,7867178,296,0,0,0,1,0,110,0,0,0,0
1394538322,100,0,0,7884219,297,0,0,0,1,0,102,0,0,0,0
1394538382,100,0,0,7899622,297,0,0,0,1,0,102,0,0,0,0
1394538442,100,0,0,7915042,298,0,0,0,2,0,119,0,0,0,0
1394538502,100,0,0,7930999,299,0,0,0,1,0,68,0,0,0,0
1394538562,100,0,0,7948040,299,0,0,0,1,0,145,0,0,0,0
1394538622,100,0,0,7965081,300,0,0,0,1,0,102,0,0,0,0
1394538682,100,0,0,7980492,300,0,0,0,1,0,68,0,0,0,0
1394538742,100,0,0,7996450,301,0,0,0,1,0,153,0,0,0,0
1394538802,100,0,0,8012407,302,0,0,0,1,0,76,0,0,0,0
1394538862,100,0,0,8027810,302,0,0,0,1,0,102,0,0,0,0
1394538922,100,0,0,7911365,298,0,0,0,1,0,142,0,0,0,0
1394538983,100,0,0,8058624,303,0,0,0,1,0,68,0,0,0,0
1394539043,100,0,0,8074035,304,0,0,0,1,0,102,0,0,0,0
1394539103,100,0,0,8091076,305,0,0,0,1,0,102,0,0,0,0
1394539163,100,0,0,8108117,305,0,0,0,1,0,102,0,0,0,0
1394539223,100,0,0,8125158,306,0,0,0,2,0,102,0,0,0,0
1394539283,100,0,0,8140561,306,0,0,0,1,0,102,0,0,0,0
1394539343,100,0,0,8155963,307,0,0,0,1,0,102,0,0,0,0
1394539403,100,0,0,8171374,308,0,0,0,1,0,119,0,0,0,0
1394539463,100,0,0,8186777,308,0,0,0,1,0,102,0,0,0,0
1394539523,100,0,0,8202734,309,0,0,0,1,0,110,0,0,0,0
1394539583,100,0,0,8218137,309,0,0,0,2,0,102,0,0,0,0
1394539643,100,0,0,8235187,310,0,0,0,2,0,102,0,0,0,0
1394539703,100,0,0,8252228,311,0,0,0,1,0,102,0,0,0,0
1394539763,100,0,0,8267639,311,0,0,0,1,0,110,0,0,0,0
1394539823,100,0,0,8283042,312,0,0,0,1,0,102,0,0,0,0
1394539883,100,0,0,8298453,312,0,0,0,1,0,110,0,0,0,0
1394539943,100,0,0,8314410,313,0,0,0,1,0,110,0,0,0,0
1394540003,100,0,0,8329813,314,0,0,0,1,0,110,0,0,0,0
1394540063,100,0,0,8346854,314,0,0,0,1,0,102,0,0,0,0
1394540123,100,0,0,8362257,315,0,0,0,1,0,136,0,0,0,0
1394540183,100,0,0,8378214,315,0,0,0,1,0,76,0,0,0,0
1394540243,100,0,0,8393617,316,0,0,0,1,0,136,0,0,0,0
1394540303,100,0,0,8410666,317,0,0,0,2,0,68,0,0,0,0
1394540363,100,0,0,8426069,317,0,0,0,1,0,102,0,0,0,0
1394540423,100,0,0,8443110,318,0,0,0,1,0,102,0,0,0,0
1394540483,100,0,0,8458513,318,0,0,0,1,0,102,0,0,0,0
1394540543,100,0,0,8473915,319,0,0,0,1,0,145,0,0,0,0
1394540603,100,0,0,8490956,320,0,0,0,2,0,102,0,0,0,0
1394540663,100,0,0,8506368,320,0,0,0,1,0,110,0,0,0,0
1394540723,100,0,0,8523409,321,0,0,0,2,0,102,0,0,0,0
1394540783,100,0,0,8538811,321,0,0,0,1,0,102,0,0,0,0
1394540843,100,0,0,8555861,322,0,0,0,1,0,110,0,0,0,0
1394540903,100,0,0,8571264,323,0,0,0,1,0,102,0,0,0,0
1394540963,100,0,0,8587758,323,0,0,0,1,0,102,0,0,0,0
1394541023,100,0,0,8603161,324,0,0,0,1,0,102,0,0,0,0
1394541083,100,0,0,8619118,324,0,0,0,1,0,110,0,0,0,0
1394541143,100,0,0,8635622,325,0,0,0,1,0,110,0,0,0,0
1394541203,100,0,0,8652663,326,0,0,0,2,0,102,0,0,0,0
1394541263,100,0,0,8668620,326,0,0,0,2,0,110,0,0,0,0
1394541323,100,0,0,8684578,327,0,0,0,1,0,110,0,0,0,0
1394541383,100,0,0,8701619,327,0,0,0,1,0,102,0,0,0,0
1394541443,100,0,0,8717021,328,0,0,0,1,0,102,0,0,0,0
1394541503,100,0,0,8734071,329,0,0,0,1,0,110,0,0,0,0
1394541563,100,0,0,8751112,329,0,0,0,1,0,102,0,0,0,0
1394541623,100,0,0,8767069,330,0,0,0,1,0,110,0,0,0,0
1394541683,100,0,0,8784110,331,0,0,0,1,0,102,0,0,0,0
1394541743,100,0,0,8800068,331,0,0,0,1,0,110,0,0,0,0
1394541803,100,0,0,8815470,332,0,0,0,1,0,102,0,0,0,0
1394541863,100,0,0,8830873,332,0,0,0,1,0,102,0,0,0,0
1394541923,100,0,0,8846276,333,0,0,0,1,0,102,0,0,0,0
1394541983,100,0,0,8866619,334,0,0,0,2,0,119,0,0,0,0
1394542043,100,0,0,8882022,334,0,0,0,1,0,102,0,0,0,0
1394542103,100,0,0,8899063,335,0,0,0,1,0,102,0,0,0,0
1394542163,100,0,0,8915566,335,0,0,0,2,0,110,0,0,0,0
1394542223,100,0,0,8932608,336,0,0,0,1,0,102,0,0,0,0
1394542283,100,0,0,8948565,337,0,0,0,1,0,110,0,0,0,0
1394542343,100,0,0,8965606,337,0,0,0,1,0,102,0,0,0,0
1394542403,100,0,0,8981009,338,0,0,0,1,0,102,0,0,0,0
1394542463,100,0,0,8998050,339,0,0,0,1,0,102,0,0,0,0
1394542523,100,0,0,9013461,339,0,0,0,1,0,110,0,0,0,0
1394542583,100,0,0,9028864,340,0,0,0,1,0,102,0,0,0,0
1394542643,100,0,0,9044266,340,0,0,0,1,0,102,0,0,0,0
1394542703,100,0,0,9060224,341,0,0,0,1,0,110,0,0,0,0
1394542763,100,0,0,9075626,341,0,0,0,1,0,102,0,0,0,0
1394542823,100,0,0,9091029,342,0,0,0,1,0,102,0,0,0,0
1394542883,100,0,0,9106432,343,0,0,0,1,0,102,0,0,0,0
1394542943,100,0,0,9122389,343,0,0,0,1,0,110,0,0,0,0
1394543003,100,0,0,9137792,344,0,0,0,2,0,102,0,0,0,0
1394543063,100,0,0,9153757,344,0,0,0,1,0,119,0,0,0,0
1394543123,100,0,0,9171891,345,0,0,0,1,0,59,0,0,0,0
1394543183,100,0,0,9188386,346,0,0,0,1,0,102,0,0,0,0
1394543243,100,0,0,9203788,346,0,0,0,1,0,145,0,0,0,0
1394543303,100,0,0,9219746,347,0,0,0,2,0,76,0,0,0,0
1394543363,100,0,0,9235157,347,0,0,0,1,0,110,0,0,0,0
1394543423,100,0,0,9252198,348,0,0,0,1,0,136,0,0,0,0
1394543483,100,0,0,9269248,349,0,0,0,1,0,68,0,0,0,0
1394543543,100,0,0,9287381,349,0,0,0,1,0,102,0,0,0,0
1394543603,100,0,0,9302792,350,0,0,0,1,0,110,0,0,0,0
1394543663,100,0,0,9318758,351,0,0,0,2,0,119,0,0,0,0
1394543723,100,0,0,9334715,351,0,0,0,1,0,119,0,0,0,0
1394543783,100,0,0,9350118,352,0,0,0,1,0,102,0,0,0,0
1394543843,100,0,0,9366084,352,0,0,0,1,0,119,0,0,0,0
1394543903,100,0,0,9382050,353,0,0,0,1,0,119,0,0,0,0
1394543963,100,0,0,9397452,354,0,0,0,1,0,102,0,0,0,0
1394544023,100,0,0,9413410,354,0,0,0,1,0,102,0,0,0,0
1394544083,100,0,0,9428812,355,0,0,0,1,0,102,0,0,0,0
1394544143,100,0,0,9445853,355,0,0,0,1,0,102,0,0,0,0
1394544203,100,0,0,9461265,356,0,0,0,1,0,110,0,0,0,0
1394544263,100,0,0,9478306,357,0,0,0,1,0,102,0,0,0,0
1394544323,100,0,0,9494263,357,0,0,0,1,0,119,0,0,0,0
1394544383,100,0,0,9509666,358,0,0,0,2,0,102,0,0,0,0
1394544443,100,0,0,9369465,353,0,0,0,2,0,109,0,0,0,0
1394544504,100,0,0,9542664,359,0,0,0,1,0,102,0,0,0,0
1394544564,100,0,0,9559185,360,0,0,0,2,0,128,0,0,0,0
1394544624,100,0,0,9574604,360,0,0,0,1,0,110,0,0,0,0
1394544684,100,0,0,9590562,361,0,0,0,1,0,110,0,0,0,0
1394544744,100,0,0,9605964,361,0,0,0,1,0,102,0,0,0,0
1394544804,100,0,0,9623005,362,0,0,0,1,0,102,0,0,0,0
1394544864,100,0,0,9638408,363,0,0,0,1,0,102,0,0,0,0
1394544924,100,0,0,9654374,363,0,0,0,2,0,162,0,0,0,0
1394544984,100,0,0,9669777,364,0,0,0,2,0,102,0,0,0,0
1394545044,100,0,0,9685734,364,0,0,0,1,0,110,0,0,0,0
1394545104,100,0,0,9702775,365,0,0,0,1,0,102,0,0,0,0
1394545164,100,0,0,9718178,366,0,0,0,1,0,102,0,0,0,0
1394545224,100,0,0,9734144,366,0,0,0,1,0,119,0,0,0,0
1394545284,100,0,0,9751185,367,0,0,0,1,0,102,0,0,0,0
1394545344,100,0,0,9766587,368,0,0,0,1,0,102,0,0,0,0
1394545404,100,0,0,9781990,368,0,0,0,1,0,102,0,0,0,0
1394545464,100,0,0,9799031,369,0,0,0,1,0,102,0,0,0,0
1394545524,100,0,0,9816072,369,0,0,0,1,0,102,0,0,0,0
1394545584,100,0,0,9832029,370,0,0,0,1,0,110,0,0,0,0
1394545644,100,0,0,9847987,371,0,0,0,1,0,110,0,0,0,0
1394545704,100,0,0,9864490,371,0,0,0,1,0,110,0,0,0,0
1394545764,100,0,0,9880456,372,0,0,0,1,0,119,0,0,0,0
1394545824,100,0,0,9896422,372,0,0,0,1,0,119,0,0,0,0
1394545884,100,0,0,9912379,373,0,0,0,1,0,110,0,0,0,0
1394545944,100,0,0,9928337,374,0,0,0,1,0,110,0,0,0,0
1394546004,100,0,0,9944294,374,0,0,0,1,0,110,0,0,0,0
1394546064,100,0,0,9959697,375,0,0,0,1,0,102,0,0,0,0
1394546124,100,0,0,9975654,375,0,0,0,1,0,110,0,0,0,0
1394546184,100,0,0,9991611,376,0,0,0,2,0,110,0,0,0,0
1394546244,100,0,0,10008652,377,0,0,0,1,0,102,0,0,0,0
1394546304,100,0,0,10024055,377,0,0,0,1,0,102,0,0,0,0
1394546364,100,0,0,10041096,378,0,0,0,1,0,102,0,0,0,0
1394546424,100,0,0,10057062,379,0,0,0,1,0,119,0,0,0,0
1394546484,100,0,0,10073019,379,0,0,0,1,0,110,0,0,0,0
1394546544,100,0,0,10088968,380,0,0,0,1,0,102,0,0,0,0
1394546604,100,0,0,10104379,380,0,0,0,1,0,110,0,0,0,0
1394546664,100,0,0,10121420,381,0,0,0,1,0,102,0,0,0,0
1394546724,100,0,0,10138470,382,0,0,0,2,0,110,0,0,0,0
1394546784,100,0,0,10153873,382,0,0,0,1,0,102,0,0,0,0
1394546844,100,0,0,10169284,383,0,0,0,1,0,110,0,0,0,0
1394546904,100,0,0,10185241,383,0,0,0,1,0,110,0,0,0,0
1394546964,100,0,0,10203938,384,0,0,0,1,0,119,0,0,0,0
1394547024,100,0,0,10219340,385,0,0,0,1,0,102,0,0,0,0
1394547084,100,0,0,10234743,385,0,0,0,1,0,102,0,0,0,0
1394547144,100,0,0,10251784,386,0,0,0,2,0,102,0,0,0,0
1394547204,100,0,0,10270472,387,0,0,0,1,0,110,0,0,0,0
1394547264,100,0,0,10285892,387,0,0,0,2,0,76,0,0,0,0
1394547324,100,0,0,10301294,388,0,0,0,2,0,102,0,0,0,0
1394547384,100,0,0,10321612,388,0,0,0,1,0,110,0,0,0,0
1394547444,100,0,0,10338653,389,0,0,0,1,0,102,0,0,0,0
1394547504,100,0,0,10354065,390,0,0,0,1,0,110,0,0,0,0
1394547564,100,0,0,10371106,390,0,0,0,1,0,102,0,0,0,0
1394547624,100,0,0,10386508,391,0,0,0,1,0,136,0,0,0,0
1394547684,100,0,0,10403558,392,0,0,0,1,0,68,0,0,0,0
1394547744,100,0,0,10419515,392,0,0,0,1,0,110,0,0,0,0
1394547804,100,0,0,10434918,393,0,0,0,2,0,145,0,0,0,0
1394547864,100,0,0,10451959,393,0,0,0,1,0,59,0,0,0,0
1394547924,100,0,0,10467925,394,0,0,0,1,0,119,0,0,0,0
1394547984,100,0,0,10483328,395,0,0,0,1,0,110,0,0,0,0
1394548044,100,0,0,10498730,395,0,0,0,1,0,102,0,0,0,0
1394548104,100,0,0,10515234,396,0,0,0,1,0,110,0,0,0,0
1394548164,100,0,0,10532283,396,0,0,0,1,0,102,0,0,0,0
1394548224,100,0,0,10554794,397,0,0,0,1,0,119,0,0,0,0
1394548284,100,0,0,10570752,398,0,0,0,1,0,110,0,0,0,0
1394548344,100,0,0,10586163,398,0,0,0,2,0,145,0,0,0,0
1394548404,100,0,0,10603212,399,0,0,0,1,0,110,0,0,0,0
1394548464,100,0,0,10621346,400,0,0,0,1,0,59,0,0,0,0
1394548524,100,0,0,10638387,400,0,0,0,1,0,102,0,0,0,0
1394548584,100,0,0,10654890,401,0,0,0,1,0,153,0,0,0,0
1394548644,100,0,0,10670848,402,0,0,0,1,0,110,0,0,0,0
1394548704,100,0,0,10686805,402,0,0,0,1,0,110,0,0,0,0
1394548764,100,0,0,10702208,403,0,0,0,1,0,102,0,0,0,0
1394548824,100,0,0,10717610,403,0,0,0,1,0,102,0,0,0,0
1394548884,100,0,0,10733568,404,0,0,0,2,0,110,0,0,0,0
1394548944,100,0,0,10749533,405,0,0,0,1,0,119,0,0,0,0
1394549004,100,0,0,10767121,405,0,0,0,1,0,102,0,0,0,0
1394549064,100,0,0,10783086,406,0,0,0,1,0,119,0,0,0,0
1394549124,100,0,0,10800674,407,0,0,0,1,0,102,0,0,0,0
1394549184,100,0,0,10817715,407,0,0,0,1,0,102,0,0,0,0
1394549244,100,0,0,10833672,408,0,0,0,2,0,110,0,0,0,0
1394549304,100,0,0,10849083,408,0,0,0,1,0,110,0,0,0,0
1394549364,100,0,0,10864494,409,0,0,0,1,0,110,0,0,0,0
1394549424,100,0,0,10879897,410,0,0,0,1,0,102,0,0,0,0
1394549484,100,0,0,10896938,410,0,0,0,1,0,102,0,0,0,0
1394549544,100,0,0,10912349,411,0,0,0,1,0,110,0,0,0,0
1394549604,100,0,0,10929399,411,0,0,0,1,0,110,0,0,0,0
1394549664,100,0,0,10946986,412,0,0,0,1,0,102,0,0,0,0
1394549724,100,0,0,10962389,413,0,0,0,1,0,102,0,0,0,0
1394549784,100,0,0,10798373,406,0,0,0,1,0,109,0,0,0,0
1394549845,100,0,0,10993749,414,0,0,0,1,0,102,0,0,0,0
1394549905,100,0,0,11009152,414,0,0,0,1,0,102,0,0,0,0
1394549965,100,0,0,11026193,415,0,0,0,1,0,102,0,0,0,0
1394550025,100,0,0,11041595,416,0,0,0,1,0,102,0,0,0,0
1394550085,100,0,0,11057006,416,0,0,0,1,0,110,0,0,0,0
1394550145,100,0,0,11074048,417,0,0,0,1,0,102,0,0,0,0
1394550205,100,0,0,11093282,417,0,0,0,1,0,110,0,0,0,0
1394550265,100,0,0,11108684,418,0,0,0,2,0,102,0,0,0,0
1394550325,100,0,0,11125725,419,0,0,0,2,0,102,0,0,0,0
1394550385,100,0,0,11141128,419,0,0,0,1,0,102,0,0,0,0
1394550445,100,0,0,11156539,420,0,0,0,1,0,110,0,0,0,0
1394550505,100,0,0,11172505,420,0,0,0,1,0,119,0,0,0,0
1394550565,100,0,0,11187908,421,0,0,0,1,0,102,0,0,0,0
1394550625,100,0,0,11203310,422,0,0,0,1,0,102,0,0,0,0
1394550685,100,0,0,11219268,422,0,0,0,1,0,110,0,0,0,0
1394550745,100,0,0,11234670,423,0,0,0,1,0,102,0,0,0,0
1394550805,100,0,0,11250073,423,0,0,0,1,0,102,0,0,0,0
1394550865,100,0,0,11267114,424,0,0,0,1,0,102,0,0,0,0
1394550925,100,0,0,11284155,425,0,0,0,2,0,102,0,0,0,0
1394550985,100,0,0,11299558,425,0,0,0,1,0,102,0,0,0,0
1394551045,100,0,0,11316599,426,0,0,0,2,0,102,0,0,0,0
1394551105,100,0,0,11332019,426,0,0,0,1,0,76,0,0,0,0
1394551165,100,0,0,11347976,427,0,0,0,1,0,110,0,0,0,0
1394551225,100,0,0,11363379,428,0,0,0,1,0,145,0,0,0,0
1394551285,100,0,0,11379336,428,0,0,0,1,0,68,0,0,0,0
1394551345,100,0,0,11395831,429,0,0,0,1,0,102,0,0,0,0
1394551405,100,0,0,11411234,429,0,0,0,1,0,110,0,0,0,0
1394551465,100,0,0,11426636,430,0,0,0,1,0,102,0,0,0,0
1394551525,100,0,0,11443677,431,0,0,0,1,0,102,0,0,0,0
1394551585,100,0,0,11459080,431,0,0,0,1,0,102,0,0,0,0
1394551645,100,0,0,11476130,432,0,0,0,1,0,102,0,0,0,0
1394551705,100,0,0,11493171,432,0,0,0,1,0,145,0,0,0,0
1394551765,100,0,0,11509120,433,0,0,0,1,0,102,0,0,0,0
1394551825,100,0,0,11524522,434,0,0,0,1,0,59,0,0,0,0
1394551885,100,0,0,11544294,434,0,0,0,1,0,145,0,0,0,0
1394551945,100,0,0,11561335,435,0,0,0,1,0,102,0,0,0,0
1394552005,100,0,0,11577838,436,0,0,0,1,0,110,0,0,0,0
1394552065,100,0,0,11594350,436,0,0,0,1,0,119,0,0,0,0
1394552125,100,0,0,11610854,437,0,0,0,1,0,68,0,0,0,0
1394552185,100,0,0,11629533,437,0,0,0,1,0,145,0,0,0,0
1394552245,100,0,0,11644936,438,0,0,0,1,0,102,0,0,0,0
1394552305,100,0,0,11660339,439,0,0,0,1,0,68,0,0,0,0
1394552365,100,0,0,11677380,439,0,0,0,1,0,102,0,0,0,0
1394552425,100,0,0,11694421,440,0,0,0,1,0,102,0,0,0,0
1394552485,100,0,0,11709832,440,0,0,0,1,0,102,0,0,0,0
1394552545,100,0,0,11725798,441,0,0,0,1,0,119,0,0,0,0
1394552605,100,0,0,11742839,442,0,0,0,2,0,145,0,0,0,0
1394552665,100,0,0,11758242,442,0,0,0,1,0,59,0,0,0,0
1394552725,100,0,0,11775283,443,0,0,0,2,0,102,0,0,0,0
1394552785,100,0,0,11792324,444,0,0,0,2,0,145,0,0,0,0
1394552845,100,0,0,11809365,444,0,0,0,1,0,102,0,0,0,0
1394552905,100,0,0,11825868,445,0,0,0,1,0,110,0,0,0,0
1394552965,100,0,0,11842909,445,0,0,0,1,0,102,0,0,0,0
1394553025,100,0,0,11859950,446,0,0,0,2,0,102,0,0,0,0
1394553085,100,0,0,11877000,447,0,0,0,1,0,110,0,0,0,0
1394553145,100,0,0,11894041,447,0,0,0,1,0,102,0,0,0,0
1394553205,100,0,0,11909444,448,0,0,0,1,0,102,0,0,0,0
1394553265,100,0,0,11926493,449,0,0,0,1,0,110,0,0,0,0
1394553325,100,0,0,11943534,449,0,0,0,1,0,102,0,0,0,0
1394553385,100,0,0,11959483,450,0,0,0,1,0,102,0,0,0,0
1394553445,100,0,0,11974886,450,0,0,0,1,0,102,0,0,0,0
1394553505,100,0,0,11991927,451,0,0,0,1,0,102,0,0,0,0
1394553565,100,0,0,12007330,452,0,0,0,1,0,102,0,0,0,0
1394553625,100,0,0,12023287,452,0,0,0,1,0,110,0,0,0,0
1394553685,100,0,0,12040337,453,0,0,0,1,0,110,0,0,0,0
1394553745,100,0,0,12059571,454,0,0,0,1,0,110,0,0,0,0
1394553805,100,0,0,12076612,454,0,0,0,1,0,102,0,0,0,0
1394553865,100,0,0,12093653,455,0,0,0,2,0,102,0,0,0,0
1394553925,100,0,0,12109056,455,0,0,0,1,0,102,0,0,0,0
1394553985,100,0,0,12125559,456,0,0,0,1,0,110,0,0,0,0
1394554045,100,0,0,12142600,457,0,0,0,1,0,102,0,0,0,0
1394554105,100,0,0,12158566,457,0,0,0,1,0,119,0,0,0,0
1394554165,100,0,0,12173969,458,0,0,0,1,0,102,0,0,0,0
1394554225,100,0,0,12189934,458,0,0,0,1,0,119,0,0,0,0
1394554285,100,0,0,12205337,459,0,0,0,1,0,102,0,0,0,0
1394554345,100,0,0,12220740,460,0,0,0,2,0,102,0,0,0,0
1394554405,100,0,0,12241075,460,0,0,0,1,0,110,0,0,0,0
1394554465,100,0,0,12257032,461,0,0,0,2,0,110,0,0,0,0
1394554525,100,0,0,12272989,462,0,0,0,1,0,110,0,0,0,0
1394554585,100,0,0,12290039,462,0,0,0,1,0,110,0,0,0,0
1394554645,100,0,0,12305996,463,0,0,0,1,0,110,0,0,0,0
1394554705,100,0,0,12321399,463,0,0,0,1,0,102,0,0,0,0
1394554765,100,0,0,12338986,464,0,0,0,1,0,102,0,0,0,0
1394554825,100,0,0,12356573,465,0,0,0,1,0,102,0,0,0,0
1394554885,100,0,0,12371976,465,0,0,0,2,0,102,0,0,0,0
1394554945,100,0,0,12184869,458,0,0,0,1,0,125,0,0,0,0
1394555006,100,0,0,12403353,466,0,0,0,1,0,59,0,0,0,0
1394555066,100,0,0,12418756,467,0,0,0,1,0,145,0,0,0,0
1394555126,100,0,0,12434713,468,0,0,0,1,0,68,0,0,0,0
1394555186,100,0,0,12450116,468,0,0,0,1,0,102,0,0,0,0
1394555246,100,0,0,12466304,469,0,0,0,1,0,384,0,0,0,0
1394555306,100,0,0,12486084,470,0,0,0,1,0,68,0,0,0,0
1394555366,100,0,0,12502041,470,0,0,0,1,0,110,0,0,0,0
1394555426,100,0,0,12517444,471,0,0,0,1,0,102,0,0,0,0
1394555486,100,0,0,12533401,471,0,0,0,1,0,153,0,0,0,0
1394555546,100,0,0,12549905,472,0,0,0,1,0,110,0,0,0,0
1394555606,100,0,0,12565316,473,0,0,0,1,0,110,0,0,0,0
1394555666,100,0,0,12582365,473,0,0,0,1,0,110,0,0,0,0
1394555726,100,0,0,12597777,474,0,0,0,1,0,110,0,0,0,0
1394555786,100,0,0,12614818,474,0,0,0,1,0,102,0,0,0,0
1394555846,100,0,0,12631867,475,0,0,0,1,0,110,0,0,0,0
1394555906,100,0,0,12647278,476,0,0,0,1,0,110,0,0,0,0
1394555966,100,0,0,12663244,476,0,0,0,1,0,119,0,0,0,0
1394556026,100,0,0,12680285,477,0,0,0,1,0,102,0,0,0,0
1394556086,100,0,0,12695688,478,0,0,0,1,0,102,0,0,0,0
1394556146,100,0,0,12711645,478,0,0,0,1,0,110,0,0,0,0
1394556206,100,0,0,12729233,479,0,0,0,1,0,102,0,0,0,0
1394556266,100,0,0,12746282,479,0,0,0,1,0,110,0,0,0,0
1394556326,100,0,0,12764970,480,0,0,0,2,0,110,0,0,0,0
1394556386,100,0,0,12782011,481,0,0,0,1,0,102,0,0,0,0
1394556446,100,0,0,12797969,481,0,0,0,1,0,110,0,0,0,0
1394556506,100,0,0,12813926,482,0,0,0,1,0,110,0,0,0,0
1394556566,100,0,0,12830967,483,0,0,0,1,0,102,0,0,0,0
1394556626,100,0,0,12848008,483,0,0,0,1,0,102,0,0,0,0
1394556686,100,0,0,12863419,484,0,0,0,1,0,110,0,0,0,0
1394556746,100,0,0,12879377,484,0,0,0,1,0,110,0,0,0,0
1394556806,100,0,0,12895334,485,0,0,0,1,0,110,0,0,0,0
1394556866,100,0,0,12910737,486,0,0,0,2,0,102,0,0,0,0
1394556926,100,0,0,12926702,486,0,0,0,1,0,119,0,0,0,0
1394556986,100,0,0,12942114,487,0,0,0,1,0,110,0,0,0,0
1394557046,100,0,0,12957516,487,0,0,0,2,0,102,0,0,0,0
1394557106,100,0,0,12974557,488,0,0,0,2,0,102,0,0,0,0
1394557166,100,0,0,12990506,489,0,0,0,1,0,102,0,0,0,0
1394557226,100,0,0,13008913,489,0,0,0,1,0,375,0,0,0,0
1394557286,100,0,0,13025954,490,0,0,0,1,0,102,0,0,0,0
1394557346,100,0,0,13041365,490,0,0,0,1,0,110,0,0,0,0
1394557406,100,0,0,13057860,491,0,0,0,1,0,102,0,0,0,0
1394557466,100,0,0,13073826,492,0,0,0,1,0,119,0,0,0,0
1394557526,100,0,0,13092787,492,0,0,0,1,0,384,0,0,0,0
1394557586,100,0,0,13111193,493,0,0,0,1,0,375,0,0,0,0
1394557646,100,0,0,13127150,494,0,0,0,1,0,110,0,0,0,0
1394557706,100,0,0,13144200,494,0,0,0,1,0,110,0,0,0,0
1394557766,100,0,0,13161241,495,0,0,0,1,0,59,0,0,0,0
1394557826,100,0,0,13178282,496,0,0,0,1,0,102,0,0,0,0
1394557886,100,0,0,13193685,496,0,0,0,1,0,102,0,0,0,0
1394557946,100,0,0,13209088,497,0,0,0,1,0,102,0,0,0,0
1394558006,100,0,0,13224499,497,0,0,0,1,0,119,0,0,0,0
1394558066,100,0,0,13241540,498,0,0,0,1,0,102,0,0,0,0
1394558126,100,0,0,13259127,499,0,0,0,1,0,102,0,0,0,0
1394558186,100,0,0,13274530,499,0,0,0,1,0,102,0,0,0,0
1394558246,100,0,0,13289949,500,0,0,0,2,0,110,0,0,0,0
1394558306,100,0,0,13306990,500,0,0,0,1,0,102,0,0,0,0
1394558366,100,0,0,13322402,501,0,0,0,1,0,110,0,0,0,0
1394558426,100,0,0,13337813,502,0,0,0,1,0,110,0,0,0,0
1394558486,100,0,0,13354854,502,0,0,0,1,0,145,0,0,0,0
1394558546,100,0,0,13370257,503,0,0,0,1,0,68,0,0,0,0
1394558606,100,0,0,13385659,503,0,0,0,1,0,136,0,0,0,0
1394558666,100,0,0,13401070,504,0,0,0,2,0,110,0,0,0,0
1394558726,100,0,0,13418112,505,0,0,0,1,0,102,0,0,0,0
1394558786,100,0,0,13435153,505,0,0,0,1,0,102,0,0,0,0
1394558846,100,0,0,13453525,506,0,0,0,1,0,341,0,0,0,0
1394558906,100,0,0,13470566,506,0,0,0,1,0,102,0,0,0,0
1394558966,100,0,0,13487607,507,0,0,0,1,0,102,0,0,0,0
1394559026,100,0,0,13503010,508,0,0,0,1,0,102,0,0,0,0
1394559086,100,0,0,13521143,508,0,0,0,1,0,102,0,0,0,0
1394559146,100,0,0,13538193,509,0,0,0,1,0,110,0,0,0,0
1394559206,100,0,0,13554150,510,0,0,0,1,0,110,0,0,0,0
1394559266,100,0,0,13570107,510,0,0,0,1,0,110,0,0,0,0
1394559326,100,0,0,13587148,511,0,0,0,2,0,102,0,0,0,0
1394559386,100,0,0,13602560,511,0,0,0,1,0,110,0,0,0,0
1394559446,100,0,0,13617971,512,0,0,0,1,0,110,0,0,0,0
1394559506,100,0,0,13633373,513,0,0,0,1,0,102,0,0,0,0
1394559566,100,0,0,13648776,513,0,0,0,1,0,102,0,0,0,0
1394559626,100,0,0,13664409,514,0,0,0,1,0,68,0,0,0,0
1394559686,100,0,0,13684181,514,0,0,0,1,0,366,0,0,0,0
1394559746,100,0,0,13699584,515,0,0,0,1,0,68,0,0,0,0
1394559806,100,0,0,13714986,516,0,0,0,1,0,102,0,0,0,0
1394559866,100,0,0,13730397,516,0,0,0,2,0,145,0,0,0,0
1394559926,100,0,0,13747438,517,0,0,0,1,0,59,0,0,0,0
1394559986,100,0,0,13764480,517,0,0,0,1,0,102,0,0,0,0
1394560046,100,0,0,13780437,518,0,0,0,1,0,153,0,0,0,0
1394560106,100,0,0,13796394,519,0,0,0,1,0,110,0,0,0,0
1394560166,100,0,0,13813435,519,0,0,0,1,0,102,0,0,0,0
1394560226,100,0,0,13602136,511,0,0,0,1,0,100,0,0,0,0
1394560287,100,0,0,13844241,520,0,0,0,1,0,102,0,0,0,0
1394560347,100,0,0,13861290,521,0,0,0,1,0,110,0,0,0,0
1394560407,100,0,0,13876701,522,0,0,0,2,0,110,0,0,0,0
1394560467,100,0,0,13892659,522,0,0,0,1,0,110,0,0,0,0
1394560527,100,0,0,13910801,523,0,0,0,1,0,110,0,0,0,0
1394560587,100,0,0,13927850,524,0,0,0,1,0,110,0,0,0,0
1394560647,100,0,0,13947630,524,0,0,0,2,0,110,0,0,0,0
1394560707,100,0,0,13963033,525,0,0,0,1,0,102,0,0,0,0
1394560767,100,0,0,13978436,525,0,0,0,1,0,102,0,0,0,0
1394560827,100,0,0,13995477,526,0,0,0,1,0,102,0,0,0,0
1394560887,100,0,0,14010880,527,0,0,0,1,0,102,0,0,0,0
1394560947,100,0,0,14026837,527,0,0,0,1,0,110,0,0,0,0
1394561007,100,0,0,14042794,528,0,0,0,1,0,110,0,0,0,0
1394561067,100,0,0,14058760,528,0,0,0,1,0,119,0,0,0,0
1394561127,100,0,0,14075801,529,0,0,0,2,0,102,0,0,0,0
1394561187,100,0,0,14091204,530,0,0,0,2,0,102,0,0,0,0
1394561247,100,0,0,14107161,530,0,0,0,1,0,110,0,0,0,0
1394561307,100,0,0,14124202,531,0,0,0,1,0,102,0,0,0,0
1394561367,100,0,0,14139605,532,0,0,0,1,0,102,0,0,0,0
1394561427,100,0,0,14155016,532,0,0,0,1,0,110,0,0,0,0
1394561487,100,0,0,14170419,533,0,0,0,1,0,102,0,0,0,0
1394561547,100,0,0,14187468,533,0,0,0,1,0,110,0,0,0,0
1394561607,100,0,0,14204509,534,0,0,0,1,0,102,0,0,0,0
1394561667,100,0,0,14221559,535,0,0,0,1,0,110,0,0,0,0
1394561727,100,0,0,14236962,535,0,0,0,1,0,102,0,0,0,0
1394561787,100,0,0,14254003,536,0,0,0,1,0,102,0,0,0,0
1394561847,100,0,0,14269405,536,0,0,0,1,0,102,0,0,0,0
1394561907,100,0,0,14285363,537,0,0,0,1,0,110,0,0,0,0
1394561967,100,0,0,14300774,538,0,0,0,1,0,110,0,0,0,0
1394562027,100,0,0,14317832,538,0,0,0,1,0,76,0,0,0,0
1394562087,100,0,0,14333235,539,0,0,0,1,0,102,0,0,0,0
1394562147,100,0,0,14349192,539,0,0,0,1,0,110,0,0,0,0
1394562207,100,0,0,14366233,540,0,0,0,1,0,102,0,0,0,0
1394562267,100,0,0,14381636,541,0,0,0,1,0,110,0,0,0,0
1394562327,100,0,0,14397047,541,0,0,0,1,0,110,0,0,0,0
1394562387,100,0,0,14412450,542,0,0,0,1,0,136,0,0,0,0
1394562447,100,0,0,14427861,542,0,0,0,1,0,110,0,0,0,0
1394562507,100,0,0,14444910,543,0,0,0,2,0,68,0,0,0,0
1394562567,100,0,0,14460313,544,0,0,0,1,0,102,0,0,0,0
1394562627,100,0,0,14476270,544,0,0,0,1,0,153,0,0,0,0
1394562687,100,0,0,14491682,545,0,0,0,1,0,68,0,0,0,0
1394562747,100,0,0,14507639,545,0,0,0,1,0,119,0,0,0,0
1394562807,100,0,0,14524680,546,0,0,0,1,0,102,0,0,0,0
1394562867,100,0,0,14541721,547,0,0,0,2,0,136,0,0,0,0
1394562927,100,0,0,14557124,547,0,0,0,1,0,68,0,0,0,0
1394562987,100,0,0,14574173,548,0,0,0,1,0,102,0,0,0,0
1394563047,100,0,0,14591214,548,0,0,0,1,0,102,0,0,0,0
1394563107,100,0,0,14608256,549,0,0,0,1,0,145,0,0,0,0
1394563167,100,0,0,14623658,550,0,0,0,1,0,59,0,0,0,0
1394563227,100,0,0,14639061,550,0,0,0,1,0,102,0,0,0,0
1394563287,100,0,0,14656102,551,0,0,0,1,0,110,0,0,0,0
1394563347,100,0,0,14672059,551,0,0,0,1,0,110,0,0,0,0
1394563407,100,0,0,14687462,552,0,0,0,1,0,102,0,0,0,0
1394563467,100,0,0,14704512,553,0,0,0,1,0,102,0,0,0,0
1394563527,100,0,0,14720469,553,0,0,0,1,0,110,0,0,0,0
1394563587,100,0,0,14736426,554,0,0,0,1,0,110,0,0,0,0
1394563647,100,0,0,14752384,554,0,0,0,1,0,110,0,0,0,0
1394563707,100,0,0,14769425,555,0,0,0,1,0,102,0,0,0,0
1394563767,100,0,0,14786466,556,0,0,0,1,0,145,0,0,0,0
1394563827,100,0,0,14802423,556,0,0,0,1,0,110,0,0,0,0
1394563887,100,0,0,14818380,557,0,0,0,1,0,110,0,0,0,0
1394563947,100,0,0,14835421,558,0,0,0,1,0,102,0,0,0,0
1394564007,100,0,0,14851387,558,0,0,0,1,0,119,0,0,0,0
1394564067,100,0,0,14866790,559,0,0,0,1,0,102,0,0,0,0
1394564127,100,0,0,14883831,559,0,0,0,2,0,102,0,0,0,0
1394564187,100,0,0,14899234,560,0,0,0,1,0,102,0,0,0,0
1394564247,100,0,0,14915191,561,0,0,0,2,0,110,0,0,0,0
1394564307,100,0,0,14930594,561,0,0,0,2,0,102,0,0,0,0
1394564367,100,0,0,14946005,562,0,0,0,1,0,110,0,0,0,0
1394564427,100,0,0,14964138,562,0,0,0,2,0,102,0,0,0,0
1394564487,100,0,0,14981179,563,0,0,0,1,0,102,0,0,0,0
1394564547,100,0,0,14998220,564,0,0,0,1,0,102,0,0,0,0
1394564607,100,0,0,15015261,564,0,0,0,1,0,102,0,0,0,0
1394564667,100,0,0,15030664,565,0,0,0,1,0,102,0,0,0,0
1394564727,100,0,0,15047168,566,0,0,0,1,0,110,0,0,0,0
1394564787,100,0,0,15064209,566,0,0,0,1,0,102,0,0,0,0
1394564847,100,0,0,15079620,567,0,0,0,1,0,110,0,0,0,0
1394564907,100,0,0,15095022,567,0,0,0,1,0,102,0,0,0,0
1394564967,100,0,0,15110434,568,0,0,0,1,0,110,0,0,0,0
1394565027,100,0,0,15127475,569,0,0,0,1,0,102,0,0,0,0
1394565087,100,0,0,15144516,569,0,0,0,1,0,102,0,0,0,0
1394565147,100,0,0,15161557,570,0,0,0,1,0,102,0,0,0,0
1394565207,100,0,0,15177523,570,0,0,0,1,0,119,0,0,0,0
1394565267,100,0,0,15197303,571,0,0,0,1,0,110,0,0,0,0
1394565327,100,0,0,15212706,572,0,0,0,1,0,102,0,0,0,0
1394565387,100,0,0,14978467,563,0,0,0,1,0,100,0,0,0,0
1394565448,100,0,0,15245158,573,0,0,0,1,0,110,0,0,0,0
1394565508,100,0,0,15262199,574,0,0,0,1,0,102,0,0,0,0
1394565568,100,0,0,15279240,574,0,0,0,1,0,102,0,0,0,0
1394565628,100,0,0,15294643,575,0,0,0,1,0,102,0,0,0,0
1394565688,100,0,0,15312785,575,0,0,0,2,0,110,0,0,0,0
1394565748,100,0,0,15329826,576,0,0,0,1,0,102,0,0,0,0
1394565808,100,0,0,15347413,577,0,0,0,1,0,102,0,0,0,0
1394565868,100,0,0,15364462,577,0,0,0,1,0,110,0,0,0,0
1394565928,100,0,0,15379865,578,0,0,0,1,0,102,0,0,0,0
1394565988,100,0,0,15396915,579,0,0,0,1,0,110,0,0,0,0
1394566048,100,0,0,15413956,579,0,0,0,1,0,102,0,0,0,0
1394566108,100,0,0,15432644,580,0,0,0,2,0,76,0,0,0,0
1394566168,100,0,0,15448046,580,0,0,0,1,0,102,0,0,0,0
1394566228,100,0,0,15465088,581,0,0,0,1,0,102,0,0,0,0
1394566288,100,0,0,15480490,582,0,0,0,1,0,102,0,0,0,0
1394566348,100,0,0,15496448,582,0,0,0,1,0,102,0,0,0,0
1394566408,100,0,0,15512951,583,0,0,0,1,0,110,0,0,0,0
1394566468,100,0,0,15529992,584,0,0,0,1,0,102,0,0,0,0
1394566528,100,0,0,15547033,584,0,0,0,1,0,102,0,0,0,0
1394566588,100,0,0,15562436,585,0,0,0,1,0,110,0,0,0,0
1394566648,100,0,0,15578393,585,0,0,0,1,0,110,0,0,0,0
1394566708,100,0,0,15594350,586,0,0,0,1,0,110,0,0,0,0
1394566768,100,0,0,15611400,587,0,0,0,1,0,145,0,0,0,0
1394566828,100,0,0,15634449,587,0,0,0,2,0,102,0,0,0,0
1394566888,100,0,0,15650406,588,0,0,0,1,0,110,0,0,0,0
1394566948,100,0,0,15669102,589,0,0,0,1,0,119,0,0,0,0
1394567008,100,0,0,15685060,589,0,0,0,1,0,110,0,0,0,0
1394567068,100,0,0,15702101,590,0,0,0,1,0,102,0,0,0,0
1394567128,100,0,0,15719142,591,0,0,0,1,0,102,0,0,0,0
1394567188,100,0,0,15734545,591,0,0,0,1,0,102,0,0,0,0
1394567248,100,0,0,15751594,592,0,0,0,1,0,110,0,0,0,0
1394567308,100,0,0,15766997,592,0,0,0,1,0,102,0,0,0,0
1394567368,100,0,0,15784046,593,0,0,0,1,0,110,0,0,0,0
1394567428,100,0,0,15801088,594,0,0,0,1,0,102,0,0,0,0
1394567488,100,0,0,15818137,594,0,0,0,2,0,110,0,0,0,0
1394567548,100,0,0,15835178,595,0,0,0,1,0,102,0,0,0,0
1394567608,100,0,0,15850581,596,0,0,0,1,0,102,0,0,0,0
1394567668,100,0,0,15867630,596,0,0,0,1,0,110,0,0,0,0
1394567728,100,0,0,15884680,597,0,0,0,1,0,110,0,0,0,0
1394567788,100,0,0,15900637,597,0,0,0,1,0,110,0,0,0,0
1394567848,100,0,0,15916040,598,0,0,0,1,0,102,0,0,0,0
1394567908,100,0,0,15931451,599,0,0,0,1,0,110,0,0,0,0
1394567968,100,0,0,15948492,599,0,0,0,1,0,102,0,0,0,0
1394568028,100,0,0,15965533,600,0,0,0,1,0,102,0,0,0,0
1394568088,100,0,0,15982574,601,0,0,0,1,0,102,0,0,0,0
1394568148,100,0,0,15998532,601,0,0,0,1,0,110,0,0,0,0
1394568208,100,0,0,16015573,602,0,0,0,1,0,102,0,0,0,0
1394568268,100,0,0,16032622,602,0,0,0,1,0,110,0,0,0,0
1394568328,100,0,0,16048025,603,0,0,0,1,0,102,0,0,0,0
1394568388,100,0,0,16065075,604,0,0,0,1,0,110,0,0,0,0
1394568448,100,0,0,16082116,604,0,0,0,1,0,102,0,0,0,0
1394568508,100,0,0,16099157,605,0,0,0,2,0,102,0,0,0,0
1394568568,100,0,0,16114560,605,0,0,0,1,0,102,0,0,0,0
1394568628,100,0,0,16130517,606,0,0,0,1,0,110,0,0,0,0
1394568688,100,0,0,16147566,607,0,0,0,1,0,110,0,0,0,0
1394568748,100,0,0,16164608,607,0,0,0,1,0,102,0,0,0,0
1394568808,100,0,0,16180565,608,0,0,0,1,0,110,0,0,0,0
1394568868,100,0,0,16195976,609,0,0,0,1,0,110,0,0,0,0
1394568928,100,0,0,16211379,609,0,0,0,1,0,102,0,0,0,0
1394568988,100,0,0,16228420,610,0,0,0,1,0,59,0,0,0,0
1394569048,100,0,0,16243822,610,0,0,0,2,0,102,0,0,0,0
1394569108,100,0,0,16260864,611,0,0,0,2,0,110,0,0,0,0
1394569168,100,0,0,16277905,612,0,0,0,1,0,102,0,0,0,0
1394569228,100,0,0,16294946,612,0,0,0,1,0,102,0,0,0,0
1394569288,100,0,0,16310357,613,0,0,0,1,0,110,0,0,0,0
1394569348,100,0,0,16325768,613,0,0,0,1,0,102,0,0,0,0
1394569408,100,0,0,16342809,614,0,0,0,2,0,102,0,0,0,0
1394569468,100,0,0,16359850,615,0,0,0,1,0,102,0,0,0,0
1394569528,100,0,0,16375253,615,0,0,0,1,0,102,0,0,0,0
1394569588,100,0,0,16390656,616,0,0,0,1,0,110,0,0,0,0
1394569648,100,0,0,16406058,616,0,0,0,1,0,136,0,0,0,0
1394569708,100,0,0,16425838,617,0,0,0,1,0,68,0,0,0,0
1394569768,100,0,0,16442880,618,0,0,0,1,0,102,0,0,0,0
1394569828,100,0,0,16458837,618,0,0,0,1,0,110,0,0,0,0
1394569888,100,0,0,16474240,619,0,0,0,1,0,102,0,0,0,0
1394569948,100,0,0,16489642,619,0,0,0,1,0,110,0,0,0,0
1394570008,100,0,0,16506683,620,0,0,0,1,0,102,0,0,0,0
1394570068,100,0,0,16523724,621,0,0,0,1,0,136,0,0,0,0
1394570128,100,0,0,16540765,621,0,0,0,1,0,68,0,0,0,0
1394570188,100,0,0,16557815,622,0,0,0,1,0,102,0,0,0,0
1394570248,100,0,0,16573772,623,0,0,0,1,0,110,0,0,0,0
1394570308,100,0,0,16589175,623,0,0,0,1,0,102,0,0,0,0
1394570368,100,0,0,16605124,624,0,0,0,1,0,102,0,0,0,0
1394570428,100,0,0,16622165,624,0,0,0,1,0,145,0,0,0,0
1394570488,100,0,0,16364820,615,0,0,0,1,0,100,0,0,0,0
1394570549,100,0,0,16653525,626,0,0,0,1,0,110,0,0,0,0
1394570609,100,0,0,16671667,626,0,0,0,1,0,110,0,0,0,0
1394570669,100,0,0,16687069,627,0,0,0,2,0,102,0,0,0,0
1394570729,100,0,0,16704110,627,0,0,0,1,0,102,0,0,0,0
1394570789,100,0,0,16721152,628,0,0,0,1,0,102,0,0,0,0
1394570849,100,0,0,16736554,629,0,0,0,1,0,102,0,0,0,0
1394570909,100,0,0,16751957,629,0,0,0,1,0,102,0,0,0,0
1394570969,100,0,0,16767360,630,0,0,0,1,0,102,0,0,0,0
1394571029,100,0,0,16784409,630,0,0,0,1,0,110,0,0,0,0
1394571089,100,0,0,16799812,631,0,0,0,1,0,102,0,0,0,0
1394571149,100,0,0,16816853,632,0,0,0,1,0,102,0,0,0,0
1394571209,100,0,0,16832810,632,0,0,0,1,0,110,0,0,0,0
1394571269,100,0,0,16848768,633,0,0,0,1,0,110,0,0,0,0
1394571329,100,0,0,16865817,633,0,0,0,1,0,110,0,0,0,0
1394571389,100,0,0,16881220,634,0,0,0,1,0,102,0,0,0,0
1394571449,100,0,0,16896622,635,0,0,0,1,0,102,0,0,0,0
1394571509,100,0,0,16913143,635,0,0,0,2,0,128,0,0,0,0
1394571569,100,0,0,16928554,636,0,0,0,1,0,110,0,0,0,0
1394571629,100,0,0,16943965,636,0,0,0,1,0,110,0,0,0,0
1394571689,100,0,0,16961006,637,0,0,0,1,0,102,0,0,0,0
1394571749,100,0,0,16976409,638,0,0,0,1,0,102,0,0,0,0
1394571809,100,0,0,16993450,638,0,0,0,1,0,102,0,0,0,0
1394571869,100,0,0,17008853,639,0,0,0,1,0,102,0,0,0,0
1394571929,100,0,0,17025902,639,0,0,0,2,0,110,0,0,0,0
1394571989,100,0,0,17041868,640,0,0,0,1,0,119,0,0,0,0
1394572049,100,0,0,17059456,641,0,0,0,1,0,102,0,0,0,0
1394572109,100,0,0,17076505,641,0,0,0,1,0,110,0,0,0,0
1394572169,100,0,0,17091908,642,0,0,0,1,0,102,0,0,0,0
1394572229,100,0,0,17108949,643,0,0,0,1,0,102,0,0,0,0
1394572289,100,0,0,17124906,643,0,0,0,1,0,110,0,0,0,0
1394572349,100,0,0,17140317,644,0,0,0,1,0,110,0,0,0,0
1394572409,100,0,0,17155720,644,0,0,0,2,0,102,0,0,0,0
1394572469,100,0,0,17172778,645,0,0,0,1,0,76,0,0,0,0
1394572529,100,0,0,17189819,646,0,0,0,1,0,102,0,0,0,0
1394572589,100,0,0,17206860,646,0,0,0,1,0,102,0,0,0,0
1394572649,100,0,0,17223901,647,0,0,0,1,0,102,0,0,0,0
1394572709,100,0,0,17240942,648,0,0,0,1,0,110,0,0,0,0
1394572769,100,0,0,17256345,648,0,0,0,1,0,136,0,0,0,0
1394572829,100,0,0,17272302,649,0,0,0,1,0,110,0,0,0,0
1394572889,100,0,0,17288251,649,0,0,0,2,0,102,0,0,0,0
1394572949,100,0,0,17305301,650,0,0,0,1,0,68,0,0,0,0
1394573009,100,0,0,17322342,651,0,0,0,1,0,145,0,0,0,0
1394573069,100,0,0,17342114,651,0,0,0,1,0,102,0,0,0,0
1394573129,100,0,0,17359155,652,0,0,0,1,0,68,0,0,0,0
1394573189,100,0,0,17376196,653,0,0,0,1,0,102,0,0,0,0
1394573249,100,0,0,17393237,653,0,0,0,1,0,136,0,0,0,0
1394573309,100,0,0,17408648,654,0,0,0,1,0,110,0,0,0,0
1394573369,100,0,0,17425689,654,0,0,0,1,0,59,0,0,0,0
1394573429,100,0,0,17443276,655,0,0,0,1,0,102,0,0,0,0
1394573489,100,0,0,17460326,656,0,0,0,1,0,110,0,0,0,0
1394573549,100,0,0,17475729,656,0,0,0,1,0,145,0,0,0,0
1394573609,100,0,0,17492770,657,0,0,0,1,0,68,0,0,0,0
1394573669,100,0,0,17509811,658,0,0,0,2,0,102,0,0,0,0
1394573729,100,0,0,17530683,658,0,0,0,1,0,102,0,0,0,0
1394573789,100,0,0,17548270,659,0,0,0,1,0,102,0,0,0,0
1394573849,100,0,0,17566404,660,0,0,0,1,0,145,0,0,0,0
1394573909,100,0,0,17581806,660,0,0,0,1,0,102,0,0,0,0
1394573969,100,0,0,17599402,661,0,0,0,1,0,110,0,0,0,0
1394574029,100,0,0,17614805,661,0,0,0,1,0,102,0,0,0,0
1394574089,100,0,0,17631846,662,0,0,0,1,0,102,0,0,0,0
1394574149,100,0,0,17648887,663,0,0,0,1,0,102,0,0,0,0
1394574209,100,0,0,17665928,663,0,0,0,2,0,102,0,0,0,0
1394574269,100,0,0,17681339,664,0,0,0,1,0,110,0,0,0,0
1394574329,100,0,0,17698380,665,0,0,0,1,0,102,0,0,0,0
1394574389,100,0,0,17713783,665,0,0,0,1,0,102,0,0,0,0
1394574449,100,0,0,17729749,666,0,0,0,1,0,119,0,0,0,0
1394574509,100,0,0,17745160,666,0,0,0,1,0,110,0,0,0,0
1394574569,100,0,0,17762201,667,0,0,0,1,0,102,0,0,0,0
1394574629,100,0,0,17777604,667,0,0,0,1,0,102,0,0,0,0
1394574689,100,0,0,17794653,668,0,0,0,1,0,110,0,0,0,0
1394574749,100,0,0,17810056,669,0,0,0,1,0,102,0,0,0,0
1394574809,100,0,0,17827097,669,0,0,0,1,0,102,0,0,0,0
1394574869,100,0,0,17843054,670,0,0,0,2,0,110,0,0,0,0
1394574929,100,0,0,17860113,671,0,0,0,1,0,119,0,0,0,0
1394574989,100,0,0,17877154,671,0,0,0,1,0,102,0,0,0,0
1394575049,100,0,0,17898026,672,0,0,0,1,0,110,0,0,0,0
1394575109,100,0,0,17915067,673,0,0,0,1,0,102,0,0,0,0
1394575169,100,0,0,17930478,673,0,0,0,2,0,110,0,0,0,0
1394575229,100,0,0,17945881,674,0,0,0,1,0,102,0,0,0,0
1394575289,100,0,0,17961284,674,0,0,0,1,0,102,0,0,0,0
1394575349,100,0,0,17978325,675,0,0,0,2,0,102,0,0,0,0
1394575409,100,0,0,17995366,676,0,0,0,1,0,102,0,0,0,0
1394575469,100,0,0,18010769,676,0,0,0,1,0,102,0,0,0,0
1394575529,100,0,0,18027810,677,0,0,0,1,0,102,0,0,0,0
1394575589,100,0,0,18044851,677,0,0,0,1,0,102,0,0,0,0
1394575649,100,0,0,18060262,678,0,0,0,1,0,110,0,0,0,0
1394575709,100,0,0,18076219,679,0,0,0,1,0,110,0,0,0,0
1394575769,100,0,0,17796658,668,0,0,0,1,0,67,0,0,0,0
1394575830,100,0,0,18109226,680,0,0,0,1,0,110,0,0,0,0
1394575890,100,0,0,18126267,681,0,0,0,1,0,110,0,0,0,0
1394575950,100,0,0,18142225,681,0,0,0,1,0,145,0,0,0,0
1394576010,100,0,0,18159266,682,0,0,0,1,0,102,0,0,0,0
1394576070,100,0,0,18175223,682,0,0,0,1,0,110,0,0,0,0
1394576130,100,0,0,18192819,683,0,0,0,1,0,68,0,0,0,0
1394576190,100,0,0,18208221,684,0,0,0,1,0,102,0,0,0,0
1394576250,100,0,0,18225262,684,0,0,0,1,0,102,0,0,0,0
1394576310,100,0,0,18240665,685,0,0,0,1,0,145,0,0,0,0
1394576370,100,0,0,18257715,685,0,0,0,1,0,110,0,0,0,0
1394576430,100,0,0,18273664,686,0,0,0,2,0,102,0,0,0,0
1394576490,100,0,0,18291259,687,0,0,0,1,0,76,0,0,0,0
1394576550,100,0,0,18308300,687,0,0,0,1,0,136,0,0,0,0
1394576610,100,0,0,18325350,688,0,0,0,1,0,68,0,0,0,0
1394576670,100,0,0,18342391,689,0,0,0,1,0,102,0,0,0,0
1394576730,100,0,0,18357794,689,0,0,0,1,0,102,0,0,0,0
1394576790,100,0,0,18374835,690,0,0,0,1,0,102,0,0,0,0
1394576850,100,0,0,18390237,690,0,0,0,1,0,110,0,0,0,0
1394576910,100,0,0,18406195,691,0,0,0,1,0,145,0,0,0,0
1394576970,100,0,0,18422152,692,0,0,0,1,0,110,0,0,0,0
1394577030,100,0,0,18437555,692,0,0,0,1,0,102,0,0,0,0
1394577090,100,0,0,18453512,693,0,0,0,1,0,110,0,0,0,0
1394577150,100,0,0,18470553,693,0,0,0,2,0,102,0,0,0,0
1394577210,100,0,0,18485956,694,0,0,0,1,0,102,0,0,0,0
1394577270,100,0,0,18501913,695,0,0,0,1,0,110,0,0,0,0
1394577330,100,0,0,18517316,695,0,0,0,1,0,102,0,0,0,0
1394577390,100,0,0,18534357,696,0,0,0,1,0,102,0,0,0,0
1394577450,100,0,0,18549760,696,0,0,0,1,0,102,0,0,0,0
1394577510,100,0,0,18567347,697,0,0,0,1,0,102,0,0,0,0
1394577570,100,0,0,18582758,698,0,0,0,1,0,110,0,0,0,0
1394577630,100,0,0,18598169,698,0,0,0,2,0,110,0,0,0,0
1394577690,100,0,0,18615219,699,0,0,0,1,0,110,0,0,0,0
1394577750,100,0,0,18631176,699,0,0,0,1,0,110,0,0,0,0
1394577810,100,0,0,18647125,700,0,0,0,1,0,102,0,0,0,0
1394577870,100,0,0,18663074,701,0,0,0,1,0,102,0,0,0,0
1394577930,100,0,0,18678476,701,0,0,0,1,0,102,0,0,0,0
1394577990,100,0,0,18693879,702,0,0,0,1,0,102,0,0,0,0
1394578050,100,0,0,18710929,702,0,0,0,1,0,110,0,0,0,0
1394578110,100,0,0,18726331,703,0,0,0,1,0,102,0,0,0,0
1394578170,100,0,0,18743372,704,0,0,0,1,0,102,0,0,0,0
1394578230,100,0,0,18759330,704,0,0,0,1,0,110,0,0,0,0
1394578290,100,0,0,18776379,705,0,0,0,1,0,110,0,0,0,0
1394578350,100,0,0,18793966,705,0,0,0,1,0,102,0,0,0,0
1394578410,100,0,0,18809924,706,0,0,0,2,0,110,0,0,0,0
1394578470,100,0,0,18825326,707,0,0,0,1,0,102,0,0,0,0
1394578530,100,0,0,18841838,707,0,0,0,1,0,119,0,0,0,0
1394578590,100,0,0,18857250,708,0,0,0,1,0,110,0,0,0,0
1394578650,100,0,0,18873207,708,0,0,0,1,0,110,0,0,0,0
1394578710,100,0,0,18890794,709,0,0,0,1,0,102,0,0,0,0
1394578770,100,0,0,18906197,710,0,0,0,1,0,102,0,0,0,0
1394578830,100,0,0,18923238,710,0,0,0,1,0,102,0,0,0,0
1394578890,100,0,0,18941926,711,0,0,0,1,0,110,0,0,0,0
1394578950,100,0,0,18957337,712,0,0,0,1,0,110,0,0,0,0
1394579010,100,0,0,18974378,712,0,0,0,1,0,102,0,0,0,0
1394579070,100,0,0,18990336,713,0,0,0,1,0,110,0,0,0,0
1394579130,100,0,0,19005738,713,0,0,0,1,0,102,0,0,0,0
1394579190,100,0,0,19024435,714,0,0,0,1,0,119,0,0,0,0
1394579250,100,0,0,19045853,715,0,0,0,2,0,110,0,0,0,0
1394579310,100,0,0,19062894,716,0,0,0,2,0,68,0,0,0,0
1394579370,100,0,0,19079944,716,0,0,0,1,0,102,0,0,0,0
1394579430,100,0,0,19095347,717,0,0,0,1,0,102,0,0,0,0
1394579490,100,0,0,19111304,717,0,0,0,1,0,110,0,0,0,0
1394579550,100,0,0,19126707,718,0,0,0,1,0,102,0,0,0,0
1394579610,100,0,0,19142664,719,0,0,0,1,0,110,0,0,0,0
1394579670,100,0,0,19158621,719,0,0,0,1,0,119,0,0,0,0
1394579730,100,0,0,19174033,720,0,0,0,2,0,110,0,0,0,0
1394579790,100,0,0,19191074,720,0,0,0,1,0,102,0,0,0,0
1394579850,100,0,0,19207577,721,0,0,0,1,0,102,0,0,0,0
1394579910,100,0,0,19222980,722,0,0,0,1,0,102,0,0,0,0
1394579970,100,0,0,19238937,722,0,0,0,1,0,110,0,0,0,0
1394580030,100,0,0,19254340,723,0,0,0,1,0,102,0,0,0,0
1394580090,100,0,0,19269742,723,0,0,0,1,0,102,0,0,0,0
1394580150,100,0,0,19286254,724,0,0,0,1,0,128,0,0,0,0
1394580210,100,0,0,19303304,725,0,0,0,2,0,145,0,0,0,0
1394580270,100,0,0,19323630,725,0,0,0,1,0,110,0,0,0,0
1394580330,100,0,0,19339033,726,0,0,0,1,0,102,0,0,0,0
1394580390,100,0,0,19358805,727,0,0,0,1,0,102,0,0,0,0
1394580450,100,0,0,19374762,727,0,0,0,1,0,110,0,0,0,0
1394580510,100,0,0,19072302,716,0,0,0,1,0,109,0,0,0,0
1394580571,100,0,0,19407223,728,0,0,0,1,0,110,0,0,0,0
1394580631,100,0,0,19423180,729,0,0,0,1,0,110,0,0,0,0
1394580691,100,0,0,19439138,730,0,0,0,1,0,110,0,0,0,0
1394580751,100,0,0,19454540,730,0,0,0,1,0,102,0,0,0,0
1394580811,100,0,0,19470498,731,0,0,0,1,0,110,0,0,0,0
1394580871,100,0,0,19486455,732,0,0,0,1,0,110,0,0,0,0
1394580931,100,0,0,19503496,732,0,0,0,1,0,102,0,0,0,0
1394580991,100,0,0,19519991,733,0,0,0,1,0,102,0,0,0,0
1394581051,100,0,0,19537041,733,0,0,0,1,0,110,0,0,0,0
1394581111,100,0,0,19552443,734,0,0,0,1,0,102,0,0,0,0
1394581171,100,0,0,19569484,735,0,0,0,1,0,102,0,0,0,0
1394581231,100,0,0,19584887,735,0,0,0,1,0,102,0,0,0,0
1394581291,100,0,0,19601937,736,0,0,0,1,0,110,0,0,0,0
1394581351,100,0,0,19618978,736,0,0,0,1,0,102,0,0,0,0
1394581411,100,0,0,19634926,737,0,0,0,1,0,102,0,0,0,0
1394581471,100,0,0,19652514,738,0,0,0,1,0,102,0,0,0,0
1394581531,100,0,0,19668480,738,0,0,0,1,0,119,0,0,0,0
1394581591,100,0,0,19685529,739,0,0,0,2,0,110,0,0,0,0
1394581651,100,0,0,19701486,740,0,0,0,2,0,110,0,0,0,0
1394581711,100,0,0,19718528,740,0,0,0,1,0,102,0,0,0,0
1394581771,100,0,0,19735040,741,0,0,0,1,0,119,0,0,0,0
1394581831,100,0,0,19752081,741,0,0,0,1,0,102,0,0,0,0
1394581891,100,0,0,19769668,742,0,0,0,1,0,102,0,0,0,0
1394581951,100,0,0,19785625,743,0,0,0,1,0,110,0,0,0,0
1394582011,100,0,0,19804322,743,0,0,0,1,0,119,0,0,0,0
1394582071,100,0,0,19821363,744,0,0,0,1,0,102,0,0,0,0
1394582131,100,0,0,19836765,745,0,0,0,1,0,102,0,0,0,0
1394582191,100,0,0,19853806,745,0,0,0,1,0,102,0,0,0,0
1394582251,100,0,0,19869226,746,0,0,0,1,0,119,0,0,0,0
1394582311,100,0,0,19889006,747,0,0,0,1,0,68,0,0,0,0
1394582371,100,0,0,19906048,747,0,0,0,1,0,102,0,0,0,0
1394582431,100,0,0,19922551,748,0,0,0,1,0,110,0,0,0,0
1394582491,100,0,0,19938508,749,0,0,0,1,0,153,0,0,0,0
1394582551,100,0,0,19953911,749,0,0,0,1,0,68,0,0,0,0
1394582611,100,0,0,19970952,750,0,0,0,1,0,102,0,0,0,0
1394582671,100,0,0,19986909,750,0,0,0,1,0,110,0,0,0,0
1394582731,100,0,0,20002875,751,0,0,0,1,0,153,0,0,0,0
1394582791,100,0,0,20018278,752,0,0,0,1,0,59,0,0,0,0
1394582851,100,0,0,20035319,752,0,0,0,1,0,102,0,0,0,0
1394582911,100,0,0,20052360,753,0,0,0,1,0,102,0,0,0,0
1394582971,100,0,0,20068864,753,0,0,0,2,0,153,0,0,0,0
1394583031,100,0,0,20084821,754,0,0,0,1,0,76,0,0,0,0
1394583091,100,0,0,20101324,755,0,0,0,1,0,145,0,0,0,0
1394583151,100,0,0,20116736,755,0,0,0,1,0,76,0,0,0,0
1394583211,100,0,0,20132147,756,0,0,0,1,0,102,0,0,0,0
1394583271,100,0,0,20149188,756,0,0,0,1,0,102,0,0,0,0
1394583331,100,0,0,20166229,757,0,0,0,1,0,102,0,0,0,0
1394583391,100,0,0,20183270,758,0,0,0,1,0,102,0,0,0,0
1394583451,100,0,0,20198673,758,0,0,0,2,0,145,0,0,0,0
1394583511,100,0,0,20217915,759,0,0,0,1,0,76,0,0,0,0
1394583571,100,0,0,20233318,760,0,0,0,1,0,102,0,0,0,0
1394583631,100,0,0,20249275,760,0,0,0,1,0,153,0,0,0,0
1394583691,100,0,0,20266316,761,0,0,0,1,0,102,0,0,0,0
1394583751,100,0,0,20281719,761,0,0,0,1,0,102,0,0,0,0
1394583811,100,0,0,20297676,762,0,0,0,2,0,110,0,0,0,0
1394583871,100,0,0,20313079,763,0,0,0,1,0,102,0,0,0,0
1394583931,100,0,0,20329036,763,0,0,0,1,0,110,0,0,0,0
1394583991,100,0,0,20344448,764,0,0,0,1,0,110,0,0,0,0
1394584051,100,0,0,20359850,764,0,0,0,1,0,102,0,0,0,0
1394584111,100,0,0,20376891,765,0,0,0,1,0,102,0,0,0,0
1394584171,100,0,0,20392294,766,0,0,0,1,0,102,0,0,0,0
1394584231,100,0,0,20409335,766,0,0,0,1,0,102,0,0,0,0
1394584291,100,0,0,20426376,767,0,0,0,1,0,102,0,0,0,0
1394584351,100,0,0,20443426,767,0,0,0,1,0,110,0,0,0,0
1394584411,100,0,0,20461568,768,0,0,0,1,0,110,0,0,0,0
1394584471,100,0,0,20477525,769,0,0,0,1,0,110,0,0,0,0
1394584531,100,0,0,20493482,769,0,0,0,1,0,110,0,0,0,0
1394584591,100,0,0,20509440,770,0,0,0,1,0,110,0,0,0,0
1394584651,100,0,0,20528674,771,0,0,0,1,0,110,0,0,0,0
1394584711,100,0,0,20545723,771,0,0,0,2,0,110,0,0,0,0
1394584771,100,0,0,20561134,772,0,0,0,1,0,110,0,0,0,0
1394584831,100,0,0,20578176,773,0,0,0,1,0,102,0,0,0,0
1394584891,100,0,0,20593578,773,0,0,0,1,0,102,0,0,0,0
1394584951,100,0,0,20610619,774,0,0,0,1,0,102,0,0,0,0
1394585011,100,0,0,20627660,774,0,0,0,1,0,102,0,0,0,0
1394585071,100,0,0,20643618,775,0,0,0,1,0,110,0,0,0,0
1394585131,100,0,0,20660659,776,0,0,0,1,0,102,0,0,0,0
1394585191,100,0,0,20679347,776,0,0,0,1,0,110,0,0,0,0
1394585251,100,0,0,20695304,777,0,0,0,1,0,110,0,0,0,0
1394585311,100,0,0,20710707,777,0,0,0,1,0,102,0,0,0,0
1394585371,100,0,0,20726664,778,0,0,0,2,0,110,0,0,0,0
1394585431,100,0,0,20402041,766,0,0,0,1,0,109,0,0,0,0
1394585492,100,0,0,20761856,779,0,0,0,1,0,68,0,0,0,0
1394585552,100,0,0,20777267,780,0,0,0,1,0,110,0,0,0,0
1394585612,100,0,0,20794308,781,0,0,0,1,0,145,0,0,0,0
1394585672,100,0,0,20812450,781,0,0,0,1,0,76,0,0,0,0
1394585732,100,0,0,20827861,782,0,0,0,1,0,102,0,0,0,0
1394585792,100,0,0,20843264,782,0,0,0,1,0,102,0,0,0,0
1394585852,100,0,0,20859221,783,0,0,0,1,0,110,0,0,0,0
1394585912,100,0,0,20875724,784,0,0,0,1,0,153,0,0,0,0
1394585972,100,0,0,20891127,784,0,0,0,1,0,102,0,0,0,0
1394586032,100,0,0,20906530,785,0,0,0,1,0,102,0,0,0,0
1394586092,100,0,0,20923571,785,0,0,0,2,0,68,0,0,0,0
1394586152,100,0,0,20940083,786,0,0,0,1,0,153,0,0,0,0
1394586212,100,0,0,20956049,787,0,0,0,1,0,119,0,0,0,0
1394586272,100,0,0,20971451,787,0,0,0,1,0,102,0,0,0,0
1394586332,100,0,0,20988492,788,0,0,0,1,0,102,0,0,0,0
1394586392,100,0,0,21005533,789,0,0,0,1,0,102,0,0,0,0
1394586452,100,0,0,21022574,789,0,0,0,1,0,102,0,0,0,0
1394586512,100,0,0,21038532,790,0,0,0,1,0,110,0,0,0,0
1394586572,100,0,0,21054489,790,0,0,0,1,0,110,0,0,0,0
1394586632,100,0,0,21070993,791,0,0,0,1,0,110,0,0,0,0
1394586692,100,0,0,21086395,792,0,0,0,1,0,68,0,0,0,0
1394586752,100,0,0,21102361,792,0,0,0,1,0,153,0,0,0,0
1394586812,100,0,0,21119411,793,0,0,0,2,0,110,0,0,0,0
1394586872,100,0,0,21135368,794,0,0,0,1,0,68,0,0,0,0
1394586932,100,0,0,21151325,794,0,0,0,1,0,110,0,0,0,0
1394586992,100,0,0,21167283,795,0,0,0,1,0,153,0,0,0,0
1394587052,100,0,0,21182685,795,0,0,0,1,0,102,0,0,0,0
1394587112,100,0,0,21198643,796,0,0,0,1,0,110,0,0,0,0
1394587172,100,0,0,21217348,797,0,0,0,1,0,128,0,0,0,0
1394587232,100,0,0,21233851,797,0,0,0,1,0,110,0,0,0,0
1394587292,100,0,0,21249809,798,0,0,0,1,0,110,0,0,0,0
1394587352,100,0,0,21265220,799,0,0,0,1,0,110,0,0,0,0
1394587412,100,0,0,21280622,799,0,0,0,1,0,102,0,0,0,0
1394587472,100,0,0,21296025,800,0,0,0,2,0,102,0,0,0,0
1394587532,100,0,0,21311982,800,0,0,0,1,0,110,0,0,0,0
1394587592,100,0,0,21329032,801,0,0,0,1,0,110,0,0,0,0
1394587652,100,0,0,21346073,802,0,0,0,1,0,102,0,0,0,0
1394587712,100,0,0,21361476,802,0,0,0,1,0,102,0,0,0,0
1394587772,100,0,0,21376878,803,0,0,0,1,0,102,0,0,0,0
1394587832,100,0,0,21392836,803,0,0,0,1,0,110,0,0,0,0
1394587892,100,0,0,21408793,804,0,0,0,1,0,110,0,0,0,0
1394587952,100,0,0,21424750,805,0,0,0,1,0,110,0,0,0,0
1394588012,100,0,0,21440153,805,0,0,0,1,0,102,0,0,0,0
1394588072,100,0,0,21455564,806,0,0,0,1,0,110,0,0,0,0
1394588132,100,0,0,21472605,806,0,0,0,1,0,102,0,0,0,0
1394588192,100,0,0,21489646,807,0,0,0,1,0,102,0,0,0,0
1394588252,100,0,0,21505604,808,0,0,0,1,0,110,0,0,0,0
1394588312,100,0,0,21521006,808,0,0,0,2,0,102,0,0,0,0
1394588372,100,0,0,21536409,809,0,0,0,1,0,102,0,0,0,0
1394588432,100,0,0,21551812,809,0,0,0,1,0,102,0,0,0,0
1394588492,100,0,0,21567214,810,0,0,0,1,0,102,0,0,0,0
1394588552,100,0,0,21584264,810,0,0,0,1,0,110,0,0,0,0
1394588612,100,0,0,21599667,811,0,0,0,2,0,102,0,0,0,0
1394588672,100,0,0,21617800,812,0,0,0,1,0,102,0,0,0,0
1394588732,100,0,0,21633757,812,0,0,0,1,0,110,0,0,0,0
1394588792,100,0,0,21649715,813,0,0,0,1,0,110,0,0,0,0
1394588852,100,0,0,21665117,813,0,0,0,1,0,102,0,0,0,0
1394588912,100,0,0,21681083,814,0,0,0,1,0,119,0,0,0,0
1394588972,100,0,0,21696486,815,0,0,0,1,0,59,0,0,0,0
1394589032,100,0,0,21716258,815,0,0,0,1,0,145,0,0,0,0
1394589092,100,0,0,21732215,816,0,0,0,1,0,76,0,0,0,0
1394589152,100,0,0,21747618,817,0,0,0,1,0,136,0,0,0,0
1394589212,100,0,0,21764659,817,0,0,0,1,0,102,0,0,0,0
1394589272,100,0,0,21780625,818,0,0,0,1,0,119,0,0,0,0
1394589332,100,0,0,21797666,818,0,0,0,1,0,102,0,0,0,0
1394589392,100,0,0,21813623,819,0,0,0,1,0,110,0,0,0,0
1394589452,100,0,0,21829580,820,0,0,0,1,0,110,0,0,0,0
1394589512,100,0,0,21846621,820,0,0,0,1,0,68,0,0,0,0
1394589572,100,0,0,21862033,821,0,0,0,1,0,145,0,0,0,0
1394589632,100,0,0,21877990,822,0,0,0,1,0,76,0,0,0,0
1394589692,100,0,0,21893393,822,0,0,0,1,0,136,0,0,0,0
1394589752,100,0,0,21909905,823,0,0,0,1,0,119,0,0,0,0
1394589812,100,0,0,21925862,823,0,0,0,1,0,110,0,0,0,0
1394589872,100,0,0,21941273,824,0,0,0,1,0,110,0,0,0,0
1394589932,100,0,0,21956684,824,0,0,0,1,0,68,0,0,0,0
1394589992,100,0,0,21972642,825,0,0,0,3,0,153,0,0,0,0
1394590052,100,0,0,21988599,826,0,0,0,1,0,76,0,0,0,0
1394590112,100,0,0,22004556,826,0,0,0,1,0,110,0,0,0,0
1394590172,100,0,0,22019959,827,0,0,0,1,0,102,0,0,0,0
1394590232,100,0,0,22037000,828,0,0,0,1,0,136,0,0,0,0
1394590292,100,0,0,22052411,828,0,0,0,1,0,68,0,0,0,0
1394590352,100,0,0,22069452,829,0,0,0,1,0,102,0,0,0,0
1394590412,100,0,0,22085410,829,0,0,0,1,0,110,0,0,0,0
1394590472,100,0,0,21739049,816,0,0,0,1,0,109,0,0,0,0
1394590533,100,0,0,22118408,831,0,0,0,1,0,145,0,0,0,0
1394590593,100,0,0,22133811,831,0,0,0,1,0,102,0,0,0,0
1394590653,100,0,0,22149213,832,0,0,0,1,0,102,0,0,0,0
1394590713,100,0,0,22164616,832,0,0,0,1,0,102,0,0,0,0
1394590773,100,0,0,22180590,833,0,0,0,1,0,128,0,0,0,0
1394590833,100,0,0,22196556,834,0,0,0,1,0,119,0,0,0,0
1394590893,100,0,0,22211959,834,0,0,0,1,0,102,0,0,0,0
1394590953,100,0,0,22229000,835,0,0,0,1,0,102,0,0,0,0
1394591013,100,0,0,22247688,835,0,0,0,1,0,110,0,0,0,0
1394591073,100,0,0,22264738,836,0,0,0,1,0,110,0,0,0,0
1394591133,100,0,0,22280157,837,0,0,0,1,0,119,0,0,0,0
1394591193,100,0,0,22295569,837,0,0,0,1,0,110,0,0,0,0
1394591253,100,0,0,22312072,838,0,0,0,1,0,110,0,0,0,0
1394591313,100,0,0,22329113,839,0,0,0,2,0,102,0,0,0,0
1394591373,100,0,0,22344516,839,0,0,0,1,0,102,0,0,0,0
1394591433,100,0,0,22361565,840,0,0,0,1,0,110,0,0,0,0
1394591493,100,0,0,22376968,840,0,0,0,1,0,102,0,0,0,0
1394591553,100,0,0,22392371,841,0,0,0,1,0,102,0,0,0,0
1394591613,100,0,0,22407782,841,0,0,0,1,0,110,0,0,0,0
1394591673,100,0,0,22427554,842,0,0,0,1,0,102,0,0,0,0
1394591733,100,0,0,22444595,843,0,0,0,1,0,102,0,0,0,0
1394591793,100,0,0,22460552,843,0,0,0,1,0,110,0,0,0,0
1394591853,100,0,0,22475955,844,0,0,0,1,0,102,0,0,0,0
1394591913,100,0,0,22492996,845,0,0,0,2,0,102,0,0,0,0
1394591973,100,0,0,22510045,845,0,0,0,1,0,110,0,0,0,0
1394592033,100,0,0,22525448,846,0,0,0,1,0,102,0,0,0,0
1394592093,100,0,0,22542489,847,0,0,0,1,0,102,0,0,0,0
1394592153,100,0,0,22558446,847,0,0,0,1,0,110,0,0,0,0
1394592213,100,0,0,22575488,848,0,0,0,1,0,102,0,0,0,0
1394592273,100,0,0,22590890,848,0,0,0,1,0,102,0,0,0,0
1394592333,100,0,0,22607931,849,0,0,0,1,0,102,0,0,0,0
1394592393,100,0,0,22623342,850,0,0,0,1,0,110,0,0,0,0
1394592453,100,0,0,22638745,850,0,0,0,1,0,102,0,0,0,0
1394592513,100,0,0,22654156,851,0,0,0,1,0,68,0,0,0,0
1394592573,100,0,0,22670114,851,0,0,0,1,0,110,0,0,0,0
1394592633,100,0,0,22687155,852,0,0,0,1,0,102,0,0,0,0
1394592693,100,0,0,22703112,853,0,0,0,1,0,110,0,0,0,0
1394592753,100,0,0,22718523,853,0,0,0,1,0,119,0,0,0,0
1394592813,100,0,0,22734481,854,0,0,0,1,0,110,0,0,0,0
1394592873,100,0,0,22751522,854,0,0,0,1,0,102,0,0,0,0
1394592933,100,0,0,22767479,855,0,0,0,1,0,110,0,0,0,0
1394592993,100,0,0,22784529,856,0,0,0,1,0,102,0,0,0,0
1394593053,100,0,0,22799931,856,0,0,0,1,0,102,0,0,0,0
1394593113,100,0,0,22815334,857,0,0,0,1,0,102,0,0,0,0
1394593173,100,0,0,22831300,857,0,0,0,2,0,119,0,0,0,0
1394593233,100,0,0,22847257,858,0,0,0,1,0,119,0,0,0,0
1394593293,100,0,0,22863214,859,0,0,0,1,0,110,0,0,0,0
1394593353,100,0,0,22880256,859,0,0,0,1,0,102,0,0,0,0
1394593413,100,0,0,22896213,860,0,0,0,1,0,110,0,0,0,0
1394593473,100,0,0,22913262,861,0,0,0,2,0,145,0,0,0,0
1394593533,100,0,0,22928665,861,0,0,0,1,0,59,0,0,0,0
1394593593,100,0,0,22945706,862,0,0,0,1,0,145,0,0,0,0
1394593653,100,0,0,22961109,862,0,0,0,1,0,102,0,0,0,0
1394593713,100,0,0,22977066,863,0,0,0,1,0,110,0,0,0,0
1394593773,100,0,0,22995754,864,0,0,0,1,0,76,0,0,0,0
1394593833,100,0,0,23012804,864,0,0,0,1,0,145,0,0,0,0
1394593893,100,0,0,23028206,865,0,0,0,1,0,102,0,0,0,0
1394593953,100,0,0,23045248,865,0,0,0,2,0,102,0,0,0,0
1394594013,100,0,0,23061205,866,0,0,0,1,0,110,0,0,0,0
1394594073,100,0,0,23078246,867,0,0,0,1,0,102,0,0,0,0
1394594133,100,0,0,23094203,867,0,0,0,1,0,110,0,0,0,0
1394594193,100,0,0,23110161,868,0,0,0,1,0,110,0,0,0,0
1394594253,100,0,0,23125563,868,0,0,0,1,0,102,0,0,0,0
1394594313,100,0,0,23141529,869,0,0,0,1,0,119,0,0,0,0
1394594373,100,0,0,23157486,870,0,0,0,1,0,110,0,0,0,0
1394594433,100,0,0,23173444,870,0,0,0,1,0,110,0,0,0,0
1394594493,100,0,0,23189401,871,0,0,0,1,0,110,0,0,0,0
1394594553,100,0,0,23205358,872,0,0,0,1,0,110,0,0,0,0
1394594613,100,0,0,23221316,872,0,0,0,1,0,110,0,0,0,0
1394594673,100,0,0,23237273,873,0,0,0,1,0,110,0,0,0,0
1394594733,100,0,0,23254314,873,0,0,0,1,0,102,0,0,0,0
1394594793,100,0,0,23270280,874,0,0,0,1,0,119,0,0,0,0
1394594853,100,0,0,23287330,875,0,0,0,1,0,110,0,0,0,0
1394594913,100,0,0,23302732,875,0,0,0,1,0,102,0,0,0,0
1394594973,100,0,0,23319773,876,0,0,0,1,0,102,0,0,0,0
1394595033,100,0,0,23335731,877,0,0,0,1,0,110,0,0,0,0
1394595093,100,0,0,23352772,877,0,0,0,1,0,102,0,0,0,0
1394595153,100,0,0,23368729,878,0,0,0,1,0,110,0,0,0,0
1394595213,100,0,0,23385770,878,0,0,0,1,0,102,0,0,0,0
1394595273,100,0,0,23401190,879,0,0,0,2,0,119,0,0,0,0
1394595333,100,0,0,23418240,880,0,0,0,1,0,110,0,0,0,0
1394595393,100,0,0,23435281,880,0,0,0,1,0,102,0,0,0,0
1394595453,100,0,0,23451238,881,0,0,0,1,0,110,0,0,0,0
1394595513,100,0,0,23467195,882,0,0,0,1,0,110,0,0,0,0
1394595573,100,0,0,23484236,882,0,0,0,1,0,102,0,0,0,0
1394595633,100,0,0,23501277,883,0,0,0,1,0,102,0,0,0,0
1394595693,100,0,0,23516680,883,0,0,0,1,0,102,0,0,0,0
1394595753,100,0,0,23146311,869,0,0,0,1,0,100,0,0,0,0
1394595814,100,0,0,23547502,884,0,0,0,1,0,119,0,0,0,0
1394595874,100,0,0,23563460,885,0,0,0,1,0,110,0,0,0,0
1394595934,100,0,0,23580501,886,0,0,0,1,0,102,0,0,0,0
1394595994,100,0,0,23596458,886,0,0,0,2,0,110,0,0,0,0
1394596054,100,0,0,23611861,887,0,0,0,1,0,102,0,0,0,0
1394596114,100,0,0,23628902,888,0,0,0,1,0,102,0,0,0,0
1394596174,100,0,0,23644313,888,0,0,0,1,0,110,0,0,0,0
1394596234,100,0,0,23659716,889,0,0,0,1,0,102,0,0,0,0
1394596294,100,0,0,23675682,889,0,0,0,1,0,119,0,0,0,0
1394596354,100,0,0,23693824,890,0,0,0,1,0,68,0,0,0,0
1394596414,100,0,0,23710865,891,0,0,0,1,0,110,0,0,0,0
1394596474,100,0,0,23726822,891,0,0,0,1,0,145,0,0,0,0
1394596534,100,0,0,23742225,892,0,0,0,1,0,68,0,0,0,0
1394596594,100,0,0,23758182,892,0,0,0,1,0,110,0,0,0,0
1394596654,100,0,0,23773593,893,0,0,0,1,0,145,0,0,0,0
1394596714,100,0,0,23791180,894,0,0,0,1,0,59,0,0,0,0
1394596774,100,0,0,23807138,894,0,0,0,1,0,110,0,0,0,0
1394596834,100,0,0,23823095,895,0,0,0,1,0,153,0,0,0,0
1394596894,100,0,0,23838498,895,0,0,0,2,0,68,0,0,0,0
1394596954,100,0,0,23853900,896,0,0,0,1,0,102,0,0,0,0
1394597014,100,0,0,23869858,897,0,0,0,1,0,110,0,0,0,0
1394597074,100,0,0,23888000,897,0,0,0,1,0,102,0,0,0,0
1394597134,100,0,0,23903957,898,0,0,0,1,0,110,0,0,0,0
1394597194,100,0,0,23919360,898,0,0,0,1,0,102,0,0,0,0
1394597254,100,0,0,23936401,899,0,0,0,1,0,110,0,0,0,0
1394597314,100,0,0,23952358,900,0,0,0,1,0,110,0,0,0,0
1394597374,100,0,0,23967761,900,0,0,0,1,0,102,0,0,0,0
1394597434,100,0,0,23983726,901,0,0,0,1,0,119,0,0,0,0
1394597494,100,0,0,23999138,902,0,0,0,1,0,102,0,0,0,0
1394597554,100,0,0,24015095,902,0,0,0,1,0,110,0,0,0,0
1394597614,100,0,0,24032145,903,0,0,0,1,0,110,0,0,0,0
1394597674,100,0,0,24048102,903,0,0,0,1,0,110,0,0,0,0
1394597734,100,0,0,24065143,904,0,0,0,2,0,145,0,0,0,0
1394597794,100,0,0,24080546,905,0,0,0,1,0,102,0,0,0,0
1394597854,100,0,0,24095948,905,0,0,0,1,0,102,0,0,0,0
1394597914,100,0,0,24115729,906,0,0,0,1,0,110,0,0,0,0
1394597974,100,0,0,24131131,906,0,0,0,1,0,102,0,0,0,0
1394598034,100,0,0,24148172,907,0,0,0,1,0,102,0,0,0,0
1394598094,100,0,0,24164676,908,0,0,0,1,0,110,0,0,0,0
1394598154,100,0,0,24180633,908,0,0,0,1,0,110,0,0,0,0
1394598214,100,0,0,24197674,909,0,0,0,1,0,102,0,0,0,0
1394598274,100,0,0,24213085,910,0,0,0,1,0,110,0,0,0,0
1394598334,100,0,0,24228505,910,0,0,0,1,0,119,0,0,0,0
1394598394,100,0,0,24246101,911,0,0,0,1,0,110,0,0,0,0
1394598454,100,0,0,24261504,911,0,0,0,1,0,102,0,0,0,0
1394598514,100,0,0,24276906,912,0,0,0,1,0,102,0,0,0,0
1394598574,100,0,0,24292864,913,0,0,0,1,0,110,0,0,0,0
1394598634,100,0,0,24308275,913,0,0,0,1,0,110,0,0,0,0
1394598694,100,0,0,24325324,914,0,0,0,1,0,110,0,0,0,0
1394598754,100,0,0,24341290,914,0,0,0,1,0,119,0,0,0,0
1394598814,100,0,0,24357248,915,0,0,0,1,0,110,0,0,0,0
1394598874,100,0,0,24372659,916,0,0,0,1,0,110,0,0,0,0
1394598934,100,0,0,24388061,916,0,0,0,1,0,102,0,0,0,0
1394598994,100,0,0,24403464,917,0,0,0,1,0,102,0,0,0,0
1394599054,100,0,0,24419421,917,0,0,0,1,0,110,0,0,0,0
1394599114,100,0,0,24435925,918,0,0,0,1,0,110,0,0,0,0
1394599174,100,0,0,24452966,919,0,0,0,1,0,102,0,0,0,0
1394599234,100,0,0,24470553,919,0,0,0,1,0,102,0,0,0,0
1394599294,100,0,0,24485973,920,0,0,0,1,0,119,0,0,0,0
1394599354,100,0,0,24501376,920,0,0,0,1,0,102,0,0,0,0
1394599414,100,0,0,24518417,921,0,0,0,2,0,102,0,0,0,0
1394599474,100,0,0,24533819,922,0,0,0,1,0,102,0,0,0,0
1394599534,100,0,0,24550860,922,0,0,0,1,0,102,0,0,0,0
1394599594,100,0,0,24566263,923,0,0,0,1,0,102,0,0,0,0
1394599654,100,0,0,24586598,924,0,0,0,1,0,119,0,0,0,0
1394599714,100,0,0,24602555,924,0,0,0,1,0,110,0,0,0,0
1394599774,100,0,0,24619596,925,0,0,0,1,0,59,0,0,0,0
1394599834,100,0,0,24635554,925,0,0,0,1,0,153,0,0,0,0
1394599894,100,0,0,24650965,926,0,0,0,2,0,110,0,0,0,0
1394599954,100,0,0,24666922,927,0,0,0,2,0,76,0,0,0,0
1394600014,100,0,0,24682325,927,0,0,0,1,0,136,0,0,0,0
1394600074,100,0,0,24702651,928,0,0,0,1,0,68,0,0,0,0
1394600134,100,0,0,24718600,929,0,0,0,1,0,145,0,0,0,0
1394600194,100,0,0,24738918,929,0,0,0,1,0,68,0,0,0,0
1394600254,100,0,0,24754321,930,0,0,0,1,0,102,0,0,0,0
1394600314,100,0,0,24769723,930,0,0,0,2,0,102,0,0,0,0
1394600374,100,0,0,24785689,931,0,0,0,1,0,110,0,0,0,0
1394600434,100,0,0,24801646,932,0,0,0,1,0,110,0,0,0,0
1394600494,100,0,0,24820334,932,0,0,0,1,0,119,0,0,0,0
1394600554,100,0,0,24837376,933,0,0,0,1,0,102,0,0,0,0
1394600614,100,0,0,24852778,934,0,0,0,1,0,102,0,0,0,0
1394600674,100,0,0,24868189,934,0,0,0,1,0,110,0,0,0,0
1394600734,100,0,0,24884155,935,0,0,0,1,0,110,0,0,0,0
1394600794,100,0,0,24491914,920,0,0,0,1,0,109,0,0,0,0
1394600855,100,0,0,24915515,936,0,0,0,1,0,102,0,0,0,0
1394600915,100,0,0,24930918,937,0,0,0,1,0,102,0,0,0,0
1394600975,100,0,0,24947959,937,0,0,0,1,0,145,0,0,0,0
1394601035,100,0,0,24963362,938,0,0,0,1,0,102,0,0,0,0
1394601095,100,0,0,24980403,938,0,0,0,1,0,102,0,0,0,0
1394601155,100,0,0,24995805,939,0,0,0,1,0,102,0,0,0,0
1394601215,100,0,0,25012855,940,0,0,0,1,0,110,0,0,0,0
1394601275,100,0,0,25028812,940,0,0,0,1,0,110,0,0,0,0
1394601335,100,0,0,25044770,941,0,0,0,1,0,110,0,0,0,0
1394601395,100,0,0,25061811,941,0,0,0,1,0,102,0,0,0,0
1394601455,100,0,0,25077213,942,0,0,0,1,0,102,0,0,0,0
1394601515,100,0,0,25092625,943,0,0,0,1,0,110,0,0,0,0
1394601575,100,0,0,25108036,943,0,0,0,1,0,110,0,0,0,0
1394601635,100,0,0,25126169,944,0,0,0,1,0,102,0,0,0,0
1394601695,100,0,0,25141572,944,0,0,0,1,0,102,0,0,0,0
1394601755,100,0,0,25156974,945,0,0,0,1,0,102,0,0,0,0
1394601815,100,0,0,25172932,946,0,0,0,1,0,110,0,0,0,0
1394601875,100,0,0,25189973,946,0,0,0,1,0,102,0,0,0,0
1394601935,100,0,0,25205376,947,0,0,0,1,0,102,0,0,0,0
1394601995,100,0,0,25220778,947,0,0,0,1,0,102,0,0,0,0
1394602055,100,0,0,25236744,948,0,0,0,1,0,119,0,0,0,0
1394602115,100,0,0,25253785,949,0,0,0,2,0,102,0,0,0,0
1394602175,100,0,0,25269742,949,0,0,0,1,0,110,0,0,0,0
1394602235,100,0,0,25286784,950,0,0,0,1,0,102,0,0,0,0
1394602295,100,0,0,25302186,950,0,0,0,1,0,102,0,0,0,0
1394602355,100,0,0,25317589,951,0,0,0,1,0,102,0,0,0,0
1394602415,100,0,0,25333546,952,0,0,0,1,0,110,0,0,0,0
1394602475,100,0,0,25348949,952,0,0,0,1,0,102,0,0,0,0
1394602535,100,0,0,25364360,953,0,0,0,1,0,110,0,0,0,0
1394602595,100,0,0,25380317,953,0,0,0,1,0,110,0,0,0,0
1394602655,100,0,0,25396275,954,0,0,0,1,0,110,0,0,0,0
1394602715,100,0,0,25411677,955,0,0,0,2,0,102,0,0,0,0
1394602775,100,0,0,25427080,955,0,0,0,1,0,102,0,0,0,0
1394602835,100,0,0,25442483,956,0,0,0,1,0,102,0,0,0,0
1394602895,100,0,0,25457885,956,0,0,0,1,0,102,0,0,0,0
1394602955,100,0,0,25473843,957,0,0,0,1,0,110,0,0,0,0
1394603015,100,0,0,25490892,957,0,0,0,1,0,68,0,0,0,0
1394603075,100,0,0,25506850,958,0,0,0,1,0,110,0,0,0,0
1394603135,100,0,0,25524983,959,0,0,0,1,0,110,0,0,0,0
1394603195,100,0,0,25540386,959,0,0,0,1,0,102,0,0,0,0
1394603255,100,0,0,25556352,960,0,0,0,1,0,119,0,0,0,0
1394603315,100,0,0,25572309,961,0,0,0,1,0,110,0,0,0,0
1394603375,100,0,0,25589358,961,0,0,0,1,0,102,0,0,0,0
1394603435,100,0,0,25604761,962,0,0,0,1,0,102,0,0,0,0
1394603495,100,0,0,25621802,962,0,0,0,1,0,102,0,0,0,0
1394603555,100,0,0,25637205,963,0,0,0,2,0,102,0,0,0,0
1394603615,100,0,0,25653708,964,0,0,0,1,0,119,0,0,0,0
1394603675,100,0,0,25669666,964,0,0,0,1,0,110,0,0,0,0
1394603735,100,0,0,25685068,965,0,0,0,1,0,102,0,0,0,0
1394603795,100,0,0,25700471,965,0,0,0,1,0,102,0,0,0,0
1394603855,100,0,0,25716437,966,0,0,0,1,0,153,0,0,0,0
1394603915,100,0,0,25733478,967,0,0,0,1,0,59,0,0,0,0
1394603975,100,0,0,25748881,967,0,0,0,1,0,102,0,0,0,0
1394604035,100,0,0,25764283,968,0,0,0,1,0,102,0,0,0,0
1394604095,100,0,0,25784055,968,0,0,0,1,0,110,0,0,0,0
1394604155,100,0,0,25800012,969,0,0,0,1,0,110,0,0,0,0
1394604215,100,0,0,25815424,970,0,0,0,1,0,102,0,0,0,0
1394604275,100,0,0,25832465,970,0,0,0,1,0,102,0,0,0,0
1394604335,100,0,0,25847867,971,0,0,0,1,0,102,0,0,0,0
1394604395,100,0,0,25864908,972,0,0,0,1,0,102,0,0,0,0
1394604455,100,0,0,25880311,972,0,0,0,1,0,145,0,0,0,0
1394604515,100,0,0,25896268,973,0,0,0,2,0,110,0,0,0,0
1394604575,100,0,0,25911671,973,0,0,0,1,0,102,0,0,0,0
1394604635,100,0,0,25927074,974,0,0,0,1,0,102,0,0,0,0
1394604695,100,0,0,25942485,974,0,0,0,1,0,110,0,0,0,0
1394604755,100,0,0,25959526,975,0,0,0,1,0,102,0,0,0,0
1394604815,100,0,0,25974937,976,0,0,0,2,0,110,0,0,0,0
1394604875,100,0,0,25990894,976,0,0,0,1,0,110,0,0,0,0
1394604935,100,0,0,26006852,977,0,0,0,1,0,110,0,0,0,0
1394604995,100,0,0,26022809,977,0,0,0,1,0,110,0,0,0,0
1394605055,100,0,0,26038766,978,0,0,0,1,0,110,0,0,0,0
1394605115,100,0,0,26054724,979,0,0,0,1,0,110,0,0,0,0
1394605175,100,0,0,26071782,979,0,0,0,1,0,119,0,0,0,0
1394605235,100,0,0,26088823,980,0,0,0,1,0,102,0,0,0,0
1394605295,100,0,0,26104226,981,0,0,0,1,0,102,0,0,0,0
1394605355,100,0,0,26121267,981,0,0,0,1,0,102,0,0,0,0
1394605415,100,0,0,26136669,982,0,0,0,1,0,102,0,0,0,0
1394605475,100,0,0,26152627,982,0,0,0,1,0,110,0,0,0,0
1394605535,100,0,0,26168029,983,0,0,0,1,0,102,0,0,0,0
1394605595,100,0,0,26185070,984,0,0,0,1,0,102,0,0,0,0
1394605655,100,0,0,26202120,984,0,0,0,1,0,110,0,0,0,0
1394605715,100,0,0,26217523,985,0,0,0,1,0,102,0,0,0,0
1394605775,100,0,0,26233480,985,0,0,0,1,0,110,0,0,0,0
1394605835,100,0,0,26250521,986,0,0,0,1,0,102,0,0,0,0
1394605895,100,0,0,26267562,987,0,0,0,1,0,102,0,0,0,0
1394605955,100,0,0,26283520,987,0,0,0,1,0,110,0,0,0,0
1394606015,100,0,0,26300561,988,0,0,0,1,0,102,0,0,0,0
1394606075,100,0,0,26315972,988,0,0,0,1,0,110,0,0,0,0
1394606135,100,0,0,26333021,989,0,0,0,1,0,110,0,0,0,0
1394606195,100,0,0,26348424,990,0,0,0,1,0,102,0,0,0,0
1394606255,100,0,0,26363827,990,0,0,0,1,0,102,0,0,0,0
1394606315,100,0,0,26379229,991,0,0,0,1,0,102,0,0,0,0
1394606375,100,0,0,25962479,975,0,0,0,1,0,109,0,0,0,0
1394606436,100,0,0,26411144,992,0,0,0,1,0,110,0,0,0,0
1394606496,100,0,0,26426555,993,0,0,0,2,0,110,0,0,0,0
1394606556,100,0,0,26441958,993,0,0,0,1,0,102,0,0,0,0
1394606616,100,0,0,26459008,994,0,0,0,1,0,68,0,0,0,0
1394606676,100,0,0,26474965,994,0,0,0,1,0,153,0,0,0,0
1394606736,100,0,0,26490922,995,0,0,0,2,0,110,0,0,0,0
1394606796,100,0,0,26506880,996,0,0,0,1,0,110,0,0,0,0
1394606856,100,0,0,26523921,996,0,0,0,1,0,102,0,0,0,0
1394606916,100,0,0,26540962,997,0,0,0,2,0,102,0,0,0,0
1394606976,100,0,0,26559658,998,0,0,0,1,0,119,0,0,0,0
1394607036,100,0,0,26575616,998,0,0,0,1,0,110,0,0,0,0
1394607096,100,0,0,26591573,999,0,0,0,2,0,68,0,0,0,0
1394607156,100,0,0,26606976,999,0,0,0,1,0,145,0,0,0,0
1394607216,100,0,0,26622933,1000,0,0,0,1,0,110,0,0,0,0
1394607276,100,0,0,26638336,1001,0,0,0,1,0,102,0,0,0,0
1394607336,100,0,0,26655377,1001,0,0,0,1,0,102,0,0,0,0
1394607396,100,0,0,26670788,1002,0,0,0,1,0,76,0,0,0,0
1394607456,100,0,0,26690577,1003,0,0,0,1,0,153,0,0,0,0
1394607516,100,0,0,26705979,1003,0,0,0,1,0,102,0,0,0,0
1394607576,100,0,0,26721382,1004,0,0,0,1,0,68,0,0,0,0
1394607636,100,0,0,26737339,1004,0,0,0,1,0,110,0,0,0,0
1394607696,100,0,0,26753834,1005,0,0,0,1,0,102,0,0,0,0
1394607756,100,0,0,26769792,1006,0,0,0,1,0,110,0,0,0,0
1394607816,100,0,0,26785757,1006,0,0,0,1,0,110,0,0,0,0
1394607876,100,0,0,26801160,1007,0,0,0,1,0,102,0,0,0,0
1394607936,100,0,0,26818201,1007,0,0,0,1,0,145,0,0,0,0
1394607996,100,0,0,26833604,1008,0,0,0,1,0,102,0,0,0,0
1394608056,100,0,0,26849006,1009,0,0,0,1,0,102,0,0,0,0
1394608116,100,0,0,26864964,1009,0,0,0,1,0,110,0,0,0,0
1394608176,100,0,0,26880366,1010,0,0,0,1,0,102,0,0,0,0
1394608236,100,0,0,26895769,1010,0,0,0,1,0,102,0,0,0,0
1394608296,100,0,0,26911189,1011,0,0,0,1,0,119,0,0,0,0
1394608356,100,0,0,26927146,1011,0,0,0,1,0,110,0,0,0,0
1394608416,100,0,0,26943104,1012,0,0,0,1,0,110,0,0,0,0
1394608476,100,0,0,26960145,1013,0,0,0,1,0,102,0,0,0,0
1394608536,100,0,0,26975547,1013,0,0,0,1,0,102,0,0,0,0
1394608596,100,0,0,26990950,1014,0,0,0,1,0,102,0,0,0,0
1394608656,100,0,0,27006907,1014,0,0,0,1,0,110,0,0,0,0
1394608716,100,0,0,27022310,1015,0,0,0,1,0,102,0,0,0,0
1394608776,100,0,0,27039360,1016,0,0,0,1,0,110,0,0,0,0
1394608836,100,0,0,27056401,1016,0,0,0,1,0,102,0,0,0,0
1394608896,100,0,0,27072358,1017,0,0,0,1,0,110,0,0,0,0
1394608956,100,0,0,27089399,1018,0,0,0,1,0,102,0,0,0,0
1394609016,100,0,0,27104802,1018,0,0,0,1,0,102,0,0,0,0
1394609076,100,0,0,27120759,1019,0,0,0,1,0,110,0,0,0,0
1394609136,100,0,0,27136716,1019,0,0,0,1,0,110,0,0,0,0
1394609196,100,0,0,27152674,1020,0,0,0,1,0,110,0,0,0,0
1394609256,100,0,0,27169723,1021,0,0,0,1,0,110,0,0,0,0
1394609316,100,0,0,27185681,1021,0,0,0,1,0,110,0,0,0,0
1394609376,100,0,0,27201638,1022,0,0,0,1,0,110,0,0,0,0
1394609436,100,0,0,27217041,1022,0,0,0,2,0,102,0,0,0,0
1394609496,100,0,0,27232998,1023,0,0,0,1,0,110,0,0,0,0
1394609556,100,0,0,27250039,1024,0,0,0,1,0,102,0,0,0,0
1394609616,100,0,0,27265996,1024,0,0,0,1,0,110,0,0,0,0
1394609676,100,0,0,27281954,1025,0,0,0,1,0,110,0,0,0,0
1394609736,100,0,0,27297365,1025,0,0,0,1,0,110,0,0,0,0
1394609796,100,0,0,27314406,1026,0,0,0,1,0,102,0,0,0,0
1394609856,100,0,0,27330363,1027,0,0,0,1,0,110,0,0,0,0
1394609916,100,0,0,27346321,1027,0,0,0,1,0,110,0,0,0,0
1394609976,100,0,0,27361723,1028,0,0,0,1,0,102,0,0,0,0
1394610036,100,0,0,27377126,1028,0,0,0,1,0,102,0,0,0,0
1394610096,100,0,0,27392529,1029,0,0,0,1,0,102,0,0,0,0
1394610156,100,0,0,27408486,1030,0,0,0,1,0,110,0,0,0,0
1394610216,100,0,0,27423906,1030,0,0,0,1,0,76,0,0,0,0
1394610276,100,0,0,27439308,1031,0,0,0,1,0,102,0,0,0,0
1394610336,100,0,0,27459080,1032,0,0,0,2,0,102,0,0,0,0
1394610396,100,0,0,27475037,1032,0,0,0,1,0,153,0,0,0,0
1394610456,100,0,0,27490995,1033,0,0,0,1,0,76,0,0,0,0
