1394519239,0.12,0.04,0.05,1/339,25525
1394519299,0.11,0.06,0.06,1/342,25568
1394519359,0.11,0.08,0.06,1/342,25607
1394519419,0.11,0.09,0.07,1/342,25645
1394519479,0.11,0.10,0.07,1/342,25682
1394519539,0.11,0.11,0.08,1/342,25721
1394519599,0.07,0.11,0.08,1/342,25757
1394519659,0.09,0.12,0.08,1/342,25793
1394519719,0.07,0.11,0.08,1/342,25830
1394519779,0.03,0.09,0.08,1/341,25867
1394519839,0.27,0.14,0.09,1/340,25903
1394519899,0.10,0.11,0.08,1/342,25941
1394519959,0.07,0.11,0.08,2/343,25978
1394520019,0.03,0.09,0.08,1/342,26015
1394520079,0.01,0.07,0.07,2/343,26053
1394520139,0.00,0.06,0.07,1/342,26088
1394520199,0.04,0.06,0.07,2/341,26131
1394520259,0.01,0.05,0.06,2/341,26167
1394520319,0.00,0.04,0.05,1/340,26203
1394520379,0.00,0.04,0.05,2/341,26241
1394520439,0.00,0.03,0.05,1/340,26276
1394520499,0.00,0.02,0.05,1/340,26313
1394520559,0.00,0.02,0.05,2/341,26350
1394520619,0.00,0.01,0.05,1/340,26387
1394520679,0.00,0.01,0.05,2/342,26425
1394520739,0.00,0.01,0.05,2/342,26461
1394520799,0.00,0.01,0.05,1/340,26504
1394520859,0.00,0.01,0.05,2/342,26542
1394520919,0.00,0.01,0.05,2/342,26578
1394520979,0.00,0.01,0.05,1/340,26613
1394521039,0.00,0.01,0.05,2/341,26650
1394521099,0.00,0.01,0.05,2/341,26687
1394521159,0.00,0.01,0.05,1/340,26722
1394521219,0.00,0.01,0.05,1/340,26760
1394521279,0.00,0.01,0.05,1/340,26825
1394521339,0.00,0.01,0.05,1/340,26861
1394521399,0.00,0.01,0.05,1/341,26898
1394521459,0.00,0.01,0.05,1/341,26935
1394521519,0.00,0.01,0.05,1/341,26971
1394521579,0.00,0.01,0.05,1/343,27011
1394521639,0.00,0.01,0.05,1/343,27047
1394521699,0.00,0.01,0.05,1/342,27083
1394521759,0.00,0.01,0.05,2/340,27121
1394521819,0.00,0.01,0.05,1/341,27160
1394521879,0.00,0.01,0.05,1/341,27196
1394521939,0.00,0.01,0.05,1/341,27232
1394521999,0.00,0.01,0.05,1/341,27268
1394522059,0.49,0.13,0.08,1/342,27305
1394522119,1.48,0.52,0.22,3/343,27343
1394522179,0.65,0.45,0.22,1/343,27379
1394522239,0.24,0.37,0.21,1/343,27415
1394522299,0.14,0.32,0.20,1/343,27451
1394522359,0.05,0.26,0.19,1/342,27487
1394522419,0.02,0.21,0.18,1/341,27526
1394522479,0.04,0.19,0.17,1/341,27563
1394522539,0.05,0.17,0.17,1/341,27600
1394522599,0.05,0.15,0.16,1/341,27636
1394522660,0.05,0.14,0.15,1/341,27673
1394522720,0.02,0.11,0.14,1/341,27710
1394522780,0.01,0.09,0.13,1/341,27746
1394522840,0.00,0.07,0.13,1/341,27782
1394522900,0.00,0.06,0.12,1/342,27819
1394522960,0.00,0.05,0.12,1/342,27855
1394523020,0.00,0.04,0.11,1/342,27893
1394523080,0.00,0.04,0.10,1/342,27929
1394523140,0.00,0.03,0.10,1/342,27967
1394523200,0.00,0.02,0.09,1/341,28003
1394523260,0.00,0.02,0.09,1/341,28040
1394523320,0.00,0.01,0.08,1/341,28077
1394523380,0.00,0.01,0.07,1/341,28114
1394523440,0.06,0.03,0.07,1/341,28150
1394523500,0.02,0.02,0.07,1/341,28186
1394523560,0.01,0.02,0.06,1/341,28222
1394523620,0.00,0.01,0.06,1/341,28262
1394523680,0.00,0.01,0.05,1/342,28299
1394523740,0.07,0.03,0.05,1/342,28335
1394523800,0.03,0.02,0.05,1/342,28371
1394523860,0.01,0.02,0.05,1/342,28407
1394523920,0.00,0.01,0.05,1/342,28444
1394523980,0.00,0.01,0.05,1/341,28480
1394524040,0.00,0.01,0.05,1/341,28516
1394524100,0.00,0.01,0.05,1/341,28552
1394524160,0.00,0.01,0.05,1/341,28588
1394524220,0.03,0.03,0.05,1/341,28626
1394524280,0.01,0.02,0.05,1/341,28662
1394524340,0.00,0.01,0.05,1/341,28698
1394524400,0.00,0.01,0.05,1/342,28735
1394524460,0.00,0.01,0.05,1/342,28771
1394524520,0.00,0.01,0.05,1/341,28807
1394524580,0.00,0.01,0.05,1/342,28844
1394524640,0.00,0.01,0.05,1/342,28880
1394524700,0.00,0.01,0.05,1/341,28916
1394524760,0.00,0.01,0.05,1/341,28952
1394524820,0.00,0.01,0.05,1/341,28990
1394524880,0.00,0.01,0.05,1/341,29056
1394524940,0.00,0.01,0.05,1/341,29092
1394525000,0.00,0.01,0.05,1/341,29128
1394525060,0.00,0.01,0.05,1/341,29164
1394525120,0.00,0.01,0.05,1/341,29200
1394525180,0.00,0.01,0.05,1/342,29237
1394525240,0.00,0.01,0.05,1/342,29273
1394525300,0.00,0.01,0.05,1/342,29309
1394525360,0.00,0.01,0.05,1/342,29345
1394525420,0.06,0.03,0.05,1/342,29383
1394525480,0.02,0.02,0.05,1/340,29419
1394525540,0.01,0.02,0.05,1/341,29457
1394525600,0.00,0.01,0.05,1/341,29493
1394525660,0.00,0.01,0.05,1/341,29529
1394525720,0.00,0.01,0.05,1/341,29565
1394525780,0.00,0.01,0.05,1/341,29601
1394525840,0.00,0.01,0.05,1/341,29638
1394525900,0.00,0.01,0.05,1/342,29676
1394525960,0.00,0.01,0.05,1/342,29713
1394526020,0.00,0.01,0.05,1/342,29751
1394526080,0.00,0.01,0.05,1/342,29787
1394526140,0.00,0.01,0.05,1/342,29823
1394526200,0.00,0.01,0.05,1/341,29859
1394526260,0.00,0.01,0.05,1/341,29895
1394526320,0.00,0.01,0.05,1/341,29931
1394526380,0.00,0.01,0.05,1/341,29968
1394526440,0.00,0.01,0.05,1/340,30004
1394526500,0.00,0.01,0.05,1/341,30041
1394526560,0.00,0.01,0.05,1/341,30077
1394526620,0.00,0.01,0.05,1/341,30115
1394526680,0.00,0.01,0.05,1/342,30152
1394526740,0.00,0.01,0.05,1/342,30188
1394526800,0.00,0.01,0.05,1/342,30225
1394526860,0.00,0.01,0.05,1/342,30261
1394526920,0.00,0.01,0.05,2/342,30297
1394526980,0.00,0.01,0.05,1/341,30333
1394527040,0.00,0.01,0.05,1/341,30370
1394527100,0.00,0.01,0.05,1/341,30406
1394527160,0.08,0.03,0.05,1/341,30486
1394527220,0.03,0.03,0.05,1/341,30524
1394527280,0.01,0.02,0.05,1/341,30560
1394527340,0.00,0.01,0.05,1/341,30596
1394527400,0.05,0.03,0.05,1/341,30633
1394527460,0.02,0.02,0.05,1/342,30670
1394527520,0.01,0.02,0.05,1/342,30707
1394527580,0.00,0.01,0.05,1/342,30743
1394527640,0.24,0.08,0.06,1/342,30779
1394527700,0.09,0.06,0.06,1/342,30815
1394527760,0.03,0.05,0.05,1/341,30852
1394527820,0.01,0.04,0.05,1/341,30890
1394527880,0.00,0.04,0.05,1/341,30927
1394527940,0.06,0.04,0.05,1/341,30964
1394528000,0.05,0.05,0.05,1/341,31000
1394528060,0.02,0.04,0.05,1/341,31036
1394528120,0.01,0.03,0.05,1/341,31072
1394528181,0.00,0.03,0.05,1/342,31109
1394528241,0.00,0.02,0.05,1/342,31145
1394528301,0.00,0.02,0.05,1/342,31181
1394528361,0.00,0.01,0.05,1/341,31217
1394528421,0.00,0.01,0.05,1/342,31256
1394528481,0.00,0.01,0.05,1/341,31321
1394528541,0.00,0.01,0.05,1/341,31357
1394528601,0.00,0.01,0.05,1/341,31393
1394528661,0.00,0.01,0.05,1/341,31429
1394528721,0.00,0.01,0.05,1/340,31466
1394528781,0.04,0.03,0.05,1/341,31503
1394528841,0.02,0.02,0.05,1/341,31539
1394528901,0.01,0.02,0.05,1/341,31575
1394528961,0.00,0.01,0.05,1/342,31612
1394529021,0.00,0.01,0.05,1/342,31650
1394529081,0.00,0.01,0.05,1/342,31695
1394529141,0.00,0.01,0.05,1/342,31736
1394529201,0.00,0.01,0.05,1/342,31772
1394529261,0.00,0.01,0.05,1/341,31815
1394529321,0.00,0.01,0.05,1/341,31852
1394529381,0.00,0.01,0.05,1/341,31889
1394529441,0.00,0.01,0.05,1/341,31925
1394529501,0.00,0.01,0.05,1/341,31962
1394529561,0.00,0.01,0.05,1/341,31998
1394529621,0.00,0.01,0.05,1/341,32036
1394529681,0.00,0.01,0.05,1/341,32073
1394529741,0.00,0.01,0.05,1/342,32110
1394529801,0.00,0.01,0.05,1/342,32147
1394529861,0.06,0.03,0.05,1/342,32183
1394529921,0.02,0.02,0.05,1/342,32219
1394529981,0.01,0.02,0.05,1/341,32255
1394530041,0.00,0.01,0.05,1/341,32292
1394530101,0.00,0.01,0.05,1/341,32328
1394530161,0.00,0.01,0.05,1/341,32364
1394530221,0.00,0.01,0.05,1/341,32402
1394530281,0.03,0.03,0.05,1/341,32438
1394530341,0.01,0.02,0.05,2/342,32476
1394530401,0.00,0.01,0.05,1/341,32511
1394530461,0.00,0.01,0.05,1/342,32549
1394530521,0.00,0.01,0.05,1/342,32585
1394530581,0.00,0.01,0.05,1/342,32621
1394530641,0.00,0.01,0.05,1/341,32658
1394530701,0.00,0.01,0.05,1/342,32695
1394530761,0.00,0.01,0.05,1/341,32731
1394530821,0.00,0.01,0.05,1/341,301
1394530881,0.00,0.01,0.05,1/341,340
1394530941,0.00,0.01,0.05,1/341,376
1394531001,0.00,0.01,0.05,1/341,413
1394531061,0.00,0.01,0.05,1/341,450
1394531121,0.00,0.01,0.05,1/341,488
1394531181,0.00,0.01,0.05,1/342,527
1394531241,0.06,0.03,0.05,1/342,565
1394531301,0.02,0.02,0.05,1/342,604
1394531361,0.01,0.02,0.05,1/342,640
1394531421,0.00,0.01,0.05,1/342,678
1394531481,0.00,0.01,0.05,1/341,714
1394531541,0.00,0.01,0.05,1/341,750
1394531601,0.00,0.01,0.05,1/340,787
1394531661,0.00,0.01,0.05,1/340,829
1394531721,0.00,0.01,0.05,1/340,865
1394531781,0.00,0.01,0.05,1/340,901
1394531841,0.00,0.01,0.05,1/340,937
1394531901,0.00,0.01,0.05,2/341,974
1394531961,0.00,0.01,0.05,1/341,1010
1394532021,0.00,0.01,0.05,1/341,1050
1394532081,0.00,0.01,0.05,1/341,1115
1394532141,0.00,0.01,0.05,1/341,1151
1394532201,0.00,0.01,0.05,1/341,1187
1394532261,0.00,0.01,0.05,1/340,1224
1394532321,0.00,0.01,0.05,2/341,1261
1394532381,0.00,0.01,0.05,1/340,1296
1394532441,0.00,0.01,0.05,1/340,1332
1394532501,0.05,0.03,0.05,1/340,1368
1394532561,0.02,0.02,0.05,1/339,1404
1394532621,0.20,0.08,0.06,1/327,1452
1394532681,0.07,0.06,0.06,1/328,1489
1394532741,0.03,0.05,0.05,1/328,1525
1394532801,0.01,0.04,0.05,1/328,1561
1394532861,0.00,0.04,0.05,1/328,1597
1394532921,0.00,0.03,0.05,1/328,1633
1394532981,0.00,0.02,0.05,1/327,1669
1394533041,0.00,0.02,0.05,1/327,1705
1394533101,0.00,0.01,0.05,1/327,1742
1394533161,0.00,0.01,0.05,1/327,1787
1394533221,0.00,0.01,0.05,1/327,1826
1394533281,0.00,0.01,0.05,1/327,1864
1394533341,0.00,0.01,0.05,1/327,1900
1394533401,0.00,0.01,0.05,1/327,1936
1394533461,0.00,0.01,0.05,2/329,1974
1394533522,0.00,0.01,0.05,1/327,2009
1394533582,0.00,0.01,0.05,1/328,2046
1394533642,0.00,0.01,0.05,1/328,2083
1394533702,0.00,0.01,0.05,1/328,2123
1394533762,0.00,0.01,0.05,1/327,2161
1394533822,0.00,0.01,0.05,3/328,2203
1394533882,0.00,0.01,0.05,1/327,2261
1394533942,0.05,0.03,0.05,1/327,2300
1394534002,0.02,0.02,0.05,1/327,2336
1394534062,0.01,0.02,0.05,1/327,2377
1394534122,0.00,0.01,0.05,1/327,2413
1394534182,0.00,0.01,0.05,1/328,2453
1394534242,0.00,0.01,0.05,1/328,2496
1394534302,0.00,0.01,0.05,1/328,2533
1394534362,0.00,0.01,0.05,1/328,2586
1394534422,0.00,0.01,0.05,1/328,2624
1394534482,0.00,0.01,0.05,1/326,2660
1394534542,0.00,0.01,0.05,1/327,2698
1394534602,0.00,0.01,0.05,1/327,2734
1394534662,0.00,0.01,0.05,1/327,2770
1394534722,0.06,0.03,0.05,1/327,2806
1394534782,0.02,0.02,0.05,1/327,2842
1394534842,0.01,0.02,0.05,1/327,2878
1394534902,0.00,0.01,0.05,1/327,2914
1394534962,0.00,0.01,0.05,1/328,2951
1394535022,0.00,0.01,0.05,1/328,2989
1394535082,0.00,0.01,0.05,1/328,3025
1394535142,0.00,0.01,0.05,1/328,3062
1394535202,0.00,0.01,0.05,1/328,3098
1394535262,0.00,0.01,0.05,1/327,3134
1394535322,0.00,0.01,0.05,1/327,3170
1394535382,0.00,0.01,0.05,1/327,3206
1394535442,0.00,0.01,0.05,1/326,3242
1394535502,0.00,0.01,0.05,1/327,3279
1394535562,0.00,0.01,0.05,1/327,3316
1394535622,0.00,0.01,0.05,1/327,3354
1394535682,0.06,0.03,0.05,1/328,3420
1394535742,0.02,0.02,0.05,1/328,3456
1394535802,0.01,0.02,0.05,1/328,3492
1394535862,0.00,0.01,0.05,1/328,3528
1394535922,0.00,0.01,0.05,1/328,3564
1394535982,0.22,0.06,0.06,1/327,3600
1394536042,0.08,0.05,0.05,1/327,3636
1394536102,0.03,0.04,0.05,1/327,3675
1394536162,0.01,0.04,0.05,1/327,3711
1394536222,0.00,0.03,0.05,1/327,3750
1394536282,0.00,0.02,0.05,1/327,3786
1394536342,0.04,0.03,0.05,1/327,3822
1394536402,0.02,0.03,0.05,1/326,3859
1394536462,0.01,0.02,0.05,1/328,3898
1394536522,0.00,0.02,0.05,1/328,3934
1394536582,0.00,0.01,0.05,1/328,3970
1394536642,0.00,0.01,0.05,1/328,4008
1394536702,0.00,0.01,0.05,1/328,4044
1394536762,0.00,0.01,0.05,1/327,4080
1394536822,0.00,0.01,0.05,1/327,4118
1394536882,0.00,0.01,0.05,1/327,4154
1394536942,0.00,0.01,0.05,1/327,4191
1394537002,0.00,0.01,0.05,1/327,4227
1394537062,0.00,0.01,0.05,1/327,4264
1394537122,0.00,0.01,0.05,1/327,4300
1394537182,0.00,0.01,0.05,1/328,4337
1394537242,0.00,0.01,0.05,1/328,4373
1394537302,0.00,0.01,0.05,1/328,4409
1394537362,0.00,0.01,0.05,1/327,4445
1394537422,0.00,0.01,0.05,1/328,4484
1394537482,0.00,0.01,0.05,1/327,4520
1394537542,0.00,0.01,0.05,1/327,4556
1394537602,0.00,0.01,0.05,1/327,4592
1394537662,0.00,0.01,0.05,1/327,4628
1394537722,0.00,0.01,0.05,1/327,4664
1394537782,0.00,0.01,0.05,1/327,4701
1394537842,0.00,0.01,0.05,1/327,4737
1394537902,0.00,0.01,0.05,2/327,4773
1394537962,0.00,0.01,0.05,1/328,4810
1394538022,0.00,0.01,0.05,1/328,4849
1394538082,0.00,0.01,0.05,2/329,4886
1394538142,0.05,0.03,0.05,1/328,4921
1394538202,0.02,0.02,0.05,1/328,4957
1394538262,0.01,0.02,0.05,1/327,4993
1394538322,0.00,0.01,0.05,1/326,5029
1394538382,0.00,0.01,0.05,2/328,5067
1394538442,0.00,0.01,0.05,1/327,5102
1394538502,0.00,0.01,0.05,1/327,5138
1394538562,0.00,0.01,0.05,1/327,5174
1394538622,0.00,0.01,0.05,1/327,5212
1394538682,0.00,0.01,0.05,1/328,5249
1394538742,0.00,0.01,0.05,1/328,5286
1394538802,0.00,0.01,0.05,1/328,5322
1394538862,0.00,0.01,0.05,2/329,5359
1394538922,0.00,0.01,0.05,1/328,5394
1394538983,0.00,0.01,0.05,1/327,5431
1394539043,0.00,0.01,0.05,1/327,5467
1394539103,0.00,0.01,0.05,1/327,5504
1394539163,0.00,0.01,0.05,1/327,5541
1394539223,0.00,0.01,0.05,1/327,5579
1394539283,0.00,0.01,0.05,1/326,5644
1394539343,0.00,0.01,0.05,1/327,5681
1394539403,0.00,0.01,0.05,2/328,5718
1394539463,0.00,0.01,0.05,1/327,5753
1394539523,0.00,0.01,0.05,1/327,5790
1394539583,0.00,0.01,0.05,1/327,5826
1394539643,0.00,0.01,0.05,1/327,5862
1394539703,0.00,0.01,0.05,2/328,5902
1394539763,0.00,0.01,0.05,2/327,5937
1394539823,0.00,0.01,0.05,1/327,5976
1394539883,0.00,0.01,0.05,1/327,6012
1394539943,0.00,0.01,0.05,1/327,6049
1394540003,0.00,0.01,0.05,1/327,6085
1394540063,0.00,0.01,0.05,1/327,6121
1394540123,0.00,0.01,0.05,1/327,6157
1394540183,0.00,0.01,0.05,1/327,6193
1394540243,0.00,0.01,0.05,1/327,6230
1394540303,0.00,0.01,0.05,1/328,6267
1394540363,0.00,0.01,0.05,1/328,6303
1394540423,0.00,0.01,0.05,1/328,6341
1394540483,0.00,0.01,0.05,2/329,6378
1394540543,0.00,0.01,0.05,1/327,6413
1394540603,0.00,0.01,0.05,1/327,6449
1394540663,0.00,0.01,0.05,1/327,6485
1394540723,0.00,0.01,0.05,1/327,6522
1394540783,0.00,0.01,0.05,1/327,6558
1394540843,0.00,0.01,0.05,1/327,6596
1394540903,0.00,0.01,0.05,1/326,6632
1394540963,0.00,0.01,0.05,1/328,6670
1394541023,0.00,0.01,0.05,1/328,6709
1394541083,0.00,0.01,0.05,1/328,6745
1394541143,0.00,0.01,0.05,1/328,6781
1394541203,0.00,0.01,0.05,1/328,6817
1394541263,0.00,0.01,0.05,1/327,6854
1394541323,0.00,0.01,0.05,1/327,6890
1394541383,0.00,0.01,0.05,1/327,6926
1394541443,0.03,0.03,0.05,1/327,6962
1394541503,0.01,0.02,0.05,1/327,6998
1394541563,0.00,0.01,0.05,1/327,7034
1394541623,0.00,0.01,0.05,1/327,7072
1394541683,0.00,0.01,0.05,1/327,7108
1394541743,0.00,0.01,0.05,2/329,7146
1394541803,0.00,0.01,0.05,1/328,7181
1394541863,0.00,0.01,0.05,1/327,7217
1394541923,0.00,0.01,0.05,1/328,7254
1394541983,0.04,0.03,0.05,1/328,7290
1394542043,0.01,0.02,0.05,1/327,7326
1394542103,0.01,0.02,0.05,1/327,7363
1394542163,0.00,0.01,0.05,2/327,7399
1394542223,0.00,0.01,0.05,1/327,7438
1394542283,0.00,0.01,0.05,1/327,7474
1394542343,0.00,0.01,0.05,1/327,7510
1394542403,0.00,0.01,0.05,1/327,7546
1394542463,0.00,0.01,0.05,1/328,7583
1394542523,0.00,0.01,0.05,1/328,7619
1394542583,0.00,0.01,0.05,1/328,7655
1394542643,0.00,0.01,0.05,1/328,7691
1394542703,0.00,0.01,0.05,1/328,7728
1394542763,0.00,0.01,0.05,1/327,7764
1394542823,0.00,0.01,0.05,1/327,7803
1394542883,0.00,0.01,0.05,1/328,7869
1394542943,0.00,0.01,0.05,1/328,7905
1394543003,0.00,0.01,0.05,1/328,7941
1394543063,0.00,0.01,0.05,1/328,7977
1394543123,0.00,0.01,0.05,1/327,8013
1394543183,0.00,0.01,0.05,1/327,8050
1394543243,0.00,0.01,0.05,1/327,8086
1394543303,0.00,0.01,0.05,1/327,8122
1394543363,0.00,0.01,0.05,1/327,8158
1394543423,0.00,0.01,0.05,1/327,8196
1394543483,0.00,0.01,0.05,1/327,8232
1394543543,0.00,0.01,0.05,1/327,8268
1394543603,0.00,0.01,0.05,1/327,8304
1394543663,0.00,0.01,0.05,1/328,8341
1394543723,0.00,0.01,0.05,1/328,8378
1394543783,0.00,0.01,0.05,1/327,8414
1394543843,0.04,0.03,0.05,1/328,8452
1394543903,0.02,0.02,0.05,1/328,8488
1394543963,0.01,0.02,0.05,1/327,8524
1394544023,0.00,0.01,0.05,1/327,8562
1394544083,0.00,0.01,0.05,1/327,8598
1394544143,0.00,0.01,0.05,1/327,8635
1394544203,0.04,0.03,0.05,1/327,8672
1394544263,0.01,0.02,0.05,1/327,8708
1394544323,0.01,0.02,0.05,1/327,8744
1394544383,0.00,0.01,0.05,1/327,8780
1394544443,0.00,0.01,0.05,1/327,8816
1394544504,0.00,0.01,0.05,1/327,8852
1394544564,0.00,0.01,0.05,1/327,8889
1394544624,0.00,0.01,0.05,1/327,8927
1394544684,0.00,0.01,0.05,1/327,8963
1394544744,0.00,0.01,0.05,1/326,8999
1394544804,0.00,0.01,0.05,1/327,9037
1394544864,0.00,0.01,0.05,1/327,9073
1394544924,0.00,0.01,0.05,1/327,9109
1394544984,0.00,0.01,0.05,1/327,9145
1394545044,0.04,0.03,0.05,1/327,9181
1394545104,0.01,0.02,0.05,1/327,9218
1394545164,0.00,0.01,0.05,1/327,9254
1394545224,0.00,0.01,0.05,1/327,9292
1394545284,0.00,0.01,0.05,1/327,9328
1394545344,0.00,0.01,0.05,1/327,9364
1394545404,0.00,0.01,0.05,1/327,9400
1394545464,0.00,0.01,0.05,1/327,9437
1394545524,0.00,0.01,0.05,1/327,9473
1394545584,0.00,0.01,0.05,1/327,9509
1394545644,0.00,0.01,0.05,1/327,9545
1394545704,0.00,0.01,0.05,1/326,9581
1394545764,0.00,0.01,0.05,1/327,9618
1394545824,0.05,0.03,0.05,1/327,9656
1394545884,0.02,0.02,0.05,1/327,9692
1394545944,0.01,0.02,0.05,1/327,9728
1394546004,0.00,0.01,0.05,1/327,9764
1394546064,0.00,0.01,0.05,1/327,9801
1394546124,0.07,0.03,0.05,1/327,9838
1394546184,0.03,0.02,0.05,1/327,9874
1394546244,0.01,0.02,0.05,1/327,9910
1394546304,0.00,0.01,0.05,1/327,9946
1394546364,0.00,0.01,0.05,1/327,9982
1394546424,0.00,0.01,0.05,1/327,10020
1394546484,0.00,0.01,0.05,1/327,10085
1394546544,0.00,0.01,0.05,1/327,10123
1394546604,0.00,0.01,0.05,1/327,10159
1394546664,0.00,0.01,0.05,1/326,10195
1394546724,0.00,0.01,0.05,1/327,10232
1394546784,0.00,0.01,0.05,1/327,10268
1394546844,0.00,0.01,0.05,1/327,10304
1394546904,0.00,0.01,0.05,1/327,10340
1394546964,0.00,0.01,0.05,1/327,10376
1394547024,0.00,0.01,0.05,1/327,10415
1394547084,0.00,0.01,0.05,1/327,10451
1394547144,0.00,0.01,0.05,1/327,10488
1394547204,0.00,0.01,0.05,1/327,10525
1394547264,0.00,0.01,0.05,1/327,10561
1394547324,0.00,0.01,0.05,1/327,10597
1394547384,0.00,0.01,0.05,1/327,10633
1394547444,0.00,0.01,0.05,1/327,10670
1394547504,0.00,0.01,0.05,1/327,10706
1394547564,0.00,0.01,0.05,1/327,10742
1394547624,0.00,0.01,0.05,1/326,10780
1394547684,0.00,0.01,0.05,1/327,10817
1394547744,0.00,0.01,0.05,1/327,10853
1394547804,0.00,0.01,0.05,1/327,10889
1394547864,0.00,0.01,0.05,1/327,10926
1394547924,0.00,0.01,0.05,1/327,10962
1394547984,0.00,0.01,0.05,1/327,10999
1394548044,0.00,0.01,0.05,1/327,11035
1394548104,0.00,0.01,0.05,1/327,11071
1394548164,0.00,0.01,0.05,1/327,11107
1394548224,0.00,0.01,0.05,1/327,11145
1394548284,0.00,0.01,0.05,1/327,11181
1394548344,0.00,0.01,0.05,1/327,11217
1394548404,0.00,0.01,0.05,1/327,11254
1394548464,0.00,0.01,0.05,1/327,11290
1394548524,0.00,0.01,0.05,1/327,11326
1394548584,0.00,0.01,0.05,1/326,11363
1394548644,0.00,0.01,0.05,1/327,11400
1394548704,0.00,0.01,0.05,1/327,11436
1394548764,0.00,0.01,0.05,1/334,11527
1394548824,0.08,0.04,0.05,1/333,11565
1394548884,0.03,0.04,0.05,1/334,11602
1394548944,0.08,0.06,0.05,1/334,11639
1394549004,0.03,0.05,0.05,1/334,11675
1394549064,0.01,0.04,0.05,1/334,11711
1394549124,0.00,0.03,0.05,1/334,11747
1394549184,0.00,0.03,0.05,1/334,11783
1394549244,0.00,0.02,0.05,1/334,11820
1394549304,0.38,0.14,0.08,2/335,11858
1394549364,0.32,0.17,0.10,1/333,11893
1394549424,0.12,0.14,0.09,1/333,11931
1394549484,0.33,0.18,0.11,2/321,13711
1394549544,0.81,0.34,0.17,2/323,8073
1394549604,0.88,0.45,0.22,2/322,25186
1394549664,0.42,0.40,0.22,1/316,27126
1394549724,0.15,0.32,0.20,1/316,27171
1394549784,0.22,0.31,0.21,1/317,27209
1394549845,0.08,0.25,0.20,1/317,27246
1394549905,0.03,0.21,0.18,1/317,27284
1394549965,0.08,0.19,0.18,1/317,27321
1394550025,0.03,0.15,0.17,1/313,27371
1394550085,0.01,0.13,0.16,1/313,27436
1394550145,0.00,0.10,0.14,1/313,27472
1394550205,0.08,0.10,0.14,1/313,27509
1394550265,0.03,0.08,0.13,1/313,27545
1394550325,0.01,0.07,0.13,1/313,27581
1394550385,0.00,0.06,0.12,1/313,27617
1394550445,0.00,0.04,0.11,1/313,27653
1394550505,0.22,0.09,0.12,2/325,28843
1394550565,0.67,0.25,0.18,1/329,9890
1394550625,0.31,0.22,0.17,1/329,9928
1394550685,0.12,0.18,0.16,1/329,9964
1394550745,0.04,0.15,0.15,1/329,10000
1394550805,0.02,0.12,0.14,1/329,10036
1394550865,0.01,0.10,0.13,1/329,10073
1394550925,0.00,0.08,0.12,1/329,10109
1394550985,0.00,0.07,0.12,1/329,10146
1394551045,0.00,0.06,0.11,1/329,10183
1394551105,0.00,0.04,0.11,1/329,10219
1394551165,0.00,0.04,0.10,1/329,10255
1394551225,0.00,0.03,0.10,1/329,10294
1394551285,0.00,0.03,0.09,1/329,10330
1394551345,0.00,0.02,0.08,1/329,10366
1394551405,0.00,0.01,0.08,1/329,10403
1394551465,0.00,0.01,0.07,1/328,10442
1394551525,0.00,0.01,0.07,1/329,10479
1394551585,0.05,0.03,0.07,1/329,10515
1394551645,0.02,0.02,0.06,1/329,10551
1394551705,0.01,0.02,0.05,1/329,10587
1394551765,0.00,0.01,0.05,1/329,10623
1394551825,0.00,0.01,0.05,1/329,10663
1394551885,0.00,0.01,0.05,1/329,10699
1394551945,0.00,0.01,0.05,1/329,10735
1394552005,0.00,0.01,0.05,1/329,10771
1394552065,0.00,0.01,0.05,1/329,10807
1394552125,0.00,0.01,0.05,1/329,10843
1394552185,0.00,0.01,0.05,1/329,10879
1394552245,0.00,0.01,0.05,1/329,10915
1394552305,0.00,0.01,0.05,1/329,10951
1394552365,0.00,0.01,0.05,1/329,10987
1394552425,0.00,0.01,0.05,1/328,11025
1394552485,0.06,0.03,0.05,1/329,11062
1394552545,0.02,0.02,0.05,1/329,11098
1394552605,0.01,0.02,0.05,1/329,11134
1394552665,0.00,0.01,0.05,1/329,11170
1394552725,0.00,0.01,0.05,1/329,11206
1394552785,0.00,0.01,0.05,1/329,11244
1394552845,0.00,0.01,0.05,1/329,11280
1394552905,0.00,0.01,0.05,1/329,11317
1394552965,0.00,0.01,0.05,1/329,11353
1394553025,0.00,0.01,0.05,1/329,11391
1394553085,0.00,0.01,0.05,1/329,11427
1394553145,0.00,0.01,0.05,1/329,11464
1394553205,0.00,0.01,0.05,1/329,11508
1394553265,0.00,0.01,0.05,1/329,11545
1394553325,0.00,0.01,0.05,1/329,11581
1394553385,0.00,0.01,0.05,1/329,11617
1394553445,0.00,0.01,0.05,1/329,11655
1394553505,0.04,0.03,0.05,1/329,11692
1394553565,0.02,0.02,0.05,1/329,11729
1394553625,0.01,0.02,0.05,1/329,11767
1394553685,0.00,0.01,0.05,1/329,11836
1394553745,0.00,0.01,0.05,1/328,11873
1394553805,0.00,0.01,0.05,1/329,11910
1394553865,0.00,0.01,0.05,1/329,11946
1394553925,0.00,0.01,0.05,1/329,11982
1394553985,0.00,0.01,0.05,1/329,12018
1394554045,0.00,0.01,0.05,1/329,12054
1394554105,0.00,0.01,0.05,1/329,12090
1394554165,0.00,0.01,0.05,1/329,12126
1394554225,0.00,0.01,0.05,1/329,12164
1394554285,0.00,0.01,0.05,1/329,12200
1394554345,0.00,0.01,0.05,1/329,12237
1394554405,0.00,0.01,0.05,1/329,12274
1394554465,0.00,0.01,0.05,1/329,12311
1394554525,0.00,0.01,0.05,1/329,12348
1394554585,0.00,0.01,0.05,1/329,12384
1394554645,0.00,0.01,0.05,1/329,12420
1394554705,0.00,0.01,0.05,1/328,12456
1394554765,0.00,0.01,0.05,1/329,12493
1394554825,0.00,0.01,0.05,1/329,12531
1394554885,0.00,0.01,0.05,1/329,12567
1394554945,0.00,0.01,0.05,2/329,12603
1394555006,0.00,0.01,0.05,1/329,12641
1394555066,0.00,0.01,0.05,1/329,12677
1394555126,0.00,0.01,0.05,1/329,12713
1394555186,0.00,0.01,0.05,1/329,12750
1394555246,0.00,0.01,0.05,1/329,12786
1394555306,0.00,0.01,0.05,1/329,12822
1394555366,0.00,0.01,0.05,1/329,12859
1394555426,0.00,0.01,0.05,1/329,12897
1394555486,0.00,0.01,0.05,1/329,12933
1394555546,0.00,0.01,0.05,1/329,12969
1394555606,0.00,0.01,0.05,1/329,13005
1394555666,0.00,0.01,0.05,1/328,13041
1394555726,0.00,0.01,0.05,1/329,13078
1394555786,0.00,0.01,0.05,1/330,13115
1394555846,0.00,0.01,0.05,1/330,13152
1394555906,0.00,0.01,0.05,1/330,13188
1394555966,0.00,0.01,0.05,1/330,13225
1394556026,0.00,0.01,0.05,1/330,13264
1394556086,0.00,0.01,0.05,1/329,13300
1394556146,0.00,0.01,0.05,1/329,13336
1394556206,0.00,0.01,0.05,2/329,13372
1394556266,0.00,0.01,0.05,1/329,13408
1394556326,0.00,0.01,0.05,1/329,13445
1394556386,0.00,0.01,0.05,1/329,13481
1394556446,0.00,0.01,0.05,1/329,13517
1394556506,0.00,0.01,0.05,1/329,13554
1394556566,0.00,0.01,0.05,1/329,13590
1394556626,0.00,0.01,0.05,1/328,13628
1394556686,0.00,0.01,0.05,1/329,13666
1394556746,0.28,0.08,0.06,1/329,13702
1394556806,0.10,0.06,0.06,1/329,13738
1394556866,0.04,0.05,0.05,1/329,13774
1394556926,0.01,0.04,0.05,1/329,13810
1394556986,0.01,0.04,0.05,1/329,13846
1394557046,0.00,0.03,0.05,1/329,13883
1394557106,0.00,0.02,0.05,1/329,13919
1394557166,0.00,0.02,0.05,1/329,13958
1394557226,0.00,0.01,0.05,1/329,13997
1394557286,0.00,0.01,0.05,1/329,14067
1394557346,0.11,0.06,0.06,1/329,14104
1394557406,0.04,0.04,0.05,1/329,14140
1394557466,0.02,0.04,0.05,1/329,14176
1394557526,0.05,0.04,0.05,1/329,14212
1394557586,0.02,0.04,0.05,1/328,14249
1394557646,0.01,0.03,0.05,2/330,14287
1394557706,0.00,0.03,0.05,1/329,14322
1394557766,0.00,0.02,0.05,1/329,14358
1394557826,0.00,0.01,0.05,1/329,14396
1394557886,0.00,0.01,0.05,1/329,14432
1394557946,0.00,0.01,0.05,1/329,14468
1394558006,0.00,0.01,0.05,1/329,14505
1394558066,0.00,0.01,0.05,1/329,14541
1394558126,0.00,0.01,0.05,1/329,14577
1394558186,0.00,0.01,0.05,1/329,14613
1394558246,0.00,0.01,0.05,2/329,14650
1394558306,0.00,0.01,0.05,1/329,14687
1394558366,0.00,0.01,0.05,1/329,14723
1394558426,0.00,0.01,0.05,1/329,14761
1394558486,0.00,0.01,0.05,1/329,14797
1394558546,0.00,0.01,0.05,1/328,14833
1394558606,0.00,0.01,0.05,1/329,14871
1394558666,0.00,0.01,0.05,1/329,14907
1394558726,0.00,0.01,0.05,1/329,14944
1394558786,0.00,0.01,0.05,1/329,14981
1394558846,0.00,0.01,0.05,1/329,15017
1394558906,0.00,0.01,0.05,1/329,15054
1394558966,0.08,0.03,0.05,1/329,15090
1394559026,0.10,0.05,0.06,1/329,15128
1394559086,0.04,0.04,0.05,1/329,15164
1394559146,0.01,0.04,0.05,1/329,15200
1394559206,0.00,0.03,0.05,1/329,15237
1394559266,0.00,0.02,0.05,1/329,15273
1394559326,0.00,0.02,0.05,1/329,15309
1394559386,0.00,0.01,0.05,1/329,15345
1394559446,0.00,0.01,0.05,1/329,15381
1394559506,0.00,0.01,0.05,2/329,15419
1394559566,0.00,0.01,0.05,1/329,15455
1394559626,0.00,0.01,0.05,1/329,15493
1394559686,0.00,0.01,0.05,1/329,15529
1394559746,0.00,0.01,0.05,1/329,15565
1394559806,0.00,0.01,0.05,1/329,15601
1394559866,0.00,0.01,0.05,1/329,15637
1394559926,0.00,0.01,0.05,1/329,15673
1394559986,0.00,0.01,0.05,1/329,15709
1394560046,0.00,0.01,0.05,1/329,15745
1394560106,0.04,0.03,0.05,1/329,15782
1394560166,0.01,0.02,0.05,1/329,15819
1394560226,0.00,0.01,0.05,1/329,15857
1394560287,0.00,0.01,0.05,1/329,15893
1394560347,0.00,0.01,0.05,1/329,15930
1394560407,0.00,0.01,0.05,1/329,15966
1394560467,0.00,0.01,0.05,1/328,16002
1394560527,0.00,0.01,0.05,1/329,16041
1394560587,0.00,0.01,0.05,1/329,16077
1394560647,0.07,0.03,0.05,1/329,16113
1394560707,0.03,0.02,0.05,1/329,16149
1394560767,0.01,0.02,0.05,1/329,16185
1394560827,0.00,0.01,0.05,1/329,16228
1394560887,0.00,0.01,0.05,1/329,16302
1394560947,0.00,0.01,0.05,1/329,16343
1394561007,0.00,0.01,0.05,1/329,16384
1394561067,0.00,0.01,0.05,1/329,16425
1394561127,0.00,0.01,0.05,1/329,16467
1394561187,0.00,0.01,0.05,1/329,16511
1394561247,0.05,0.03,0.05,1/329,16553
1394561307,0.02,0.02,0.05,1/329,16594
1394561367,0.01,0.02,0.05,1/329,16635
1394561427,0.00,0.01,0.05,1/328,16678
1394561487,0.00,0.01,0.05,1/329,16720
1394561547,0.00,0.01,0.05,1/329,16761
1394561607,0.00,0.01,0.05,1/329,16802
1394561667,0.00,0.01,0.05,1/329,16843
1394561727,0.00,0.01,0.05,1/329,16884
1394561787,0.00,0.01,0.05,1/329,16926
1394561847,0.00,0.01,0.05,1/329,16967
1394561907,0.00,0.01,0.05,1/329,17008
1394561967,0.00,0.01,0.05,1/329,17049
1394562027,0.00,0.01,0.05,1/329,17092
1394562087,0.00,0.01,0.05,1/329,17134
1394562147,0.00,0.01,0.05,1/329,17175
1394562207,0.00,0.01,0.05,1/329,17216
1394562267,0.00,0.01,0.05,3/330,17258
1394562327,0.00,0.01,0.05,1/329,17298
1394562387,0.00,0.01,0.05,1/328,17339
1394562447,0.00,0.01,0.05,1/329,17381
1394562507,0.00,0.01,0.05,1/329,17422
1394562567,0.00,0.01,0.05,1/329,17463
1394562627,0.00,0.01,0.05,3/330,17507
1394562687,0.00,0.01,0.05,1/329,17547
1394562747,0.00,0.01,0.05,1/329,17588
1394562807,0.00,0.01,0.05,1/329,17629
1394562867,0.00,0.01,0.05,1/329,17670
1394562927,0.00,0.01,0.05,1/329,17711
1394562987,0.00,0.01,0.05,1/329,17752
1394563047,0.00,0.01,0.05,1/329,17795
1394563107,0.00,0.01,0.05,1/329,17836
1394563167,0.00,0.01,0.05,1/329,17877
1394563227,0.00,0.01,0.05,1/329,17920
1394563287,0.00,0.01,0.05,1/329,17961
1394563347,0.00,0.01,0.05,1/328,18002
1394563407,0.00,0.01,0.05,1/329,18044
1394563467,0.00,0.01,0.05,1/329,18085
1394563527,0.00,0.01,0.05,1/329,18127
1394563587,0.00,0.01,0.05,1/329,18169
1394563647,0.00,0.01,0.05,1/329,18210
1394563707,0.00,0.01,0.05,1/329,18251
1394563767,0.00,0.01,0.05,1/329,18292
1394563827,0.00,0.01,0.05,1/329,18335
1394563887,0.00,0.01,0.05,1/329,18377
1394563947,0.00,0.01,0.05,1/329,18418
1394564007,0.00,0.01,0.05,1/329,18460
1394564067,0.00,0.01,0.05,1/329,18501
1394564127,0.00,0.01,0.05,1/329,18543
1394564187,0.00,0.01,0.05,1/329,18584
1394564247,0.00,0.01,0.05,1/329,18625
1394564307,0.00,0.01,0.05,3/329,18667
1394564367,0.00,0.01,0.05,1/329,18708
1394564427,0.03,0.03,0.05,1/329,18747
1394564487,0.01,0.02,0.05,1/331,18817
1394564547,0.00,0.01,0.05,1/331,18853
1394564607,0.00,0.01,0.05,1/331,18889
1394564667,0.00,0.01,0.05,1/331,18926
1394564727,0.00,0.01,0.05,1/331,18962
1394564787,0.00,0.01,0.05,1/330,18999
1394564847,0.00,0.01,0.05,1/330,19035
1394564907,0.00,0.01,0.05,1/330,19072
1394564967,0.00,0.01,0.05,1/330,19200
1394565027,0.00,0.01,0.05,1/330,19239
1394565087,0.00,0.01,0.05,1/330,19280
1394565147,0.00,0.01,0.05,1/330,19316
1394565207,0.00,0.01,0.05,1/330,19352
1394565267,0.00,0.01,0.05,1/330,19388
1394565327,0.00,0.01,0.05,1/330,19425
1394565387,0.00,0.01,0.05,1/330,19461
1394565448,0.00,0.01,0.05,1/330,19497
1394565508,0.00,0.01,0.05,1/330,19533
1394565568,0.00,0.01,0.05,1/330,19570
1394565628,0.00,0.01,0.05,1/330,19608
1394565688,0.00,0.01,0.05,1/330,19644
1394565748,0.00,0.01,0.05,1/330,19682
1394565808,0.05,0.03,0.05,1/330,19718
1394565868,0.02,0.02,0.05,1/329,20125
1394565928,0.01,0.02,0.05,1/328,20161
1394565988,0.05,0.03,0.05,1/329,20198
1394566048,0.02,0.02,0.05,1/329,20234
1394566108,0.01,0.02,0.05,1/329,20270
1394566168,0.00,0.01,0.05,1/329,20306
1394566228,0.05,0.03,0.05,1/329,20344
1394566288,0.02,0.02,0.05,1/329,20382
1394566348,0.01,0.02,0.05,1/329,20418
1394566408,0.04,0.03,0.05,1/329,20455
1394566468,0.01,0.02,0.05,1/329,20491
1394566528,0.04,0.03,0.05,1/329,20528
1394566588,0.01,0.03,0.05,1/329,20564
1394566648,0.01,0.02,0.05,1/329,20600
1394566708,0.00,0.02,0.05,1/329,20637
1394566768,0.00,0.01,0.05,1/329,20673
1394566828,0.00,0.01,0.05,1/329,20711
1394566888,0.00,0.01,0.05,1/328,20747
1394566948,0.00,0.01,0.05,1/329,20785
1394567008,0.00,0.01,0.05,1/329,20821
1394567068,0.00,0.01,0.05,1/329,20857
1394567128,0.00,0.01,0.05,1/329,20894
1394567188,0.00,0.01,0.05,1/329,20930
1394567248,0.00,0.01,0.05,1/329,20967
1394567308,0.00,0.01,0.05,1/329,21003
1394567368,0.15,0.07,0.06,1/329,21039
1394567428,0.05,0.06,0.06,1/329,21077
1394567488,0.02,0.05,0.05,1/329,21113
1394567548,0.01,0.04,0.05,1/329,21150
1394567608,0.00,0.03,0.05,1/329,21186
1394567668,0.00,0.03,0.05,1/329,21222
1394567728,0.00,0.02,0.05,1/329,21258
1394567788,0.00,0.02,0.05,1/329,21295
1394567848,0.00,0.01,0.05,1/328,21331
1394567908,0.00,0.01,0.05,1/329,21368
1394567968,0.00,0.01,0.05,1/329,21405
1394568028,0.00,0.01,0.05,1/329,21443
1394568088,0.00,0.01,0.05,1/329,21508
1394568148,0.00,0.01,0.05,1/329,21544
1394568208,0.00,0.01,0.05,1/329,21581
1394568268,0.00,0.01,0.05,1/329,21617
1394568328,0.00,0.01,0.05,1/329,21653
1394568388,0.04,0.03,0.05,1/329,21691
1394568448,0.01,0.02,0.05,1/329,21727
1394568508,0.00,0.01,0.05,1/329,21763
1394568568,0.00,0.01,0.05,1/329,21800
1394568628,0.00,0.01,0.05,1/329,21839
1394568688,0.00,0.01,0.05,1/329,21876
1394568748,0.00,0.01,0.05,1/329,21913
1394568808,0.00,0.01,0.05,1/328,21949
1394568868,0.00,0.01,0.05,1/329,21986
1394568928,0.00,0.01,0.05,1/329,22022
1394568988,0.00,0.01,0.05,1/329,22058
1394569048,0.00,0.01,0.05,2/329,22095
1394569108,0.00,0.01,0.05,2/329,22132
1394569168,0.08,0.03,0.05,1/329,22170
1394569228,0.03,0.02,0.05,1/329,22208
1394569288,0.01,0.02,0.05,1/329,22244
1394569348,0.08,0.03,0.05,1/329,22280
1394569408,0.03,0.03,0.05,1/329,22316
1394569468,0.01,0.02,0.05,1/329,22352
1394569528,0.00,0.01,0.05,1/329,22388
1394569588,0.00,0.01,0.05,1/329,22425
1394569648,0.00,0.01,0.05,1/329,22461
1394569708,0.00,0.01,0.05,1/330,22498
1394569768,0.00,0.01,0.05,1/329,22534
1394569828,0.00,0.01,0.05,1/330,22573
1394569888,0.00,0.01,0.05,1/330,22609
1394569948,0.00,0.01,0.05,1/330,22645
1394570008,0.00,0.01,0.05,1/329,22681
1394570068,0.00,0.01,0.05,1/329,22718
1394570128,0.00,0.01,0.05,1/329,22755
1394570188,0.00,0.01,0.05,1/329,22791
1394570248,0.00,0.01,0.05,1/329,22827
1394570308,0.00,0.01,0.05,1/329,22864
1394570368,0.00,0.01,0.05,1/329,22900
1394570428,0.00,0.01,0.05,1/329,22939
1394570488,0.00,0.01,0.05,1/329,22975
1394570549,0.00,0.01,0.05,1/329,23011
1394570609,0.00,0.01,0.05,1/329,23047
1394570669,0.00,0.01,0.05,1/329,23083
1394570729,0.00,0.01,0.05,1/328,23120
1394570789,0.00,0.01,0.05,1/329,23157
1394570849,0.00,0.01,0.05,1/329,23194
1394570909,0.00,0.01,0.05,1/329,23231
1394570969,0.00,0.01,0.05,1/330,23268
1394571029,0.00,0.01,0.05,1/330,23306
1394571089,0.00,0.01,0.05,1/330,23344
1394571149,0.00,0.01,0.05,1/330,23380
1394571209,0.00,0.01,0.05,1/331,23418
1394571269,0.00,0.01,0.05,1/331,23454
1394571329,0.00,0.01,0.05,1/331,23490
1394571389,0.00,0.01,0.05,1/331,23526
1394571449,0.00,0.01,0.05,1/331,23562
1394571509,0.00,0.01,0.05,1/331,23599
1394571569,0.00,0.01,0.05,1/331,23636
1394571629,0.00,0.01,0.05,1/331,23674
1394571689,0.00,0.01,0.05,1/330,23739
1394571749,0.00,0.01,0.05,1/331,23776
1394571809,0.00,0.01,0.05,2/330,23812
1394571869,0.00,0.01,0.05,1/330,23849
1394571929,0.00,0.01,0.05,1/330,23885
1394571989,0.00,0.01,0.05,1/330,23922
1394572049,0.00,0.01,0.05,1/330,23959
1394572109,0.04,0.03,0.05,1/330,23995
1394572169,0.02,0.02,0.05,1/330,24031
1394572229,0.01,0.02,0.05,1/330,24069
1394572289,0.00,0.01,0.05,1/330,24106
1394572349,0.00,0.01,0.05,1/330,24142
1394572409,0.00,0.01,0.05,1/330,24179
1394572469,0.00,0.01,0.05,1/330,24215
1394572529,0.00,0.01,0.05,1/330,24252
1394572589,0.00,0.01,0.05,1/330,24288
1394572649,0.00,0.01,0.05,1/329,24325
1394572709,0.00,0.01,0.05,1/330,24363
1394572769,0.00,0.01,0.05,1/330,24400
1394572829,0.00,0.01,0.05,1/330,24439
1394572889,0.00,0.01,0.05,1/330,24475
1394572949,0.00,0.01,0.05,1/330,24512
1394573009,0.00,0.01,0.05,1/330,24549
1394573069,0.03,0.03,0.05,1/330,24585
1394573129,0.01,0.02,0.05,1/330,24621
1394573189,0.00,0.01,0.05,1/330,24657
1394573249,0.00,0.01,0.05,1/330,24694
1394573309,0.00,0.01,0.05,1/330,24732
1394573369,0.07,0.03,0.05,1/330,24768
1394573429,0.03,0.02,0.05,1/330,24807
1394573489,0.01,0.02,0.05,1/330,24844
1394573549,0.00,0.01,0.05,1/330,24880
1394573609,0.00,0.01,0.05,1/329,24917
1394573669,0.00,0.01,0.05,1/330,24955
1394573729,0.00,0.01,0.05,1/330,24991
1394573789,0.00,0.01,0.05,1/330,25027
1394573849,0.00,0.01,0.05,1/330,25063
1394573909,0.00,0.01,0.05,1/330,25100
1394573969,0.00,0.01,0.05,1/330,25137
1394574029,0.00,0.01,0.05,1/330,25176
1394574089,0.00,0.01,0.05,1/330,25213
1394574149,0.00,0.01,0.05,1/330,25249
1394574209,0.00,0.01,0.05,1/330,25286
1394574269,0.00,0.01,0.05,1/330,25322
1394574329,0.00,0.01,0.05,1/330,25359
1394574389,0.08,0.03,0.05,2/330,25398
1394574449,0.03,0.03,0.05,1/330,25434
1394574509,0.01,0.02,0.05,1/330,25470
1394574569,0.00,0.01,0.05,1/329,25506
1394574629,0.00,0.01,0.05,1/330,25553
1394574689,0.00,0.01,0.05,1/330,25591
1394574749,0.00,0.01,0.05,1/330,25627
1394574809,0.00,0.01,0.05,1/330,25663
1394574869,0.00,0.01,0.05,1/330,25701
1394574929,0.00,0.01,0.05,1/330,25738
1394574989,0.00,0.01,0.05,1/330,25774
1394575049,0.00,0.01,0.05,1/330,25811
1394575109,0.00,0.01,0.05,1/330,25847
1394575169,0.00,0.01,0.05,1/330,25883
1394575229,0.00,0.01,0.05,1/330,25922
1394575289,0.00,0.01,0.05,1/330,25987
1394575349,0.00,0.01,0.05,1/330,26023
1394575409,0.00,0.01,0.05,1/330,26059
1394575469,0.00,0.01,0.05,1/330,26096
1394575529,0.00,0.01,0.05,1/329,26133
1394575589,0.00,0.01,0.05,1/330,26171
1394575649,0.00,0.01,0.05,1/330,26208
1394575709,0.00,0.01,0.05,1/330,26244
1394575769,0.00,0.01,0.05,1/330,26281
1394575830,0.00,0.01,0.05,1/330,26319
1394575890,0.00,0.01,0.05,1/330,26357
1394575950,0.08,0.03,0.05,1/330,26393
1394576010,0.03,0.03,0.05,1/330,26429
1394576070,0.01,0.02,0.05,1/330,26465
1394576130,0.00,0.01,0.05,1/330,26510
1394576190,0.00,0.01,0.05,1/330,26546
1394576250,0.05,0.03,0.05,1/330,26583
1394576310,0.02,0.02,0.05,1/330,26620
1394576370,0.01,0.02,0.05,1/330,26657
1394576430,0.00,0.01,0.05,1/330,26695
1394576490,0.00,0.01,0.05,1/329,26732
1394576550,0.00,0.01,0.05,1/330,26770
1394576610,0.00,0.01,0.05,1/330,26806
1394576670,0.00,0.01,0.05,2/331,26844
1394576730,0.00,0.01,0.05,1/330,26879
1394576790,0.00,0.01,0.05,1/330,26916
1394576850,0.00,0.01,0.05,1/330,26954
1394576910,0.00,0.01,0.05,1/330,26991
1394576970,0.00,0.01,0.05,1/330,27027
1394577030,0.00,0.01,0.05,1/330,27066
1394577090,0.00,0.01,0.05,1/330,27102
1394577150,0.00,0.01,0.05,1/330,27138
1394577210,0.00,0.01,0.05,1/330,27174
1394577270,0.00,0.01,0.05,1/330,27210
1394577330,0.08,0.03,0.05,1/330,27246
1394577390,0.13,0.07,0.06,1/330,27282
1394577450,0.05,0.06,0.06,1/330,27319
1394577510,0.02,0.04,0.05,1/330,27356
1394577570,0.01,0.04,0.05,3/331,27396
1394577630,0.00,0.03,0.05,1/330,27433
1394577690,0.00,0.03,0.05,1/330,27469
1394577750,0.00,0.02,0.05,1/330,27506
1394577810,0.00,0.01,0.05,1/330,27543
1394577870,0.00,0.01,0.05,1/331,27581
1394577930,0.00,0.01,0.05,1/331,27618
1394577990,0.00,0.01,0.05,1/331,27654
1394578050,0.04,0.03,0.05,1/331,27690
1394578110,0.02,0.02,0.05,1/330,27726
1394578170,0.06,0.03,0.05,1/330,27763
1394578230,0.02,0.03,0.05,2/331,27802
1394578290,0.01,0.02,0.05,1/330,27837
1394578350,0.00,0.01,0.05,1/330,27874
1394578410,0.00,0.01,0.05,1/330,27911
1394578470,0.00,0.01,0.05,1/330,27948
1394578530,0.00,0.01,0.05,1/330,27984
1394578590,0.00,0.01,0.05,1/330,28021
1394578650,0.00,0.01,0.05,1/330,28057
1394578710,0.00,0.01,0.05,1/330,28094
1394578770,0.00,0.01,0.05,1/329,28131
1394578830,0.00,0.01,0.05,1/330,28171
1394578890,0.00,0.01,0.05,2/331,28237
1394578950,0.00,0.01,0.05,1/330,28272
1394579010,0.16,0.05,0.06,1/330,28309
1394579070,0.09,0.05,0.06,1/330,28345
1394579130,0.03,0.04,0.05,1/330,28381
1394579190,0.01,0.04,0.05,1/330,28417
1394579250,0.00,0.03,0.05,1/330,28453
1394579310,0.00,0.02,0.05,1/330,28490
1394579370,0.00,0.02,0.05,1/330,28527
1394579430,0.00,0.01,0.05,1/330,28566
1394579490,0.00,0.01,0.05,1/330,28602
1394579550,0.00,0.01,0.05,1/330,28639
1394579610,0.16,0.07,0.06,1/330,28675
1394579670,0.06,0.06,0.06,3/331,28712
1394579730,0.02,0.05,0.05,1/329,28747
1394579790,0.01,0.04,0.05,1/330,28785
1394579850,0.00,0.03,0.05,1/331,28823
1394579910,0.00,0.03,0.05,1/331,28859
1394579970,0.06,0.04,0.05,1/331,28895
1394580030,0.08,0.05,0.05,1/331,28934
1394580090,0.03,0.04,0.05,1/331,28971
1394580150,0.01,0.03,0.05,1/330,29007
1394580210,0.00,0.03,0.05,1/330,29044
1394580270,0.00,0.02,0.05,1/330,29080
1394580330,0.00,0.02,0.05,1/330,29117
1394580390,0.00,0.01,0.05,1/330,29156
1394580450,0.00,0.01,0.05,2/331,29193
1394580510,0.00,0.01,0.05,1/330,29228
1394580571,0.00,0.01,0.05,1/330,29264
1394580631,0.00,0.01,0.05,1/330,29302
1394580691,0.21,0.06,0.06,1/329,29339
1394580751,0.08,0.05,0.05,1/330,29376
1394580811,0.03,0.04,0.05,1/330,29413
1394580871,0.01,0.04,0.05,1/330,29450
1394580931,0.00,0.03,0.05,1/330,29486
1394580991,0.00,0.02,0.05,1/330,29522
1394581051,0.00,0.02,0.05,1/330,29559
1394581111,0.00,0.01,0.05,1/330,29596
1394581171,0.00,0.01,0.05,2/330,29632
1394581231,0.00,0.01,0.05,2/331,29672
1394581291,0.04,0.03,0.05,1/330,29707
1394581351,0.01,0.02,0.05,1/330,29744
1394581411,0.01,0.02,0.05,1/330,29780
1394581471,0.00,0.01,0.05,1/330,29816
1394581531,0.00,0.01,0.05,1/330,29853
1394581591,0.00,0.01,0.05,1/330,29889
1394581651,0.00,0.01,0.05,1/329,29925
1394581711,0.00,0.01,0.05,1/330,29964
1394581771,0.00,0.01,0.05,1/330,30000
1394581831,0.00,0.01,0.05,1/330,30038
1394581891,0.00,0.01,0.05,1/330,30074
1394581951,0.00,0.01,0.05,1/330,30110
1394582011,0.00,0.01,0.05,2/330,30147
1394582071,0.07,0.03,0.05,1/330,30184
1394582131,0.03,0.02,0.05,1/330,30220
1394582191,0.01,0.02,0.05,1/330,30256
1394582251,0.00,0.01,0.05,1/330,30292
1394582311,0.00,0.01,0.05,1/330,30329
1394582371,0.00,0.01,0.05,1/330,30367
1394582431,0.00,0.01,0.05,1/330,30406
1394582491,0.00,0.01,0.05,1/330,30515
1394582551,0.00,0.01,0.05,1/330,30552
1394582611,0.00,0.01,0.05,1/329,30588
1394582671,0.00,0.01,0.05,1/330,30626
1394582731,0.00,0.01,0.05,1/330,30662
1394582791,0.00,0.01,0.05,1/330,30699
1394582851,0.00,0.01,0.05,1/330,30735
1394582911,0.00,0.01,0.05,1/330,30772
1394582971,0.00,0.01,0.05,1/330,30808
1394583031,0.00,0.01,0.05,1/330,30846
1394583091,0.00,0.01,0.05,1/330,30882
1394583151,0.00,0.01,0.05,1/330,30918
1394583211,0.00,0.01,0.05,1/330,30955
1394583271,0.00,0.01,0.05,1/330,30992
1394583331,0.00,0.01,0.05,1/330,31029
1394583391,0.00,0.01,0.05,1/330,31066
1394583451,0.00,0.01,0.05,2/330,31103
1394583511,0.00,0.01,0.05,1/330,31139
1394583571,0.00,0.01,0.05,1/329,31176
1394583631,0.00,0.01,0.05,1/330,31216
1394583691,0.00,0.01,0.05,1/330,31254
1394583751,0.00,0.01,0.05,1/330,31290
1394583811,0.00,0.01,0.05,1/330,31327
1394583871,0.00,0.01,0.05,1/330,31363
1394583931,0.00,0.01,0.05,1/330,31400
1394583991,0.00,0.01,0.05,1/330,31436
1394584051,0.05,0.03,0.05,1/330,31472
1394584111,0.02,0.02,0.05,1/330,31509
1394584171,0.01,0.02,0.05,1/330,31546
1394584231,0.00,0.01,0.05,1/330,31585
1394584291,0.00,0.01,0.05,1/330,31621
1394584351,0.00,0.01,0.05,1/330,31658
1394584411,0.00,0.01,0.05,1/330,31694
1394584471,0.00,0.01,0.05,1/330,31730
1394584531,0.00,0.01,0.05,1/329,31768
1394584591,0.05,0.03,0.05,1/330,31805
1394584651,0.02,0.02,0.05,1/330,31842
1394584711,0.01,0.02,0.05,1/330,31879
1394584771,0.00,0.01,0.05,1/330,31915
1394584831,0.00,0.01,0.05,1/330,31953
1394584891,0.00,0.01,0.05,1/330,31990
1394584951,0.00,0.01,0.05,1/330,32026
1394585011,0.00,0.01,0.05,1/330,32062
1394585071,0.06,0.03,0.05,1/330,32098
1394585131,0.02,0.02,0.05,1/330,32134
1394585191,0.01,0.02,0.05,1/330,32171
1394585251,0.00,0.01,0.05,1/330,32207
1394585311,0.00,0.01,0.05,1/330,32243
1394585371,0.00,0.01,0.05,1/330,32279
1394585431,0.00,0.01,0.05,1/330,32317
1394585492,0.00,0.01,0.05,1/329,32354
1394585552,0.00,0.01,0.05,1/330,32392
1394585612,0.00,0.01,0.05,1/330,32429
1394585672,0.00,0.01,0.05,1/330,32466
1394585732,0.00,0.01,0.05,1/330,32503
1394585792,0.00,0.01,0.05,1/330,32539
1394585852,0.00,0.01,0.05,1/330,32575
1394585912,0.00,0.01,0.05,1/330,32611
1394585972,0.00,0.01,0.05,1/330,32647
1394586032,0.00,0.01,0.05,1/330,32685
1394586092,0.00,0.01,0.05,1/330,32750
1394586152,0.00,0.01,0.05,1/330,323
1394586212,0.00,0.01,0.05,1/330,359
1394586272,0.00,0.01,0.05,1/330,395
1394586332,0.00,0.01,0.05,1/330,433
1394586392,0.00,0.01,0.05,1/330,472
1394586452,0.00,0.01,0.05,1/329,510
1394586512,0.00,0.01,0.05,1/330,549
1394586572,0.00,0.01,0.05,1/330,585
1394586632,0.00,0.01,0.05,1/330,623
1394586692,0.00,0.01,0.05,1/330,659
1394586752,0.00,0.01,0.05,1/338,749
1394586812,0.00,0.01,0.05,1/337,789
1394586872,0.04,0.03,0.05,1/355,1081
1394586932,0.01,0.02,0.05,1/376,1198
1394586992,0.00,0.01,0.05,1/376,1311
1394587052,0.00,0.01,0.05,1/376,1454
1394587112,0.00,0.01,0.05,1/356,1625
1394587172,0.00,0.01,0.05,3/358,1711
1394587232,0.12,0.06,0.06,1/377,1802
1394587292,0.04,0.04,0.05,1/337,1869
1394587352,0.02,0.04,0.05,1/337,1906
1394587412,0.01,0.03,0.05,1/336,1942
1394587472,0.00,0.03,0.05,1/337,1979
1394587532,0.00,0.02,0.05,1/337,2016
1394587592,0.00,0.01,0.05,1/337,2053
1394587652,0.00,0.01,0.05,1/337,2090
1394587712,0.00,0.01,0.05,1/337,2131
1394587772,0.00,0.01,0.05,1/337,2169
1394587832,0.00,0.01,0.05,1/337,2213
1394587892,0.00,0.01,0.05,1/337,2272
1394587952,0.04,0.03,0.05,1/337,2308
1394588012,0.01,0.02,0.05,1/337,2345
1394588072,0.01,0.02,0.05,1/334,2391
1394588132,0.05,0.03,0.05,1/334,2437
1394588192,0.02,0.02,0.05,1/335,2479
1394588252,0.01,0.02,0.05,1/335,2523
1394588312,0.00,0.01,0.05,1/335,2574
1394588372,0.00,0.01,0.05,1/334,2613
1394588432,0.00,0.01,0.05,1/335,2652
1394588492,0.00,0.01,0.05,1/335,2689
1394588552,0.00,0.01,0.05,1/335,2726
1394588612,0.00,0.01,0.05,1/335,2762
1394588672,0.03,0.03,0.05,1/335,2798
1394588732,0.01,0.02,0.05,1/335,2835
1394588792,0.00,0.01,0.05,1/335,2871
1394588852,0.00,0.01,0.05,1/335,2907
1394588912,0.00,0.01,0.05,1/335,2943
1394588972,0.00,0.01,0.05,1/335,2980
1394589032,0.00,0.01,0.05,1/335,3019
1394589092,0.00,0.01,0.05,1/335,3055
1394589152,0.08,0.03,0.05,1/335,3091
1394589212,0.03,0.03,0.05,1/335,3128
1394589272,0.01,0.02,0.05,1/335,3164
1394589332,0.00,0.01,0.05,1/334,3200
1394589392,0.00,0.01,0.05,1/335,3238
1394589452,0.00,0.01,0.05,2/335,3275
1394589512,0.00,0.01,0.05,1/335,3312
1394589572,0.00,0.01,0.05,1/335,3348
1394589632,0.00,0.01,0.05,1/335,3387
1394589692,0.00,0.01,0.05,1/335,3452
1394589752,0.00,0.01,0.05,1/335,3488
1394589812,0.00,0.01,0.05,2/335,3525
1394589872,0.00,0.01,0.05,1/335,3562
1394589932,0.00,0.01,0.05,1/335,3598
1394589992,0.00,0.01,0.05,1/334,3634
1394590052,0.00,0.01,0.05,1/335,3671
1394590112,0.00,0.01,0.05,1/335,3708
1394590172,0.04,0.03,0.05,1/335,3744
1394590232,0.05,0.04,0.05,1/335,3783
1394590292,0.02,0.03,0.05,1/335,3819
1394590352,0.01,0.03,0.05,1/335,3856
1394590412,0.00,0.02,0.05,1/335,3892
1394590472,0.00,0.01,0.05,1/335,3929
1394590533,0.38,0.13,0.08,1/335,3966
1394590593,0.14,0.11,0.08,1/335,4002
1394590653,0.05,0.09,0.07,1/335,4039
1394590713,0.02,0.07,0.07,1/335,4076
1394590773,0.01,0.06,0.06,1/335,4112
1394590833,0.00,0.05,0.05,1/335,4150
1394590893,0.00,0.04,0.05,1/335,4187
1394590953,0.00,0.03,0.05,1/334,4224
1394591013,0.00,0.03,0.05,1/335,4262
1394591073,0.00,0.02,0.05,1/335,4298
1394591133,0.00,0.02,0.05,1/335,4335
1394591193,0.00,0.01,0.05,1/335,4371
1394591253,0.00,0.01,0.05,1/335,4408
1394591313,0.00,0.01,0.05,1/335,4446
1394591373,0.00,0.01,0.05,1/335,4482
1394591433,0.00,0.01,0.05,1/335,4520
1394591493,0.00,0.01,0.05,1/335,4556
1394591553,0.00,0.01,0.05,1/335,4593
1394591613,0.00,0.01,0.05,1/335,4629
1394591673,0.00,0.01,0.05,1/335,4666
1394591733,0.08,0.04,0.05,1/335,4706
1394591793,0.03,0.04,0.05,1/335,4742
1394591853,0.01,0.03,0.05,1/335,4779
1394591913,0.00,0.02,0.05,1/334,4816
1394591973,0.00,0.02,0.05,1/335,4853
1394592033,0.00,0.01,0.05,1/335,4891
1394592093,0.00,0.01,0.05,1/336,4929
1394592153,0.00,0.01,0.05,1/336,4966
1394592213,0.04,0.03,0.05,1/336,5003
1394592273,0.01,0.02,0.05,1/336,5040
1394592333,0.00,0.01,0.05,1/336,5077
1394592393,0.00,0.01,0.05,1/335,5113
1394592453,0.00,0.01,0.05,1/335,5150
1394592513,0.00,0.01,0.05,1/335,5187
1394592573,0.00,0.01,0.05,1/335,5223
1394592633,0.00,0.01,0.05,1/335,5261
1394592693,0.00,0.01,0.05,1/335,5298
1394592753,0.00,0.01,0.05,1/335,5334
1394592813,0.00,0.01,0.05,1/335,5371
1394592873,0.00,0.01,0.05,1/334,5408
1394592933,0.00,0.01,0.05,1/335,5446
1394592993,0.00,0.01,0.05,1/335,5482
1394593053,0.00,0.01,0.05,1/335,5518
1394593113,0.00,0.01,0.05,1/335,5554
1394593173,0.00,0.01,0.05,1/335,5591
1394593233,0.00,0.01,0.05,1/335,5630
1394593293,0.00,0.01,0.05,1/335,5695
1394593353,0.00,0.01,0.05,1/335,5731
1394593413,0.00,0.01,0.05,1/335,5768
1394593473,0.00,0.01,0.05,1/335,5804
1394593533,0.00,0.01,0.05,1/335,5840
1394593593,0.00,0.01,0.05,1/334,5877
1394593653,0.00,0.01,0.05,1/334,5914
1394593713,0.00,0.01,0.05,1/334,5951
1394593773,0.00,0.01,0.05,1/334,5989
1394593833,0.00,0.01,0.05,1/333,6027
1394593893,0.00,0.01,0.05,1/334,6065
1394593953,0.00,0.01,0.05,1/334,6102
1394594013,0.00,0.01,0.05,1/334,6139
1394594073,0.00,0.01,0.05,1/334,6176
1394594133,0.00,0.01,0.05,1/334,6213
1394594193,0.00,0.01,0.05,1/334,6251
1394594253,0.06,0.03,0.05,1/334,6287
1394594313,0.02,0.02,0.05,1/334,6324
1394594373,0.01,0.02,0.05,1/334,6360
1394594433,0.00,0.01,0.05,1/334,6399
1394594493,0.00,0.01,0.05,1/334,6435
1394594553,0.00,0.01,0.05,1/334,6471
1394594613,0.00,0.01,0.05,1/334,6507
1394594673,0.00,0.01,0.05,1/334,6543
1394594733,0.00,0.01,0.05,1/334,6582
1394594793,0.00,0.01,0.05,1/333,6618
1394594853,0.00,0.01,0.05,1/334,6655
1394594913,0.00,0.01,0.05,1/334,6691
1394594973,0.00,0.01,0.05,1/334,6727
1394595033,0.00,0.01,0.05,1/334,6767
1394595093,0.00,0.01,0.05,1/334,6804
1394595153,0.00,0.01,0.05,1/334,6841
1394595213,0.00,0.01,0.05,2/334,6877
1394595273,0.00,0.01,0.05,1/334,6913
1394595333,0.00,0.01,0.05,1/334,6949
1394595393,0.00,0.01,0.05,1/334,6986
1394595453,0.00,0.01,0.05,1/334,7022
1394595513,0.00,0.01,0.05,1/334,7060
1394595573,0.00,0.01,0.05,1/334,7098
1394595633,0.00,0.01,0.05,1/334,7137
1394595693,0.00,0.01,0.05,1/334,7174
1394595753,0.00,0.01,0.05,1/333,7210
1394595814,0.00,0.01,0.05,1/334,7248
1394595874,0.00,0.01,0.05,1/334,7285
1394595934,0.00,0.01,0.05,1/334,7322
1394595994,0.00,0.01,0.05,1/334,7358
1394596054,0.00,0.01,0.05,1/334,7395
1394596114,0.00,0.01,0.05,1/334,7432
1394596174,0.00,0.01,0.05,1/334,7468
1394596234,0.00,0.01,0.05,1/334,7506
1394596294,0.00,0.01,0.05,1/334,7543
1394596354,0.00,0.01,0.05,1/334,7580
1394596414,0.00,0.01,0.05,1/334,7617
1394596474,0.00,0.01,0.05,1/334,7653
1394596534,0.00,0.01,0.05,1/334,7690
1394596594,0.00,0.01,0.05,1/334,7727
1394596654,0.00,0.01,0.05,1/334,7763
1394596714,0.00,0.01,0.05,1/333,7800
1394596774,0.00,0.01,0.05,2/334,7838
1394596834,0.00,0.01,0.05,1/334,7876
1394596894,0.00,0.01,0.05,1/334,7941
1394596954,0.00,0.01,0.05,1/334,7977
1394597014,0.00,0.01,0.05,1/334,8013
1394597074,0.00,0.01,0.05,1/334,8051
1394597134,0.00,0.01,0.05,1/334,8088
1394597194,0.00,0.01,0.05,1/334,8125
1394597254,0.00,0.01,0.05,1/334,8161
1394597314,0.00,0.01,0.05,1/334,8198
1394597374,0.00,0.01,0.05,1/334,8235
1394597434,0.00,0.01,0.05,1/334,8273
1394597494,0.00,0.01,0.05,1/334,8309
1394597554,0.00,0.01,0.05,1/334,8347
1394597614,0.00,0.01,0.05,1/334,8383
1394597674,0.00,0.01,0.05,1/333,8419
1394597734,0.00,0.01,0.05,1/334,8457
1394597794,0.00,0.01,0.05,1/334,8493
1394597854,0.00,0.01,0.05,1/334,8529
1394597914,0.00,0.01,0.05,1/334,8566
1394597974,0.00,0.01,0.05,1/334,8603
1394598034,0.00,0.01,0.05,1/334,8644
1394598094,0.00,0.01,0.05,1/334,8680
1394598154,0.00,0.01,0.05,1/334,8716
1394598214,0.00,0.01,0.05,1/334,8752
1394598274,0.12,0.04,0.05,1/334,8789
1394598334,0.04,0.04,0.05,1/334,8825
1394598394,0.02,0.03,0.05,1/334,8861
1394598454,0.01,0.03,0.05,1/334,8898
1394598514,0.00,0.02,0.05,1/334,8935
1394598574,0.00,0.01,0.05,1/334,8971
1394598634,0.00,0.01,0.05,1/333,9009
1394598694,0.04,0.03,0.05,1/334,9047
1394598754,0.02,0.02,0.05,1/334,9083
1394598814,0.05,0.03,0.05,1/334,9119
1394598874,0.02,0.03,0.05,1/334,9155
1394598934,0.06,0.04,0.05,1/334,9192
1394598994,0.02,0.03,0.05,1/334,9230
1394599054,0.08,0.04,0.05,1/334,9266
1394599114,0.03,0.04,0.05,1/334,9303
1394599174,0.01,0.03,0.05,1/334,9339
1394599234,0.00,0.02,0.05,1/334,9378
1394599294,0.00,0.02,0.05,1/334,9414
1394599354,0.00,0.01,0.05,1/334,9450
1394599414,0.00,0.01,0.05,1/334,9487
1394599474,0.00,0.01,0.05,1/334,9524
1394599534,0.00,0.01,0.05,1/334,9561
1394599594,0.00,0.01,0.05,1/333,9597
1394599654,0.00,0.01,0.05,1/334,9634
1394599714,0.00,0.01,0.05,1/334,9671
1394599774,0.00,0.01,0.05,1/334,9708
1394599834,0.00,0.01,0.05,1/334,9747
1394599894,0.00,0.01,0.05,1/334,9784
1394599954,0.00,0.01,0.05,1/334,9823
1394600014,0.00,0.01,0.05,1/334,9863
1394600074,0.00,0.01,0.05,1/334,9919
1394600134,0.00,0.01,0.05,1/334,9955
1394600194,0.00,0.01,0.05,1/334,9992
1394600254,0.00,0.01,0.05,1/334,10028
1394600314,0.05,0.03,0.05,1/334,10065
1394600374,0.06,0.04,0.05,1/334,10102
1394600434,0.02,0.03,0.05,1/334,10141
1394600494,0.01,0.03,0.05,1/334,10207
1394600554,0.00,0.02,0.05,1/333,10244
1394600614,0.00,0.02,0.05,1/334,10282
1394600674,0.00,0.01,0.05,1/334,10318
1394600734,0.00,0.01,0.05,1/334,10354
1394600794,0.00,0.01,0.05,1/334,10390
1394600855,0.00,0.01,0.05,1/334,10427
1394600915,0.00,0.01,0.05,1/334,10464
1394600975,0.07,0.03,0.05,1/334,10500
1394601035,0.03,0.02,0.05,1/334,10539
1394601095,0.01,0.02,0.05,1/334,10575
1394601155,0.00,0.01,0.05,1/334,10611
1394601215,0.00,0.01,0.05,1/334,10648
1394601275,0.00,0.01,0.05,1/334,10685
1394601335,0.00,0.01,0.05,1/334,10722
1394601395,0.00,0.01,0.05,1/334,10759
1394601455,0.00,0.01,0.05,1/334,10796
1394601515,0.00,0.01,0.05,1/334,10832
1394601575,0.00,0.01,0.05,1/334,10869
1394601635,0.00,0.01,0.05,1/334,10908
1394601695,0.00,0.01,0.05,1/334,10944
1394601755,0.00,0.01,0.05,1/334,10981
1394601815,0.00,0.01,0.05,1/334,11017
1394601875,0.00,0.01,0.05,1/333,11054
1394601935,0.00,0.01,0.05,1/334,11091
1394601995,0.00,0.01,0.05,1/334,11128
1394602055,0.00,0.01,0.05,1/334,11164
1394602115,0.00,0.01,0.05,1/334,11200
1394602175,0.00,0.01,0.05,1/334,11237
1394602235,0.00,0.01,0.05,1/335,11277
1394602295,0.00,0.01,0.05,1/335,11313
1394602355,0.05,0.03,0.05,1/335,11349
1394602415,0.02,0.02,0.05,1/335,11386
1394602475,0.01,0.02,0.05,1/335,11422
1394602535,0.00,0.01,0.05,1/334,11459
1394602595,0.00,0.01,0.05,1/334,11496
1394602655,0.00,0.01,0.05,1/334,11533
1394602715,0.00,0.01,0.05,1/334,11569
1394602775,0.00,0.01,0.05,1/334,11605
1394602835,0.00,0.01,0.05,1/333,11644
1394602895,0.00,0.01,0.05,1/334,11681
1394602955,0.29,0.08,0.07,1/334,11719
1394603015,0.10,0.06,0.06,1/334,11755
1394603075,0.04,0.05,0.05,1/334,11791
1394603135,0.01,0.04,0.05,1/334,11828
1394603195,0.07,0.05,0.05,1/334,11864
1394603255,0.03,0.04,0.05,1/334,11900
1394603315,0.01,0.04,0.05,1/334,11937
1394603375,0.00,0.03,0.05,1/334,11974
1394603435,0.00,0.02,0.05,1/334,12013
1394603495,0.00,0.02,0.05,1/334,12050
1394603555,0.00,0.01,0.05,1/334,12087
1394603615,0.00,0.01,0.05,1/334,12124
1394603675,0.00,0.01,0.05,1/334,12160
1394603735,0.00,0.01,0.05,1/335,12198
1394603795,0.00,0.01,0.05,1/334,12235
1394603855,0.00,0.01,0.05,1/335,12273
1394603915,0.00,0.01,0.05,1/335,12309
1394603975,0.00,0.01,0.05,1/335,12345
1394604035,0.00,0.01,0.05,1/334,12384
1394604095,0.19,0.07,0.06,2/334,12449
1394604155,0.07,0.06,0.06,1/334,12487
1394604215,0.03,0.05,0.05,1/334,12524
1394604275,0.01,0.04,0.05,1/334,12561
1394604335,0.00,0.03,0.05,1/334,12598
1394604395,0.00,0.03,0.05,1/334,12635
1394604455,0.04,0.04,0.05,1/334,12672
1394604515,0.06,0.05,0.05,1/334,12709
1394604575,0.02,0.04,0.05,1/334,12746
1394604635,0.07,0.05,0.05,1/334,12784
1394604695,0.03,0.04,0.05,1/334,12821
1394604755,0.01,0.03,0.05,1/333,12858
1394604815,0.00,0.03,0.05,1/334,12896
1394604875,0.00,0.02,0.05,1/334,12935
1394604935,0.00,0.02,0.05,2/334,12971
1394604995,0.00,0.01,0.05,1/334,13008
1394605055,0.00,0.01,0.05,1/334,13045
1394605115,0.00,0.01,0.05,1/334,13081
1394605175,0.08,0.03,0.05,1/334,13117
1394605235,0.03,0.03,0.05,1/335,13158
1394605295,0.01,0.02,0.05,1/335,13194
1394605355,0.00,0.01,0.05,1/335,13231
1394605415,0.00,0.01,0.05,1/335,13269
1394605475,0.00,0.01,0.05,1/335,13306
1394605535,0.00,0.01,0.05,1/334,13342
1394605595,0.00,0.01,0.05,1/334,13379
1394605655,0.00,0.01,0.05,1/334,13415
1394605715,0.00,0.01,0.05,1/333,13451
1394605775,0.00,0.01,0.05,1/334,13489
1394605835,0.00,0.01,0.05,1/334,13527
1394605895,0.00,0.01,0.05,1/334,13564
1394605955,0.00,0.01,0.05,1/334,13601
1394606015,0.00,0.01,0.05,1/335,13638
1394606075,0.00,0.01,0.05,1/335,13674
1394606135,0.00,0.01,0.05,1/335,13711
1394606195,0.00,0.01,0.05,1/335,13748
1394606255,0.00,0.01,0.05,1/335,13785
1394606315,0.00,0.01,0.05,1/334,13821
1394606375,0.00,0.01,0.05,1/334,13859
1394606436,0.00,0.01,0.05,1/334,13898
1394606496,0.00,0.01,0.05,1/334,13934
1394606556,0.00,0.01,0.05,1/334,13970
1394606616,0.00,0.01,0.05,1/334,14008
1394606676,0.00,0.01,0.05,1/333,14045
1394606736,0.00,0.01,0.05,1/334,14082
1394606796,0.00,0.01,0.05,1/334,14118
1394606856,0.00,0.01,0.05,1/334,14155
1394606916,0.00,0.01,0.05,1/334,14192
1394606976,0.00,0.01,0.05,1/334,14229
1394607036,0.00,0.01,0.05,1/334,14267
1394607096,0.00,0.01,0.05,1/334,14303
1394607156,0.00,0.01,0.05,1/334,14340
1394607216,0.00,0.01,0.05,1/334,14376
1394607276,0.00,0.01,0.05,1/334,14412
1394607336,0.00,0.01,0.05,1/334,14449
1394607396,0.08,0.03,0.05,1/334,14485
1394607456,0.13,0.07,0.06,1/334,14522
1394607516,0.05,0.06,0.06,1/334,14558
1394607576,0.02,0.04,0.05,1/334,14595
1394607636,0.01,0.04,0.05,1/333,14633
1394607696,0.00,0.03,0.05,1/334,14700
1394607756,0.00,0.03,0.05,1/334,14736
1394607816,0.00,0.02,0.05,1/334,14773
1394607876,0.00,0.01,0.05,1/334,14809
1394607936,0.00,0.01,0.05,1/334,14845
1394607996,0.04,0.03,0.05,1/334,14882
1394608056,0.02,0.02,0.05,1/334,14918
1394608116,0.01,0.02,0.05,1/334,14955
1394608176,0.00,0.01,0.05,1/334,14991
1394608236,0.00,0.01,0.05,1/334,15030
1394608296,0.00,0.01,0.05,1/334,15068
1394608356,0.00,0.01,0.05,1/334,15105
1394608416,0.04,0.03,0.05,1/334,15144
1394608476,0.01,0.02,0.05,1/334,15180
1394608536,0.00,0.01,0.05,1/334,15216
1394608596,0.00,0.01,0.05,1/333,15252
1394608656,0.00,0.01,0.05,1/334,15289
1394608716,0.00,0.01,0.05,1/334,15325
1394608776,0.00,0.01,0.05,1/334,15364
1394608836,0.00,0.01,0.05,1/334,15402
1394608896,0.00,0.01,0.05,1/334,15438
1394608956,0.00,0.01,0.05,1/335,15477
1394609016,0.00,0.01,0.05,1/334,15513
1394609076,0.29,0.08,0.07,1/334,15549
1394609136,0.14,0.08,0.06,1/334,15585
1394609196,0.05,0.06,0.06,1/334,15622
1394609256,0.02,0.05,0.05,1/334,15659
1394609316,0.01,0.04,0.05,1/334,15696
1394609376,0.00,0.04,0.05,1/334,15733
1394609436,0.00,0.03,0.05,1/334,15771
1394609496,0.00,0.02,0.05,1/334,15807
1394609556,0.00,0.02,0.05,1/333,15845
1394609616,0.00,0.01,0.05,1/334,15883
1394609676,0.04,0.03,0.05,1/334,15919
1394609736,0.01,0.02,0.05,1/334,15956
1394609796,0.01,0.02,0.05,1/334,15993
1394609856,0.00,0.01,0.05,1/334,16029
1394609916,0.00,0.01,0.05,1/334,16067
1394609976,0.00,0.01,0.05,1/334,16104
1394610036,0.00,0.01,0.05,1/334,16143
1394610096,0.00,0.01,0.05,1/335,16182
1394610156,0.00,0.01,0.05,1/335,16219
1394610216,0.00,0.01,0.05,1/335,16256
1394610276,0.00,0.01,0.05,1/335,16292
1394610336,0.05,0.03,0.05,1/335,16328
1394610396,0.02,0.02,0.05,1/334,16366
1394610456,0.01,0.02,0.05,1/334,16406
