1394519239,2,0,0,1,0,377,0,0
1394519299,0,0,0,0,0,6,0,0
1394519359,0,0,0,0,0,6,0,0
1394519419,0,0,0,0,0,6,0,0
1394519479,0,0,0,0,0,6,0,0
1394519539,0,0,0,0,0,6,0,0
1394519599,0,0,0,0,0,6,0,0
1394519659,0,0,0,0,0,6,0,0
1394519719,0,0,0,0,0,6,0,0
1394519779,0,0,0,0,0,6,0,0
1394519839,0,0,0,0,0,6,0,0
1394519899,0,0,0,0,0,6,0,0
1394519959,0,0,0,0,0,6,0,0
1394520019,0,0,0,0,0,6,0,0
1394520079,0,0,0,0,0,6,0,0
1394520139,0,0,0,0,0,6,0,0
1394520199,0,0,0,0,0,6,0,0
1394520259,0,0,0,0,0,6,0,0
1394520319,0,0,0,0,0,6,0,0
1394520379,0,0,0,0,0,6,0,0
1394520439,0,0,0,0,0,6,0,0
1394520499,0,0,0,0,0,6,0,0
1394520559,0,0,0,0,0,6,0,0
1394520619,0,0,0,0,0,6,0,0
1394520679,0,0,0,0,0,6,0,0
1394520739,0,0,0,0,0,6,0,0
1394520799,0,0,0,0,0,6,0,0
1394520859,0,0,0,0,0,6,0,0
1394520919,0,0,0,0,0,6,0,0
1394520979,0,0,0,0,0,6,0,0
1394521039,0,0,0,0,0,6,0,0
1394521099,0,0,0,0,0,6,0,0
1394521159,0,0,0,0,0,6,0,0
1394521219,0,0,0,0,0,6,0,0
1394521279,0,0,0,0,0,6,0,0
1394521339,0,0,0,0,0,6,0,0
1394521399,0,0,0,0,0,6,0,0
1394521459,0,0,0,0,0,6,0,0
1394521519,0,0,0,0,0,6,0,0
1394521579,0,0,0,0,0,6,0,0
1394521639,0,0,0,0,0,6,0,0
1394521699,0,0,0,0,0,6,0,0
1394521759,0,0,0,0,0,6,0,0
1394521819,0,0,0,0,0,6,0,0
1394521879,0,0,0,0,0,6,0,0
1394521939,0,0,0,0,0,6,0,0
1394521999,0,0,0,0,0,6,0,0
1394522059,0,0,0,0,0,6,0,0
1394522119,0,0,0,0,0,6,0,0
1394522179,0,0,0,0,0,6,0,0
1394522239,0,0,0,0,0,6,0,0
1394522299,0,0,0,0,0,6,0,0
1394522359,0,0,0,0,0,6,0,0
1394522419,0,0,0,0,0,6,0,0
1394522479,0,0,0,0,0,6,0,0
1394522539,0,0,0,0,0,6,0,0
1394522599,0,0,0,0,0,6,0,0
1394522660,0,0,0,0,0,6,0,0
1394522720,0,0,0,0,0,6,0,0
1394522780,0,0,0,0,0,6,0,0
1394522840,0,0,0,0,0,6,0,0
1394522900,0,0,0,0,0,6,0,0
1394522960,0,0,0,0,0,6,0,0
1394523020,0,0,0,0,0,6,0,0
1394523080,0,0,0,0,0,6,0,0
1394523140,0,0,0,0,0,6,0,0
1394523200,0,0,0,0,0,6,0,0
1394523260,0,0,0,0,0,6,0,0
1394523320,0,0,0,0,0,6,0,0
1394523380,0,0,0,0,0,6,0,0
1394523440,0,0,0,0,0,6,0,0
1394523500,0,0,0,0,0,6,0,0
1394523560,0,0,0,0,0,6,0,0
1394523620,0,0,0,0,0,6,0,0
1394523680,0,0,0,0,0,6,0,0
1394523740,0,0,0,0,0,6,0,0
1394523800,0,0,0,0,0,6,0,0
1394523860,0,0,0,0,0,6,0,0
1394523920,0,0,0,0,0,6,0,0
1394523980,0,0,0,0,0,6,0,0
1394524040,0,0,0,0,0,6,0,0
1394524100,0,0,0,0,0,6,0,0
1394524160,0,0,0,0,0,6,0,0
1394524220,0,0,0,0,0,6,0,0
1394524280,0,0,0,0,0,6,0,0
1394524340,0,0,0,0,0,6,0,0
1394524400,0,0,0,0,0,6,0,0
1394524460,0,0,0,0,0,6,0,0
1394524520,0,0,0,0,0,6,0,0
1394524580,0,0,0,0,0,6,0,0
1394524640,0,0,0,0,0,6,0,0
1394524700,0,0,0,0,0,6,0,0
1394524760,0,0,0,0,0,6,0,0
1394524820,0,0,0,0,0,6,0,0
1394524880,0,0,0,0,0,6,0,0
1394524940,0,0,0,0,0,6,0,0
1394525000,0,0,0,0,0,6,0,0
1394525060,0,0,0,0,0,6,0,0
1394525120,0,0,0,0,0,6,0,0
1394525180,0,0,0,0,0,6,0,0
1394525240,0,0,0,0,0,6,0,0
1394525300,0,0,0,0,0,6,0,0
1394525360,0,0,0,0,0,6,0,0
1394525420,0,0,0,0,0,6,0,0
1394525480,0,0,0,0,0,6,0,0
1394525540,0,0,0,0,0,6,0,0
1394525600,0,0,0,0,0,6,0,0
1394525660,0,0,0,0,0,6,0,0
1394525720,0,0,0,0,0,6,0,0
1394525780,0,0,0,0,0,6,0,0
1394525840,0,0,0,0,0,6,0,0
1394525900,0,0,0,0,0,6,0,0
1394525960,0,0,0,0,0,6,0,0
1394526020,0,0,0,0,0,6,0,0
1394526080,0,0,0,0,0,6,0,0
1394526140,0,0,0,0,0,6,0,0
1394526200,0,0,0,0,0,6,0,0
1394526260,0,0,0,0,0,6,0,0
1394526320,0,0,0,0,0,6,0,0
1394526380,0,0,0,0,0,6,0,0
1394526440,0,0,0,0,0,6,0,0
1394526500,0,0,0,0,0,6,0,0
1394526560,0,0,0,0,0,6,0,0
1394526620,0,0,0,0,0,6,0,0
1394526680,0,0,0,0,0,6,0,0
1394526740,0,0,0,0,0,6,0,0
1394526800,0,0,0,0,0,6,0,0
1394526860,0,0,0,0,0,6,0,0
1394526920,0,0,0,0,0,6,0,0
1394526980,0,0,0,0,0,6,0,0
1394527040,0,0,0,0,0,6,0,0
1394527100,0,0,0,0,0,6,0,0
1394527160,0,0,0,0,0,6,0,0
1394527220,0,0,0,0,0,6,0,0
1394527280,0,0,0,0,0,6,0,0
1394527340,0,0,0,0,0,6,0,0
1394527400,0,0,0,0,0,6,0,0
1394527460,0,0,0,0,0,6,0,0
1394527520,0,0,0,0,0,6,0,0
1394527580,0,0,0,0,0,6,0,0
1394527640,0,0,0,0,0,6,0,0
1394527700,0,0,0,0,0,6,0,0
1394527760,0,0,0,0,0,6,0,0
1394527820,0,0,0,0,0,6,0,0
1394527880,0,0,0,0,0,6,0,0
1394527940,0,0,0,0,0,6,0,0
1394528000,0,0,0,0,0,6,0,0
1394528060,0,0,0,0,0,6,0,0
1394528120,0,0,0,0,0,6,0,0
1394528181,0,0,0,0,0,6,0,0
1394528241,0,0,0,0,0,6,0,0
1394528301,0,0,0,0,0,6,0,0
1394528361,0,0,0,0,0,6,0,0
1394528421,0,0,0,0,0,6,0,0
1394528481,0,0,0,0,0,6,0,0
1394528541,0,0,0,0,0,6,0,0
1394528601,0,0,0,0,0,6,0,0
1394528661,0,0,0,0,0,6,0,0
1394528721,0,0,0,0,0,6,0,0
1394528781,0,0,0,0,0,6,0,0
1394528841,0,0,0,0,0,6,0,0
1394528901,0,0,0,0,0,6,0,0
1394528961,0,0,0,0,0,6,0,0
1394529021,0,0,0,0,0,6,0,0
1394529081,0,0,0,0,0,6,0,0
1394529141,0,0,0,0,0,6,0,0
1394529201,0,0,0,0,0,6,0,0
1394529261,0,0,0,0,0,6,0,0
1394529321,0,0,0,0,0,6,0,0
1394529381,0,0,0,0,0,6,0,0
1394529441,0,0,0,0,0,6,0,0
1394529501,0,0,0,0,0,6,0,0
1394529561,0,0,0,0,0,6,0,0
1394529621,0,0,0,0,0,6,0,0
1394529681,0,0,0,0,0,6,0,0
1394529741,0,0,0,0,0,6,0,0
1394529801,0,0,0,0,0,6,0,0
1394529861,0,0,0,0,0,6,0,0
1394529921,0,0,0,0,0,6,0,0
1394529981,0,0,0,0,0,6,0,0
1394530041,0,0,0,0,0,6,0,0
1394530101,0,0,0,0,0,6,0,0
1394530161,0,0,0,0,0,6,0,0
1394530221,0,0,0,0,0,6,0,0
1394530281,0,0,0,0,0,6,0,0
1394530341,0,0,0,0,0,6,0,0
1394530401,0,0,0,0,0,6,0,0
1394530461,0,0,0,0,0,6,0,0
1394530521,0,0,0,0,0,6,0,0
1394530581,0,0,0,0,0,6,0,0
1394530641,0,0,0,0,0,6,0,0
1394530701,0,0,0,0,0,6,0,0
1394530761,0,0,0,0,0,6,0,0
1394530821,0,0,0,0,0,6,0,0
1394530881,0,0,0,0,0,6,0,0
1394530941,0,0,0,0,0,6,0,0
1394531001,0,0,0,0,0,6,0,0
1394531061,0,0,0,0,0,6,0,0
1394531121,0,0,0,0,0,6,0,0
1394531181,0,0,0,0,0,6,0,0
1394531241,0,0,0,0,0,6,0,0
1394531301,0,0,0,0,0,6,0,0
1394531361,0,0,0,0,0,6,0,0
1394531421,0,0,0,0,0,6,0,0
1394531481,0,0,0,0,0,6,0,0
1394531541,0,0,0,0,0,6,0,0
1394531601,0,0,0,0,0,6,0,0
1394531661,0,0,0,0,0,6,0,0
1394531721,0,0,0,0,0,6,0,0
1394531781,0,0,0,0,0,6,0,0
1394531841,0,0,0,0,0,6,0,0
1394531901,0,0,0,0,0,6,0,0
1394531961,0,0,0,0,0,6,0,0
1394532021,0,0,0,0,0,6,0,0
1394532081,0,0,0,0,0,6,0,0
1394532141,0,0,0,0,0,6,0,0
1394532201,0,0,0,0,0,6,0,0
1394532261,0,0,0,0,0,6,0,0
1394532321,0,0,0,0,0,6,0,0
1394532381,0,0,0,0,0,6,0,0
1394532441,0,0,0,0,0,6,0,0
1394532501,0,0,0,0,0,6,0,0
1394532561,0,0,0,0,0,6,0,0
1394532621,0,0,0,0,0,6,0,0
1394532681,0,0,0,0,0,6,0,0
1394532741,0,0,0,0,0,6,0,0
1394532801,0,0,0,0,0,6,0,0
1394532861,0,0,0,0,0,6,0,0
1394532921,0,0,0,0,0,6,0,0
1394532981,0,0,0,0,0,6,0,0
1394533041,0,0,0,0,0,6,0,0
1394533101,0,0,0,0,0,6,0,0
1394533161,0,0,0,0,0,6,0,0
1394533221,0,0,0,0,0,6,0,0
1394533281,0,0,0,0,0,6,0,0
1394533341,0,0,0,0,0,6,0,0
1394533401,0,0,0,0,0,6,0,0
1394533461,0,0,0,0,0,6,0,0
1394533522,0,0,0,0,0,6,0,0
1394533582,0,0,0,0,0,6,0,0
1394533642,0,0,0,0,0,6,0,0
1394533702,0,0,0,0,0,6,0,0
1394533762,0,0,0,0,0,6,0,0
1394533822,0,0,0,0,0,6,0,0
1394533882,0,0,0,0,0,6,0,0
1394533942,0,0,0,0,0,6,0,0
1394534002,0,0,0,0,0,6,0,0
1394534062,0,0,0,0,0,6,0,0
1394534122,0,0,0,0,0,6,0,0
1394534182,0,0,0,0,0,6,0,0
1394534242,0,0,0,0,0,6,0,0
1394534302,0,0,0,0,0,6,0,0
1394534362,0,0,0,0,0,6,0,0
1394534422,0,0,0,0,0,6,0,0
1394534482,0,0,0,0,0,6,0,0
1394534542,0,0,0,0,0,6,0,0
1394534602,0,0,0,0,0,6,0,0
1394534662,0,0,0,0,0,6,0,0
1394534722,0,0,0,0,0,6,0,0
1394534782,0,0,0,0,0,6,0,0
1394534842,0,0,0,0,0,6,0,0
1394534902,0,0,0,0,0,6,0,0
1394534962,0,0,0,0,0,6,0,0
1394535022,0,0,0,0,0,6,0,0
1394535082,0,0,0,0,0,6,0,0
1394535142,0,0,0,0,0,6,0,0
1394535202,0,0,0,0,0,6,0,0
1394535262,0,0,0,0,0,6,0,0
1394535322,0,0,0,0,0,6,0,0
1394535382,0,0,0,0,0,6,0,0
1394535442,0,0,0,0,0,6,0,0
1394535502,0,0,0,0,0,6,0,0
1394535562,0,0,0,0,0,6,0,0
1394535622,0,0,0,0,0,6,0,0
1394535682,0,0,0,0,0,6,0,0
1394535742,0,0,0,0,0,6,0,0
1394535802,0,0,0,0,0,6,0,0
1394535862,0,0,0,0,0,6,0,0
1394535922,0,0,0,0,0,6,0,0
1394535982,0,0,0,0,0,6,0,0
1394536042,0,0,0,0,0,6,0,0
1394536102,0,0,0,0,0,6,0,0
1394536162,0,0,0,0,0,6,0,0
1394536222,0,0,0,0,0,6,0,0
1394536282,0,0,0,0,0,6,0,0
1394536342,0,0,0,0,0,6,0,0
1394536402,0,0,0,0,0,6,0,0
1394536462,0,0,0,0,0,6,0,0
1394536522,0,0,0,0,0,6,0,0
1394536582,0,0,0,0,0,6,0,0
1394536642,0,0,0,0,0,6,0,0
1394536702,0,0,0,0,0,6,0,0
1394536762,0,0,0,0,0,6,0,0
1394536822,0,0,0,0,0,6,0,0
1394536882,0,0,0,0,0,6,0,0
1394536942,0,0,0,0,0,6,0,0
1394537002,0,0,0,0,0,6,0,0
1394537062,0,0,0,0,0,6,0,0
1394537122,0,0,0,0,0,6,0,0
1394537182,0,0,0,0,0,6,0,0
1394537242,0,0,0,0,0,6,0,0
1394537302,0,0,0,0,0,6,0,0
1394537362,0,0,0,0,0,6,0,0
1394537422,0,0,0,0,0,6,0,0
1394537482,0,0,0,0,0,6,0,0
1394537542,0,0,0,0,0,6,0,0
1394537602,0,0,0,0,0,6,0,0
1394537662,0,0,0,0,0,6,0,0
1394537722,0,0,0,0,0,6,0,0
1394537782,0,0,0,0,0,6,0,0
1394537842,0,0,0,0,0,6,0,0
1394537902,0,0,0,0,0,6,0,0
1394537962,0,0,0,0,0,6,0,0
1394538022,0,0,0,0,0,6,0,0
1394538082,0,0,0,0,0,6,0,0
1394538142,0,0,0,0,0,6,0,0
1394538202,0,0,0,0,0,6,0,0
1394538262,0,0,0,0,0,6,0,0
1394538322,0,0,0,0,0,6,0,0
1394538382,0,0,0,0,0,6,0,0
1394538442,0,0,0,0,0,6,0,0
1394538502,0,0,0,0,0,6,0,0
1394538562,0,0,0,0,0,6,0,0
1394538622,0,0,0,0,0,6,0,0
1394538682,0,0,0,0,0,6,0,0
1394538742,0,0,0,0,0,6,0,0
1394538802,0,0,0,0,0,6,0,0
1394538862,0,0,0,0,0,6,0,0
1394538922,0,0,0,0,0,6,0,0
1394538983,0,0,0,0,0,6,0,0
1394539043,0,0,0,0,0,6,0,0
1394539103,0,0,0,0,0,6,0,0
1394539163,0,0,0,0,0,6,0,0
1394539223,0,0,0,0,0,6,0,0
1394539283,0,0,0,0,0,6,0,0
1394539343,0,0,0,0,0,6,0,0
1394539403,0,0,0,0,0,6,0,0
1394539463,0,0,0,0,0,6,0,0
1394539523,0,0,0,0,0,6,0,0
1394539583,0,0,0,0,0,6,0,0
1394539643,0,0,0,0,0,6,0,0
1394539703,0,0,0,0,0,6,0,0
1394539763,0,0,0,0,0,6,0,0
1394539823,0,0,0,0,0,6,0,0
1394539883,0,0,0,0,0,6,0,0
1394539943,0,0,0,0,0,6,0,0
1394540003,0,0,0,0,0,6,0,0
1394540063,0,0,0,0,0,6,0,0
1394540123,0,0,0,0,0,6,0,0
1394540183,0,0,0,0,0,6,0,0
1394540243,0,0,0,0,0,6,0,0
1394540303,0,0,0,0,0,6,0,0
1394540363,0,0,0,0,0,6,0,0
1394540423,0,0,0,0,0,6,0,0
1394540483,0,0,0,0,0,6,0,0
1394540543,0,0,0,0,0,6,0,0
1394540603,0,0,0,0,0,6,0,0
1394540663,0,0,0,0,0,6,0,0
1394540723,0,0,0,0,0,6,0,0
1394540783,0,0,0,0,0,6,0,0
1394540843,0,0,0,0,0,6,0,0
1394540903,0,0,0,0,0,6,0,0
1394540963,0,0,0,0,0,6,0,0
1394541023,0,0,0,0,0,6,0,0
1394541083,0,0,0,0,0,6,0,0
1394541143,0,0,0,0,0,6,0,0
1394541203,0,0,0,0,0,6,0,0
1394541263,0,0,0,0,0,6,0,0
1394541323,0,0,0,0,0,6,0,0
1394541383,0,0,0,0,0,6,0,0
1394541443,0,0,0,0,0,6,0,0
1394541503,0,0,0,0,0,6,0,0
1394541563,0,0,0,0,0,6,0,0
1394541623,0,0,0,0,0,6,0,0
1394541683,0,0,0,0,0,6,0,0
1394541743,0,0,0,0,0,6,0,0
1394541803,0,0,0,0,0,6,0,0
1394541863,0,0,0,0,0,6,0,0
1394541923,0,0,0,0,0,6,0,0
1394541983,0,0,0,0,0,6,0,0
1394542043,0,0,0,0,0,6,0,0
1394542103,0,0,0,0,0,6,0,0
1394542163,0,0,0,0,0,6,0,0
1394542223,0,0,0,0,0,6,0,0
1394542283,0,0,0,0,0,6,0,0
1394542343,0,0,0,0,0,6,0,0
1394542403,0,0,0,0,0,6,0,0
1394542463,0,0,0,0,0,6,0,0
1394542523,0,0,0,0,0,6,0,0
1394542583,0,0,0,0,0,6,0,0
1394542643,0,0,0,0,0,6,0,0
1394542703,0,0,0,0,0,6,0,0
1394542763,0,0,0,0,0,6,0,0
1394542823,0,0,0,0,0,6,0,0
1394542883,0,0,0,0,0,6,0,0
1394542943,0,0,0,0,0,6,0,0
1394543003,0,0,0,0,0,6,0,0
1394543063,0,0,0,0,0,6,0,0
1394543123,0,0,0,0,0,6,0,0
1394543183,0,0,0,0,0,6,0,0
1394543243,0,0,0,0,0,6,0,0
1394543303,0,0,0,0,0,6,0,0
1394543363,0,0,0,0,0,6,0,0
1394543423,0,0,0,0,0,6,0,0
1394543483,0,0,0,0,0,6,0,0
1394543543,0,0,0,0,0,6,0,0
1394543603,0,0,0,0,0,6,0,0
1394543663,0,0,0,0,0,6,0,0
1394543723,0,0,0,0,0,6,0,0
1394543783,0,0,0,0,0,6,0,0
1394543843,0,0,0,0,0,6,0,0
1394543903,0,0,0,0,0,6,0,0
1394543963,0,0,0,0,0,6,0,0
1394544023,0,0,0,0,0,6,0,0
1394544083,0,0,0,0,0,6,0,0
1394544143,0,0,0,0,0,6,0,0
1394544203,0,0,0,0,0,6,0,0
1394544263,0,0,0,0,0,6,0,0
1394544323,0,0,0,0,0,6,0,0
1394544383,0,0,0,0,0,6,0,0
1394544443,0,0,0,0,0,6,0,0
1394544504,0,0,0,0,0,6,0,0
1394544564,0,0,0,0,0,6,0,0
1394544624,0,0,0,0,0,6,0,0
1394544684,0,0,0,0,0,6,0,0
1394544744,0,0,0,0,0,6,0,0
1394544804,0,0,0,0,0,6,0,0
1394544864,0,0,0,0,0,6,0,0
1394544924,0,0,0,0,0,6,0,0
1394544984,0,0,0,0,0,6,0,0
1394545044,0,0,0,0,0,6,0,0
1394545104,0,0,0,0,0,6,0,0
1394545164,0,0,0,0,0,6,0,0
1394545224,0,0,0,0,0,6,0,0
1394545284,0,0,0,0,0,6,0,0
1394545344,0,0,0,0,0,6,0,0
1394545404,0,0,0,0,0,6,0,0
1394545464,0,0,0,0,0,6,0,0
1394545524,0,0,0,0,0,6,0,0
1394545584,0,0,0,0,0,6,0,0
1394545644,0,0,0,0,0,6,0,0
1394545704,0,0,0,0,0,6,0,0
1394545764,0,0,0,0,0,6,0,0
1394545824,0,0,0,0,0,6,0,0
1394545884,0,0,0,0,0,6,0,0
1394545944,0,0,0,0,0,6,0,0
1394546004,0,0,0,0,0,6,0,0
1394546064,0,0,0,0,0,6,0,0
1394546124,0,0,0,0,0,6,0,0
1394546184,0,0,0,0,0,6,0,0
1394546244,0,0,0,0,0,6,0,0
1394546304,0,0,0,0,0,6,0,0
1394546364,0,0,0,0,0,6,0,0
1394546424,0,0,0,0,0,6,0,0
1394546484,0,0,0,0,0,6,0,0
1394546544,0,0,0,0,0,6,0,0
1394546604,0,0,0,0,0,6,0,0
1394546664,0,0,0,0,0,6,0,0
1394546724,0,0,0,0,0,6,0,0
1394546784,0,0,0,0,0,6,0,0
1394546844,0,0,0,0,0,6,0,0
1394546904,0,0,0,0,0,6,0,0
1394546964,0,0,0,0,0,6,0,0
1394547024,0,0,0,0,0,6,0,0
1394547084,0,0,0,0,0,6,0,0
1394547144,0,0,0,0,0,6,0,0
1394547204,0,0,0,0,0,6,0,0
1394547264,0,0,0,0,0,6,0,0
1394547324,0,0,0,0,0,6,0,0
1394547384,0,0,0,0,0,6,0,0
1394547444,0,0,0,0,0,6,0,0
1394547504,0,0,0,0,0,6,0,0
1394547564,0,0,0,0,0,6,0,0
1394547624,0,0,0,0,0,6,0,0
1394547684,0,0,0,0,0,6,0,0
1394547744,0,0,0,0,0,6,0,0
1394547804,0,0,0,0,0,6,0,0
1394547864,0,0,0,0,0,6,0,0
1394547924,0,0,0,0,0,6,0,0
1394547984,0,0,0,0,0,6,0,0
1394548044,0,0,0,0,0,6,0,0
1394548104,0,0,0,0,0,6,0,0
1394548164,0,0,0,0,0,6,0,0
1394548224,0,0,0,0,0,6,0,0
1394548284,0,0,0,0,0,6,0,0
1394548344,0,0,0,0,0,6,0,0
1394548404,0,0,0,0,0,6,0,0
1394548464,0,0,0,0,0,6,0,0
1394548524,0,0,0,0,0,6,0,0
1394548584,0,0,0,0,0,6,0,0
1394548644,0,0,0,0,0,6,0,0
1394548704,0,0,0,0,0,6,0,0
1394548764,0,0,0,0,0,6,0,0
1394548824,0,0,0,0,0,6,0,0
1394548884,0,0,0,0,0,6,0,0
1394548944,0,0,0,0,0,6,0,0
1394549004,0,0,0,0,0,6,0,0
1394549064,0,0,0,0,0,6,0,0
1394549124,0,0,0,0,0,6,0,0
1394549184,0,0,0,0,0,6,0,0
1394549244,0,0,0,0,0,6,0,0
1394549304,0,0,0,0,0,6,0,0
1394549364,0,0,0,0,0,6,0,0
1394549424,0,0,0,0,0,6,0,0
1394549484,0,0,0,0,0,6,0,0
1394549544,0,0,0,0,0,6,0,0
1394549604,0,0,0,0,0,6,0,0
1394549664,0,0,0,0,0,6,0,0
1394549724,0,0,0,0,0,6,0,0
1394549784,0,0,0,0,0,6,0,0
1394549845,0,0,0,0,0,6,0,0
1394549905,0,0,0,0,0,6,0,0
1394549965,0,0,0,0,0,6,0,0
1394550025,0,0,0,0,0,6,0,0
1394550085,0,0,0,0,0,6,0,0
1394550145,0,0,0,0,0,6,0,0
1394550205,0,0,0,0,0,6,0,0
1394550265,0,0,0,0,0,6,0,0
1394550325,0,0,0,0,0,6,0,0
1394550385,0,0,0,0,0,6,0,0
1394550445,0,0,0,0,0,6,0,0
1394550505,0,0,0,0,0,6,0,0
1394550565,0,0,0,0,0,6,0,0
1394550625,0,0,0,0,0,6,0,0
1394550685,0,0,0,0,0,6,0,0
1394550745,0,0,0,0,0,6,0,0
1394550805,0,0,0,0,0,6,0,0
1394550865,0,0,0,0,0,6,0,0
1394550925,0,0,0,0,0,6,0,0
1394550985,0,0,0,0,0,6,0,0
1394551045,0,0,0,0,0,6,0,0
1394551105,0,0,0,0,0,6,0,0
1394551165,0,0,0,0,0,6,0,0
1394551225,0,0,0,0,0,6,0,0
1394551285,0,0,0,0,0,6,0,0
1394551345,0,0,0,0,0,6,0,0
1394551405,0,0,0,0,0,6,0,0
1394551465,0,0,0,0,0,6,0,0
1394551525,0,0,0,0,0,6,0,0
1394551585,0,0,0,0,0,6,0,0
1394551645,0,0,0,0,0,6,0,0
1394551705,0,0,0,0,0,6,0,0
1394551765,0,0,0,0,0,6,0,0
1394551825,0,0,0,0,0,6,0,0
1394551885,0,0,0,0,0,6,0,0
1394551945,0,0,0,0,0,6,0,0
1394552005,0,0,0,0,0,6,0,0
1394552065,0,0,0,0,0,6,0,0
1394552125,0,0,0,0,0,6,0,0
1394552185,0,0,0,0,0,6,0,0
1394552245,0,0,0,0,0,6,0,0
1394552305,0,0,0,0,0,6,0,0
1394552365,0,0,0,0,0,6,0,0
1394552425,0,0,0,0,0,6,0,0
1394552485,0,0,0,0,0,6,0,0
1394552545,0,0,0,0,0,6,0,0
1394552605,0,0,0,0,0,6,0,0
1394552665,0,0,0,0,0,6,0,0
1394552725,0,0,0,0,0,6,0,0
1394552785,0,0,0,0,0,6,0,0
1394552845,0,0,0,0,0,6,0,0
1394552905,0,0,0,0,0,6,0,0
1394552965,0,0,0,0,0,6,0,0
1394553025,0,0,0,0,0,6,0,0
1394553085,0,0,0,0,0,6,0,0
1394553145,0,0,0,0,0,6,0,0
1394553205,0,0,0,0,0,6,0,0
1394553265,0,0,0,0,0,6,0,0
1394553325,0,0,0,0,0,6,0,0
1394553385,0,0,0,0,0,6,0,0
1394553445,0,0,0,0,0,6,0,0
1394553505,0,0,0,0,0,6,0,0
1394553565,0,0,0,0,0,6,0,0
1394553625,0,0,0,0,0,6,0,0
1394553685,0,0,0,0,0,6,0,0
1394553745,0,0,0,0,0,6,0,0
1394553805,0,0,0,0,0,6,0,0
1394553865,0,0,0,0,0,6,0,0
1394553925,0,0,0,0,0,6,0,0
1394553985,0,0,0,0,0,6,0,0
1394554045,0,0,0,0,0,6,0,0
1394554105,0,0,0,0,0,6,0,0
1394554165,0,0,0,0,0,6,0,0
1394554225,0,0,0,0,0,6,0,0
1394554285,0,0,0,0,0,6,0,0
1394554345,0,0,0,0,0,6,0,0
1394554405,0,0,0,0,0,6,0,0
1394554465,0,0,0,0,0,6,0,0
1394554525,0,0,0,0,0,6,0,0
1394554585,0,0,0,0,0,6,0,0
1394554645,0,0,0,0,0,6,0,0
1394554705,0,0,0,0,0,6,0,0
1394554765,0,0,0,0,0,6,0,0
1394554825,0,0,0,0,0,6,0,0
1394554885,0,0,0,0,0,6,0,0
1394554945,0,0,0,0,0,6,0,0
1394555006,0,0,0,0,0,6,0,0
1394555066,0,0,0,0,0,6,0,0
1394555126,0,0,0,0,0,6,0,0
1394555186,0,0,0,0,0,6,0,0
1394555246,0,0,0,0,0,6,0,0
1394555306,0,0,0,0,0,6,0,0
1394555366,0,0,0,0,0,6,0,0
1394555426,0,0,0,0,0,6,0,0
1394555486,0,0,0,0,0,6,0,0
1394555546,0,0,0,0,0,6,0,0
1394555606,0,0,0,0,0,6,0,0
1394555666,0,0,0,0,0,6,0,0
1394555726,0,0,0,0,0,6,0,0
1394555786,0,0,0,0,0,6,0,0
1394555846,0,0,0,0,0,6,0,0
1394555906,0,0,0,0,0,6,0,0
1394555966,0,0,0,0,0,6,0,0
1394556026,0,0,0,0,0,6,0,0
1394556086,0,0,0,0,0,6,0,0
1394556146,0,0,0,0,0,6,0,0
1394556206,0,0,0,0,0,6,0,0
1394556266,0,0,0,0,0,6,0,0
1394556326,0,0,0,0,0,6,0,0
1394556386,0,0,0,0,0,6,0,0
1394556446,0,0,0,0,0,6,0,0
1394556506,0,0,0,0,0,6,0,0
1394556566,0,0,0,0,0,6,0,0
1394556626,0,0,0,0,0,6,0,0
1394556686,0,0,0,0,0,6,0,0
1394556746,0,0,0,0,0,6,0,0
1394556806,0,0,0,0,0,6,0,0
1394556866,0,0,0,0,0,6,0,0
1394556926,0,0,0,0,0,6,0,0
1394556986,0,0,0,0,0,6,0,0
1394557046,0,0,0,0,0,6,0,0
1394557106,0,0,0,0,0,6,0,0
1394557166,0,0,0,0,0,6,0,0
1394557226,0,0,0,0,0,6,0,0
1394557286,0,0,0,0,0,6,0,0
1394557346,0,0,0,0,0,6,0,0
1394557406,0,0,0,0,0,6,0,0
1394557466,0,0,0,0,0,6,0,0
1394557526,0,0,0,0,0,6,0,0
1394557586,0,0,0,0,0,6,0,0
1394557646,0,0,0,0,0,6,0,0
1394557706,0,0,0,0,0,6,0,0
1394557766,0,0,0,0,0,6,0,0
1394557826,0,0,0,0,0,6,0,0
1394557886,0,0,0,0,0,6,0,0
1394557946,0,0,0,0,0,6,0,0
1394558006,0,0,0,0,0,6,0,0
1394558066,0,0,0,0,0,6,0,0
1394558126,0,0,0,0,0,6,0,0
1394558186,0,0,0,0,0,6,0,0
1394558246,0,0,0,0,0,6,0,0
1394558306,0,0,0,0,0,6,0,0
1394558366,0,0,0,0,0,6,0,0
1394558426,0,0,0,0,0,6,0,0
1394558486,0,0,0,0,0,6,0,0
1394558546,0,0,0,0,0,6,0,0
1394558606,0,0,0,0,0,6,0,0
1394558666,0,0,0,0,0,6,0,0
1394558726,0,0,0,0,0,6,0,0
1394558786,0,0,0,0,0,6,0,0
1394558846,0,0,0,0,0,6,0,0
1394558906,0,0,0,0,0,6,0,0
1394558966,0,0,0,0,0,6,0,0
1394559026,0,0,0,0,0,6,0,0
1394559086,0,0,0,0,0,6,0,0
1394559146,0,0,0,0,0,6,0,0
1394559206,0,0,0,0,0,6,0,0
1394559266,0,0,0,0,0,6,0,0
1394559326,0,0,0,0,0,6,0,0
1394559386,0,0,0,0,0,6,0,0
1394559446,0,0,0,0,0,6,0,0
1394559506,0,0,0,0,0,6,0,0
1394559566,0,0,0,0,0,6,0,0
1394559626,0,0,0,0,0,6,0,0
1394559686,0,0,0,0,0,6,0,0
1394559746,0,0,0,0,0,6,0,0
1394559806,0,0,0,0,0,6,0,0
1394559866,0,0,0,0,0,6,0,0
1394559926,0,0,0,0,0,6,0,0
1394559986,0,0,0,0,0,6,0,0
1394560046,0,0,0,0,0,6,0,0
1394560106,0,0,0,0,0,6,0,0
1394560166,0,0,0,0,0,6,0,0
1394560226,0,0,0,0,0,6,0,0
1394560287,0,0,0,0,0,6,0,0
1394560347,0,0,0,0,0,6,0,0
1394560407,0,0,0,0,0,6,0,0
1394560467,0,0,0,0,0,6,0,0
1394560527,0,0,0,0,0,6,0,0
1394560587,0,0,0,0,0,6,0,0
1394560647,0,0,0,0,0,6,0,0
1394560707,0,0,0,0,0,6,0,0
1394560767,0,0,0,0,0,6,0,0
1394560827,0,0,0,0,0,6,0,0
1394560887,0,0,0,0,0,6,0,0
1394560947,0,0,0,0,0,6,0,0
1394561007,0,0,0,0,0,6,0,0
1394561067,0,0,0,0,0,6,0,0
1394561127,0,0,0,0,0,6,0,0
1394561187,0,0,0,0,0,6,0,0
1394561247,0,0,0,0,0,6,0,0
1394561307,0,0,0,0,0,6,0,0
1394561367,0,0,0,0,0,6,0,0
1394561427,0,0,0,0,0,6,0,0
1394561487,0,0,0,0,0,6,0,0
1394561547,0,0,0,0,0,6,0,0
1394561607,0,0,0,0,0,6,0,0
1394561667,0,0,0,0,0,6,0,0
1394561727,0,0,0,0,0,6,0,0
1394561787,0,0,0,0,0,6,0,0
1394561847,0,0,0,0,0,6,0,0
1394561907,0,0,0,0,0,6,0,0
1394561967,0,0,0,0,0,6,0,0
1394562027,0,0,0,0,0,6,0,0
1394562087,0,0,0,0,0,6,0,0
1394562147,0,0,0,0,0,6,0,0
1394562207,0,0,0,0,0,6,0,0
1394562267,0,0,0,0,0,6,0,0
1394562327,0,0,0,0,0,6,0,0
1394562387,0,0,0,0,0,6,0,0
1394562447,0,0,0,0,0,6,0,0
1394562507,0,0,0,0,0,6,0,0
1394562567,0,0,0,0,0,6,0,0
1394562627,0,0,0,0,0,6,0,0
1394562687,0,0,0,0,0,6,0,0
1394562747,0,0,0,0,0,6,0,0
1394562807,0,0,0,0,0,6,0,0
1394562867,0,0,0,0,0,6,0,0
1394562927,0,0,0,0,0,6,0,0
1394562987,0,0,0,0,0,6,0,0
1394563047,0,0,0,0,0,6,0,0
1394563107,0,0,0,0,0,6,0,0
1394563167,0,0,0,0,0,6,0,0
1394563227,0,0,0,0,0,6,0,0
1394563287,0,0,0,0,0,6,0,0
1394563347,0,0,0,0,0,6,0,0
1394563407,0,0,0,0,0,6,0,0
1394563467,0,0,0,0,0,6,0,0
1394563527,0,0,0,0,0,6,0,0
1394563587,0,0,0,0,0,6,0,0
1394563647,0,0,0,0,0,6,0,0
1394563707,0,0,0,0,0,6,0,0
1394563767,0,0,0,0,0,6,0,0
1394563827,0,0,0,0,0,6,0,0
1394563887,0,0,0,0,0,6,0,0
1394563947,0,0,0,0,0,6,0,0
1394564007,0,0,0,0,0,6,0,0
1394564067,0,0,0,0,0,6,0,0
1394564127,0,0,0,0,0,6,0,0
1394564187,0,0,0,0,0,6,0,0
1394564247,0,0,0,0,0,6,0,0
1394564307,0,0,0,0,0,6,0,0
1394564367,0,0,0,0,0,6,0,0
1394564427,0,0,0,0,0,6,0,0
1394564487,0,0,0,0,0,6,0,0
1394564547,0,0,0,0,0,6,0,0
1394564607,0,0,0,0,0,6,0,0
1394564667,0,0,0,0,0,6,0,0
1394564727,0,0,0,0,0,6,0,0
1394564787,0,0,0,0,0,6,0,0
1394564847,0,0,0,0,0,6,0,0
1394564907,0,0,0,0,0,6,0,0
1394564967,0,0,0,0,0,6,0,0
1394565027,0,0,0,0,0,6,0,0
1394565087,0,0,0,0,0,6,0,0
1394565147,0,0,0,0,0,6,0,0
1394565207,0,0,0,0,0,6,0,0
1394565267,0,0,0,0,0,6,0,0
1394565327,0,0,0,0,0,6,0,0
1394565387,0,0,0,0,0,6,0,0
1394565448,0,0,0,0,0,6,0,0
1394565508,0,0,0,0,0,6,0,0
1394565568,0,0,0,0,0,6,0,0
1394565628,0,0,0,0,0,6,0,0
1394565688,0,0,0,0,0,6,0,0
1394565748,0,0,0,0,0,6,0,0
1394565808,0,0,0,0,0,6,0,0
1394565868,0,0,0,0,0,6,0,0
1394565928,0,0,0,0,0,6,0,0
1394565988,0,0,0,0,0,6,0,0
1394566048,0,0,0,0,0,6,0,0
1394566108,0,0,0,0,0,6,0,0
1394566168,0,0,0,0,0,6,0,0
1394566228,0,0,0,0,0,6,0,0
1394566288,0,0,0,0,0,6,0,0
1394566348,0,0,0,0,0,6,0,0
1394566408,0,0,0,0,0,6,0,0
1394566468,0,0,0,0,0,6,0,0
1394566528,0,0,0,0,0,6,0,0
1394566588,0,0,0,0,0,6,0,0
1394566648,0,0,0,0,0,6,0,0
1394566708,0,0,0,0,0,6,0,0
1394566768,0,0,0,0,0,6,0,0
1394566828,0,0,0,0,0,6,0,0
1394566888,0,0,0,0,0,6,0,0
1394566948,0,0,0,0,0,6,0,0
1394567008,0,0,0,0,0,6,0,0
1394567068,0,0,0,0,0,6,0,0
1394567128,0,0,0,0,0,6,0,0
1394567188,0,0,0,0,0,6,0,0
1394567248,0,0,0,0,0,6,0,0
1394567308,0,0,0,0,0,6,0,0
1394567368,0,0,0,0,0,6,0,0
1394567428,0,0,0,0,0,6,0,0
1394567488,0,0,0,0,0,6,0,0
1394567548,0,0,0,0,0,6,0,0
1394567608,0,0,0,0,0,6,0,0
1394567668,0,0,0,0,0,6,0,0
1394567728,0,0,0,0,0,6,0,0
1394567788,0,0,0,0,0,6,0,0
1394567848,0,0,0,0,0,6,0,0
1394567908,0,0,0,0,0,6,0,0
1394567968,0,0,0,0,0,6,0,0
1394568028,0,0,0,0,0,6,0,0
1394568088,0,0,0,0,0,6,0,0
1394568148,0,0,0,0,0,6,0,0
1394568208,0,0,0,0,0,6,0,0
1394568268,0,0,0,0,0,6,0,0
1394568328,0,0,0,0,0,6,0,0
1394568388,0,0,0,0,0,6,0,0
1394568448,0,0,0,0,0,6,0,0
1394568508,0,0,0,0,0,6,0,0
1394568568,0,0,0,0,0,6,0,0
1394568628,0,0,0,0,0,6,0,0
1394568688,0,0,0,0,0,6,0,0
1394568748,0,0,0,0,0,6,0,0
1394568808,0,0,0,0,0,6,0,0
1394568868,0,0,0,0,0,6,0,0
1394568928,0,0,0,0,0,6,0,0
1394568988,0,0,0,0,0,6,0,0
1394569048,0,0,0,0,0,6,0,0
1394569108,0,0,0,0,0,6,0,0
1394569168,0,0,0,0,0,6,0,0
1394569228,0,0,0,0,0,6,0,0
1394569288,0,0,0,0,0,6,0,0
1394569348,0,0,0,0,0,6,0,0
1394569408,0,0,0,0,0,6,0,0
1394569468,0,0,0,0,0,6,0,0
1394569528,0,0,0,0,0,6,0,0
1394569588,0,0,0,0,0,6,0,0
1394569648,0,0,0,0,0,6,0,0
1394569708,0,0,0,0,0,6,0,0
1394569768,0,0,0,0,0,6,0,0
1394569828,0,0,0,0,0,6,0,0
1394569888,0,0,0,0,0,6,0,0
1394569948,0,0,0,0,0,6,0,0
1394570008,0,0,0,0,0,6,0,0
1394570068,0,0,0,0,0,6,0,0
1394570128,0,0,0,0,0,6,0,0
1394570188,0,0,0,0,0,6,0,0
1394570248,0,0,0,0,0,6,0,0
1394570308,0,0,0,0,0,6,0,0
1394570368,0,0,0,0,0,6,0,0
1394570428,0,0,0,0,0,6,0,0
1394570488,0,0,0,0,0,6,0,0
1394570549,0,0,0,0,0,6,0,0
1394570609,0,0,0,0,0,6,0,0
1394570669,0,0,0,0,0,6,0,0
1394570729,0,0,0,0,0,6,0,0
1394570789,0,0,0,0,0,6,0,0
1394570849,0,0,0,0,0,6,0,0
1394570909,0,0,0,0,0,6,0,0
1394570969,0,0,0,0,0,6,0,0
1394571029,0,0,0,0,0,6,0,0
1394571089,0,0,0,0,0,6,0,0
1394571149,0,0,0,0,0,6,0,0
1394571209,0,0,0,0,0,6,0,0
1394571269,0,0,0,0,0,6,0,0
1394571329,0,0,0,0,0,6,0,0
1394571389,0,0,0,0,0,6,0,0
1394571449,0,0,0,0,0,6,0,0
1394571509,0,0,0,0,0,6,0,0
1394571569,0,0,0,0,0,6,0,0
1394571629,0,0,0,0,0,6,0,0
1394571689,0,0,0,0,0,6,0,0
1394571749,0,0,0,0,0,6,0,0
1394571809,0,0,0,0,0,6,0,0
1394571869,0,0,0,0,0,6,0,0
1394571929,0,0,0,0,0,6,0,0
1394571989,0,0,0,0,0,6,0,0
1394572049,0,0,0,0,0,6,0,0
1394572109,0,0,0,0,0,6,0,0
1394572169,0,0,0,0,0,6,0,0
1394572229,0,0,0,0,0,6,0,0
1394572289,0,0,0,0,0,6,0,0
1394572349,0,0,0,0,0,6,0,0
1394572409,0,0,0,0,0,6,0,0
1394572469,0,0,0,0,0,6,0,0
1394572529,0,0,0,0,0,6,0,0
1394572589,0,0,0,0,0,6,0,0
1394572649,0,0,0,0,0,6,0,0
1394572709,0,0,0,0,0,6,0,0
1394572769,0,0,0,0,0,6,0,0
1394572829,0,0,0,0,0,6,0,0
1394572889,0,0,0,0,0,6,0,0
1394572949,0,0,0,0,0,6,0,0
1394573009,0,0,0,0,0,6,0,0
1394573069,0,0,0,0,0,6,0,0
1394573129,0,0,0,0,0,6,0,0
1394573189,0,0,0,0,0,6,0,0
1394573249,0,0,0,0,0,6,0,0
1394573309,0,0,0,0,0,6,0,0
1394573369,0,0,0,0,0,6,0,0
1394573429,0,0,0,0,0,6,0,0
1394573489,0,0,0,0,0,6,0,0
1394573549,0,0,0,0,0,6,0,0
1394573609,0,0,0,0,0,6,0,0
1394573669,0,0,0,0,0,6,0,0
1394573729,0,0,0,0,0,6,0,0
1394573789,0,0,0,0,0,6,0,0
1394573849,0,0,0,0,0,6,0,0
1394573909,0,0,0,0,0,6,0,0
1394573969,0,0,0,0,0,6,0,0
1394574029,0,0,0,0,0,6,0,0
1394574089,0,0,0,0,0,6,0,0
1394574149,0,0,0,0,0,6,0,0
1394574209,0,0,0,0,0,6,0,0
1394574269,0,0,0,0,0,6,0,0
1394574329,0,0,0,0,0,6,0,0
1394574389,0,0,0,0,0,6,0,0
1394574449,0,0,0,0,0,6,0,0
1394574509,0,0,0,0,0,6,0,0
1394574569,0,0,0,0,0,6,0,0
1394574629,0,0,0,0,0,6,0,0
1394574689,0,0,0,0,0,6,0,0
1394574749,0,0,0,0,0,6,0,0
1394574809,0,0,0,0,0,6,0,0
1394574869,0,0,0,0,0,6,0,0
1394574929,0,0,0,0,0,6,0,0
1394574989,0,0,0,0,0,6,0,0
1394575049,0,0,0,0,0,6,0,0
1394575109,0,0,0,0,0,6,0,0
1394575169,0,0,0,0,0,6,0,0
1394575229,0,0,0,0,0,6,0,0
1394575289,0,0,0,0,0,6,0,0
1394575349,0,0,0,0,0,6,0,0
1394575409,0,0,0,0,0,6,0,0
1394575469,0,0,0,0,0,6,0,0
1394575529,0,0,0,0,0,6,0,0
1394575589,0,0,0,0,0,6,0,0
1394575649,0,0,0,0,0,6,0,0
1394575709,0,0,0,0,0,6,0,0
1394575769,0,0,0,0,0,6,0,0
1394575830,0,0,0,0,0,6,0,0
1394575890,0,0,0,0,0,6,0,0
1394575950,0,0,0,0,0,6,0,0
1394576010,0,0,0,0,0,6,0,0
1394576070,0,0,0,0,0,6,0,0
1394576130,0,0,0,0,0,6,0,0
1394576190,0,0,0,0,0,6,0,0
1394576250,0,0,0,0,0,6,0,0
1394576310,0,0,0,0,0,6,0,0
1394576370,0,0,0,0,0,6,0,0
1394576430,0,0,0,0,0,6,0,0
1394576490,0,0,0,0,0,6,0,0
1394576550,0,0,0,0,0,6,0,0
1394576610,0,0,0,0,0,6,0,0
1394576670,0,0,0,0,0,6,0,0
1394576730,0,0,0,0,0,6,0,0
1394576790,0,0,0,0,0,6,0,0
1394576850,0,0,0,0,0,6,0,0
1394576910,0,0,0,0,0,6,0,0
1394576970,0,0,0,0,0,6,0,0
1394577030,0,0,0,0,0,6,0,0
1394577090,0,0,0,0,0,6,0,0
1394577150,0,0,0,0,0,6,0,0
1394577210,0,0,0,0,0,6,0,0
1394577270,0,0,0,0,0,6,0,0
1394577330,0,0,0,0,0,6,0,0
1394577390,0,0,0,0,0,6,0,0
1394577450,0,0,0,0,0,6,0,0
1394577510,0,0,0,0,0,6,0,0
1394577570,0,0,0,0,0,6,0,0
1394577630,0,0,0,0,0,6,0,0
1394577690,0,0,0,0,0,6,0,0
1394577750,0,0,0,0,0,6,0,0
1394577810,0,0,0,0,0,6,0,0
1394577870,0,0,0,0,0,6,0,0
1394577930,0,0,0,0,0,6,0,0
1394577990,0,0,0,0,0,6,0,0
1394578050,0,0,0,0,0,6,0,0
1394578110,0,0,0,0,0,6,0,0
1394578170,0,0,0,0,0,6,0,0
1394578230,0,0,0,0,0,6,0,0
1394578290,0,0,0,0,0,6,0,0
1394578350,0,0,0,0,0,6,0,0
1394578410,0,0,0,0,0,6,0,0
1394578470,0,0,0,0,0,6,0,0
1394578530,0,0,0,0,0,6,0,0
1394578590,0,0,0,0,0,6,0,0
1394578650,0,0,0,0,0,6,0,0
1394578710,0,0,0,0,0,6,0,0
1394578770,0,0,0,0,0,6,0,0
1394578830,0,0,0,0,0,6,0,0
1394578890,0,0,0,0,0,6,0,0
1394578950,0,0,0,0,0,6,0,0
1394579010,0,0,0,0,0,6,0,0
1394579070,0,0,0,0,0,6,0,0
1394579130,0,0,0,0,0,6,0,0
1394579190,0,0,0,0,0,6,0,0
1394579250,0,0,0,0,0,6,0,0
1394579310,0,0,0,0,0,6,0,0
1394579370,0,0,0,0,0,6,0,0
1394579430,0,0,0,0,0,6,0,0
1394579490,0,0,0,0,0,6,0,0
1394579550,0,0,0,0,0,6,0,0
1394579610,0,0,0,0,0,6,0,0
1394579670,0,0,0,0,0,6,0,0
1394579730,0,0,0,0,0,6,0,0
1394579790,0,0,0,0,0,6,0,0
1394579850,0,0,0,0,0,6,0,0
1394579910,0,0,0,0,0,6,0,0
1394579970,0,0,0,0,0,6,0,0
1394580030,0,0,0,0,0,6,0,0
1394580090,0,0,0,0,0,6,0,0
1394580150,0,0,0,0,0,6,0,0
1394580210,0,0,0,0,0,6,0,0
1394580270,0,0,0,0,0,6,0,0
1394580330,0,0,0,0,0,6,0,0
1394580390,0,0,0,0,0,6,0,0
1394580450,0,0,0,0,0,6,0,0
1394580510,0,0,0,0,0,6,0,0
1394580571,0,0,0,0,0,6,0,0
1394580631,0,0,0,0,0,6,0,0
1394580691,0,0,0,0,0,6,0,0
1394580751,0,0,0,0,0,6,0,0
1394580811,0,0,0,0,0,6,0,0
1394580871,0,0,0,0,0,6,0,0
1394580931,0,0,0,0,0,6,0,0
1394580991,0,0,0,0,0,6,0,0
1394581051,0,0,0,0,0,6,0,0
1394581111,0,0,0,0,0,6,0,0
1394581171,0,0,0,0,0,6,0,0
1394581231,0,0,0,0,0,6,0,0
1394581291,0,0,0,0,0,6,0,0
1394581351,0,0,0,0,0,6,0,0
1394581411,0,0,0,0,0,6,0,0
1394581471,0,0,0,0,0,6,0,0
1394581531,0,0,0,0,0,6,0,0
1394581591,0,0,0,0,0,6,0,0
1394581651,0,0,0,0,0,6,0,0
1394581711,0,0,0,0,0,6,0,0
1394581771,0,0,0,0,0,6,0,0
1394581831,0,0,0,0,0,6,0,0
1394581891,0,0,0,0,0,6,0,0
1394581951,0,0,0,0,0,6,0,0
1394582011,0,0,0,0,0,6,0,0
1394582071,0,0,0,0,0,6,0,0
1394582131,0,0,0,0,0,6,0,0
1394582191,0,0,0,0,0,6,0,0
1394582251,0,0,0,0,0,6,0,0
1394582311,0,0,0,0,0,6,0,0
1394582371,0,0,0,0,0,6,0,0
1394582431,0,0,0,0,0,6,0,0
1394582491,0,0,0,0,0,6,0,0
1394582551,0,0,0,0,0,6,0,0
1394582611,0,0,0,0,0,6,0,0
1394582671,0,0,0,0,0,6,0,0
1394582731,0,0,0,0,0,6,0,0
1394582791,0,0,0,0,0,6,0,0
1394582851,0,0,0,0,0,6,0,0
1394582911,0,0,0,0,0,6,0,0
1394582971,0,0,0,0,0,6,0,0
1394583031,0,0,0,0,0,6,0,0
1394583091,0,0,0,0,0,6,0,0
1394583151,0,0,0,0,0,6,0,0
1394583211,0,0,0,0,0,6,0,0
1394583271,0,0,0,0,0,6,0,0
1394583331,0,0,0,0,0,6,0,0
1394583391,0,0,0,0,0,6,0,0
1394583451,0,0,0,0,0,6,0,0
1394583511,0,0,0,0,0,6,0,0
1394583571,0,0,0,0,0,6,0,0
1394583631,0,0,0,0,0,6,0,0
1394583691,0,0,0,0,0,6,0,0
1394583751,0,0,0,0,0,6,0,0
1394583811,0,0,0,0,0,6,0,0
1394583871,0,0,0,0,0,6,0,0
1394583931,0,0,0,0,0,6,0,0
1394583991,0,0,0,0,0,6,0,0
1394584051,0,0,0,0,0,6,0,0
1394584111,0,0,0,0,0,6,0,0
1394584171,0,0,0,0,0,6,0,0
1394584231,0,0,0,0,0,6,0,0
1394584291,0,0,0,0,0,6,0,0
1394584351,0,0,0,0,0,6,0,0
1394584411,0,0,0,0,0,6,0,0
1394584471,0,0,0,0,0,6,0,0
1394584531,0,0,0,0,0,6,0,0
1394584591,0,0,0,0,0,6,0,0
1394584651,0,0,0,0,0,6,0,0
1394584711,0,0,0,0,0,6,0,0
1394584771,0,0,0,0,0,6,0,0
1394584831,0,0,0,0,0,6,0,0
1394584891,0,0,0,0,0,6,0,0
1394584951,0,0,0,0,0,6,0,0
1394585011,0,0,0,0,0,6,0,0
1394585071,0,0,0,0,0,6,0,0
1394585131,0,0,0,0,0,6,0,0
1394585191,0,0,0,0,0,6,0,0
1394585251,0,0,0,0,0,6,0,0
1394585311,0,0,0,0,0,6,0,0
1394585371,0,0,0,0,0,6,0,0
1394585431,0,0,0,0,0,6,0,0
1394585492,0,0,0,0,0,6,0,0
1394585552,0,0,0,0,0,6,0,0
1394585612,0,0,0,0,0,6,0,0
1394585672,0,0,0,0,0,6,0,0
1394585732,0,0,0,0,0,6,0,0
1394585792,0,0,0,0,0,6,0,0
1394585852,0,0,0,0,0,6,0,0
1394585912,0,0,0,0,0,6,0,0
1394585972,0,0,0,0,0,6,0,0
1394586032,0,0,0,0,0,6,0,0
1394586092,0,0,0,0,0,6,0,0
1394586152,0,0,0,0,0,6,0,0
1394586212,0,0,0,0,0,6,0,0
1394586272,0,0,0,0,0,6,0,0
1394586332,0,0,0,0,0,6,0,0
1394586392,0,0,0,0,0,6,0,0
1394586452,0,0,0,0,0,6,0,0
1394586512,0,0,0,0,0,6,0,0
1394586572,0,0,0,0,0,6,0,0
1394586632,0,0,0,0,0,6,0,0
1394586692,0,0,0,0,0,6,0,0
1394586752,0,0,0,0,0,6,0,0
1394586812,0,0,0,0,0,6,0,0
1394586872,0,0,0,0,0,6,0,0
1394586932,0,0,0,0,0,6,0,0
1394586992,0,0,0,0,0,6,0,0
1394587052,0,0,0,0,0,6,0,0
1394587112,0,0,0,0,0,6,0,0
1394587172,0,0,0,0,0,6,0,0
1394587232,0,0,0,0,0,6,0,0
1394587292,0,0,0,0,0,6,0,0
1394587352,0,0,0,0,0,6,0,0
1394587412,0,0,0,0,0,6,0,0
1394587472,0,0,0,0,0,6,0,0
1394587532,0,0,0,0,0,6,0,0
1394587592,0,0,0,0,0,6,0,0
1394587652,0,0,0,0,0,6,0,0
1394587712,0,0,0,0,0,6,0,0
1394587772,0,0,0,0,0,6,0,0
1394587832,0,0,0,0,0,6,0,0
1394587892,0,0,0,0,0,6,0,0
1394587952,0,0,0,0,0,6,0,0
1394588012,0,0,0,0,0,6,0,0
1394588072,0,0,0,0,0,6,0,0
1394588132,0,0,0,0,0,6,0,0
1394588192,0,0,0,0,0,6,0,0
1394588252,0,0,0,0,0,6,0,0
1394588312,0,0,0,0,0,6,0,0
1394588372,0,0,0,0,0,6,0,0
1394588432,0,0,0,0,0,6,0,0
1394588492,0,0,0,0,0,6,0,0
1394588552,0,0,0,0,0,6,0,0
1394588612,0,0,0,0,0,6,0,0
1394588672,0,0,0,0,0,6,0,0
1394588732,0,0,0,0,0,6,0,0
1394588792,0,0,0,0,0,6,0,0
1394588852,0,0,0,0,0,6,0,0
1394588912,0,0,0,0,0,6,0,0
1394588972,0,0,0,0,0,6,0,0
1394589032,0,0,0,0,0,6,0,0
1394589092,0,0,0,0,0,6,0,0
1394589152,0,0,0,0,0,6,0,0
1394589212,0,0,0,0,0,6,0,0
1394589272,0,0,0,0,0,6,0,0
1394589332,0,0,0,0,0,6,0,0
1394589392,0,0,0,0,0,6,0,0
1394589452,0,0,0,0,0,6,0,0
1394589512,0,0,0,0,0,6,0,0
1394589572,0,0,0,0,0,6,0,0
1394589632,0,0,0,0,0,6,0,0
1394589692,0,0,0,0,0,6,0,0
1394589752,0,0,0,0,0,6,0,0
1394589812,0,0,0,0,0,6,0,0
1394589872,0,0,0,0,0,6,0,0
1394589932,0,0,0,0,0,6,0,0
1394589992,0,0,0,0,0,6,0,0
1394590052,0,0,0,0,0,6,0,0
1394590112,0,0,0,0,0,6,0,0
1394590172,0,0,0,0,0,6,0,0
1394590232,0,0,0,0,0,6,0,0
1394590292,0,0,0,0,0,6,0,0
1394590352,0,0,0,0,0,6,0,0
1394590412,0,0,0,0,0,6,0,0
1394590472,0,0,0,0,0,6,0,0
1394590533,0,0,0,0,0,6,0,0
1394590593,0,0,0,0,0,6,0,0
1394590653,0,0,0,0,0,6,0,0
1394590713,0,0,0,0,0,6,0,0
1394590773,0,0,0,0,0,6,0,0
1394590833,0,0,0,0,0,6,0,0
1394590893,0,0,0,0,0,6,0,0
1394590953,0,0,0,0,0,6,0,0
1394591013,0,0,0,0,0,6,0,0
1394591073,0,0,0,0,0,6,0,0
1394591133,0,0,0,0,0,6,0,0
1394591193,0,0,0,0,0,6,0,0
1394591253,0,0,0,0,0,6,0,0
1394591313,0,0,0,0,0,6,0,0
1394591373,0,0,0,0,0,6,0,0
1394591433,0,0,0,0,0,6,0,0
1394591493,0,0,0,0,0,6,0,0
1394591553,0,0,0,0,0,6,0,0
1394591613,0,0,0,0,0,6,0,0
1394591673,0,0,0,0,0,6,0,0
1394591733,0,0,0,0,0,6,0,0
1394591793,0,0,0,0,0,6,0,0
1394591853,0,0,0,0,0,6,0,0
1394591913,0,0,0,0,0,6,0,0
1394591973,0,0,0,0,0,6,0,0
1394592033,0,0,0,0,0,6,0,0
1394592093,0,0,0,0,0,6,0,0
1394592153,0,0,0,0,0,6,0,0
1394592213,0,0,0,0,0,6,0,0
1394592273,0,0,0,0,0,6,0,0
1394592333,0,0,0,0,0,6,0,0
1394592393,0,0,0,0,0,6,0,0
1394592453,0,0,0,0,0,6,0,0
1394592513,0,0,0,0,0,6,0,0
1394592573,0,0,0,0,0,6,0,0
1394592633,0,0,0,0,0,6,0,0
1394592693,0,0,0,0,0,6,0,0
1394592753,0,0,0,0,0,6,0,0
1394592813,0,0,0,0,0,6,0,0
1394592873,0,0,0,0,0,6,0,0
1394592933,0,0,0,0,0,6,0,0
1394592993,0,0,0,0,0,6,0,0
1394593053,0,0,0,0,0,6,0,0
1394593113,0,0,0,0,0,6,0,0
1394593173,0,0,0,0,0,6,0,0
1394593233,0,0,0,0,0,6,0,0
1394593293,0,0,0,0,0,6,0,0
1394593353,0,0,0,0,0,6,0,0
1394593413,0,0,0,0,0,6,0,0
1394593473,0,0,0,0,0,6,0,0
1394593533,0,0,0,0,0,6,0,0
1394593593,0,0,0,0,0,6,0,0
1394593653,0,0,0,0,0,6,0,0
1394593713,0,0,0,0,0,6,0,0
1394593773,0,0,0,0,0,6,0,0
1394593833,0,0,0,0,0,6,0,0
1394593893,0,0,0,0,0,6,0,0
1394593953,0,0,0,0,0,6,0,0
1394594013,0,0,0,0,0,6,0,0
1394594073,0,0,0,0,0,6,0,0
1394594133,0,0,0,0,0,6,0,0
1394594193,0,0,0,0,0,6,0,0
1394594253,0,0,0,0,0,6,0,0
1394594313,0,0,0,0,0,6,0,0
1394594373,0,0,0,0,0,6,0,0
1394594433,0,0,0,0,0,6,0,0
1394594493,0,0,0,0,0,6,0,0
1394594553,0,0,0,0,0,6,0,0
1394594613,0,0,0,0,0,6,0,0
1394594673,0,0,0,0,0,6,0,0
1394594733,0,0,0,0,0,6,0,0
1394594793,0,0,0,0,0,6,0,0
1394594853,0,0,0,0,0,6,0,0
1394594913,0,0,0,0,0,6,0,0
1394594973,0,0,0,0,0,6,0,0
1394595033,0,0,0,0,0,6,0,0
1394595093,0,0,0,0,0,6,0,0
1394595153,0,0,0,0,0,6,0,0
1394595213,0,0,0,0,0,6,0,0
1394595273,0,0,0,0,0,6,0,0
1394595333,0,0,0,0,0,6,0,0
1394595393,0,0,0,0,0,6,0,0
1394595453,0,0,0,0,0,6,0,0
1394595513,0,0,0,0,0,6,0,0
1394595573,0,0,0,0,0,6,0,0
1394595633,0,0,0,0,0,6,0,0
1394595693,0,0,0,0,0,6,0,0
1394595753,0,0,0,0,0,6,0,0
1394595814,0,0,0,0,0,6,0,0
1394595874,0,0,0,0,0,6,0,0
1394595934,0,0,0,0,0,6,0,0
1394595994,0,0,0,0,0,6,0,0
1394596054,0,0,0,0,0,6,0,0
1394596114,0,0,0,0,0,6,0,0
1394596174,0,0,0,0,0,6,0,0
1394596234,0,0,0,0,0,6,0,0
1394596294,0,0,0,0,0,6,0,0
1394596354,0,0,0,0,0,6,0,0
1394596414,0,0,0,0,0,6,0,0
1394596474,0,0,0,0,0,6,0,0
1394596534,0,0,0,0,0,6,0,0
1394596594,0,0,0,0,0,6,0,0
1394596654,0,0,0,0,0,6,0,0
1394596714,0,0,0,0,0,6,0,0
1394596774,0,0,0,0,0,6,0,0
1394596834,0,0,0,0,0,6,0,0
1394596894,0,0,0,0,0,6,0,0
1394596954,0,0,0,0,0,6,0,0
1394597014,0,0,0,0,0,6,0,0
1394597074,0,0,0,0,0,6,0,0
1394597134,0,0,0,0,0,6,0,0
1394597194,0,0,0,0,0,6,0,0
1394597254,0,0,0,0,0,6,0,0
1394597314,0,0,0,0,0,6,0,0
1394597374,0,0,0,0,0,6,0,0
1394597434,0,0,0,0,0,6,0,0
1394597494,0,0,0,0,0,6,0,0
1394597554,0,0,0,0,0,6,0,0
1394597614,0,0,0,0,0,6,0,0
1394597674,0,0,0,0,0,6,0,0
1394597734,0,0,0,0,0,6,0,0
1394597794,0,0,0,0,0,6,0,0
1394597854,0,0,0,0,0,6,0,0
1394597914,0,0,0,0,0,6,0,0
1394597974,0,0,0,0,0,6,0,0
1394598034,0,0,0,0,0,6,0,0
1394598094,0,0,0,0,0,6,0,0
1394598154,0,0,0,0,0,6,0,0
1394598214,0,0,0,0,0,6,0,0
1394598274,0,0,0,0,0,6,0,0
1394598334,0,0,0,0,0,6,0,0
1394598394,0,0,0,0,0,6,0,0
1394598454,0,0,0,0,0,6,0,0
1394598514,0,0,0,0,0,6,0,0
1394598574,0,0,0,0,0,6,0,0
1394598634,0,0,0,0,0,6,0,0
1394598694,0,0,0,0,0,6,0,0
1394598754,0,0,0,0,0,6,0,0
1394598814,0,0,0,0,0,6,0,0
1394598874,0,0,0,0,0,6,0,0
1394598934,0,0,0,0,0,6,0,0
1394598994,0,0,0,0,0,6,0,0
1394599054,0,0,0,0,0,6,0,0
1394599114,0,0,0,0,0,6,0,0
1394599174,0,0,0,0,0,6,0,0
1394599234,0,0,0,0,0,6,0,0
1394599294,0,0,0,0,0,6,0,0
1394599354,0,0,0,0,0,6,0,0
1394599414,0,0,0,0,0,6,0,0
1394599474,0,0,0,0,0,6,0,0
1394599534,0,0,0,0,0,6,0,0
1394599594,0,0,0,0,0,6,0,0
1394599654,0,0,0,0,0,6,0,0
1394599714,0,0,0,0,0,6,0,0
1394599774,0,0,0,0,0,6,0,0
1394599834,0,0,0,0,0,6,0,0
1394599894,0,0,0,0,0,6,0,0
1394599954,0,0,0,0,0,6,0,0
1394600014,0,0,0,0,0,6,0,0
1394600074,0,0,0,0,0,6,0,0
1394600134,0,0,0,0,0,6,0,0
1394600194,0,0,0,0,0,6,0,0
1394600254,0,0,0,0,0,6,0,0
1394600314,0,0,0,0,0,6,0,0
1394600374,0,0,0,0,0,6,0,0
1394600434,0,0,0,0,0,6,0,0
1394600494,0,0,0,0,0,6,0,0
1394600554,0,0,0,0,0,6,0,0
1394600614,0,0,0,0,0,6,0,0
1394600674,0,0,0,0,0,6,0,0
1394600734,0,0,0,0,0,6,0,0
1394600794,0,0,0,0,0,6,0,0
1394600855,0,0,0,0,0,6,0,0
1394600915,0,0,0,0,0,6,0,0
1394600975,0,0,0,0,0,6,0,0
1394601035,0,0,0,0,0,6,0,0
1394601095,0,0,0,0,0,6,0,0
1394601155,0,0,0,0,0,6,0,0
1394601215,0,0,0,0,0,6,0,0
1394601275,0,0,0,0,0,6,0,0
1394601335,0,0,0,0,0,6,0,0
1394601395,0,0,0,0,0,6,0,0
1394601455,0,0,0,0,0,6,0,0
1394601515,0,0,0,0,0,6,0,0
1394601575,0,0,0,0,0,6,0,0
1394601635,0,0,0,0,0,6,0,0
1394601695,0,0,0,0,0,6,0,0
1394601755,0,0,0,0,0,6,0,0
1394601815,0,0,0,0,0,6,0,0
1394601875,0,0,0,0,0,6,0,0
1394601935,0,0,0,0,0,6,0,0
1394601995,0,0,0,0,0,6,0,0
1394602055,0,0,0,0,0,6,0,0
1394602115,0,0,0,0,0,6,0,0
1394602175,0,0,0,0,0,6,0,0
1394602235,0,0,0,0,0,6,0,0
1394602295,0,0,0,0,0,6,0,0
1394602355,0,0,0,0,0,6,0,0
1394602415,0,0,0,0,0,6,0,0
1394602475,0,0,0,0,0,6,0,0
1394602535,0,0,0,0,0,6,0,0
1394602595,0,0,0,0,0,6,0,0
1394602655,0,0,0,0,0,6,0,0
1394602715,0,0,0,0,0,6,0,0
1394602775,0,0,0,0,0,6,0,0
1394602835,0,0,0,0,0,6,0,0
1394602895,0,0,0,0,0,6,0,0
1394602955,0,0,0,0,0,6,0,0
1394603015,0,0,0,0,0,6,0,0
1394603075,0,0,0,0,0,6,0,0
1394603135,0,0,0,0,0,6,0,0
1394603195,0,0,0,0,0,6,0,0
1394603255,0,0,0,0,0,6,0,0
1394603315,0,0,0,0,0,6,0,0
1394603375,0,0,0,0,0,6,0,0
1394603435,0,0,0,0,0,6,0,0
1394603495,0,0,0,0,0,6,0,0
1394603555,0,0,0,0,0,6,0,0
1394603615,0,0,0,0,0,6,0,0
1394603675,0,0,0,0,0,6,0,0
1394603735,0,0,0,0,0,6,0,0
1394603795,0,0,0,0,0,6,0,0
1394603855,0,0,0,0,0,6,0,0
1394603915,0,0,0,0,0,6,0,0
1394603975,0,0,0,0,0,6,0,0
1394604035,0,0,0,0,0,6,0,0
1394604095,0,0,0,0,0,6,0,0
1394604155,0,0,0,0,0,6,0,0
1394604215,0,0,0,0,0,6,0,0
1394604275,0,0,0,0,0,6,0,0
1394604335,0,0,0,0,0,6,0,0
1394604395,0,0,0,0,0,6,0,0
1394604455,0,0,0,0,0,6,0,0
1394604515,0,0,0,0,0,6,0,0
1394604575,0,0,0,0,0,6,0,0
1394604635,0,0,0,0,0,6,0,0
1394604695,0,0,0,0,0,6,0,0
1394604755,0,0,0,0,0,6,0,0
1394604815,0,0,0,0,0,6,0,0
1394604875,0,0,0,0,0,6,0,0
1394604935,0,0,0,0,0,6,0,0
1394604995,0,0,0,0,0,6,0,0
1394605055,0,0,0,0,0,6,0,0
1394605115,0,0,0,0,0,6,0,0
1394605175,0,0,0,0,0,6,0,0
1394605235,0,0,0,0,0,6,0,0
1394605295,0,0,0,0,0,6,0,0
1394605355,0,0,0,0,0,6,0,0
1394605415,0,0,0,0,0,6,0,0
1394605475,0,0,0,0,0,6,0,0
1394605535,0,0,0,0,0,6,0,0
1394605595,0,0,0,0,0,6,0,0
1394605655,0,0,0,0,0,6,0,0
1394605715,0,0,0,0,0,6,0,0
1394605775,0,0,0,0,0,6,0,0
1394605835,0,0,0,0,0,6,0,0
1394605895,0,0,0,0,0,6,0,0
1394605955,0,0,0,0,0,6,0,0
1394606015,0,0,0,0,0,6,0,0
1394606075,0,0,0,0,0,6,0,0
1394606135,0,0,0,0,0,6,0,0
1394606195,0,0,0,0,0,6,0,0
1394606255,0,0,0,0,0,6,0,0
1394606315,0,0,0,0,0,6,0,0
1394606375,0,0,0,0,0,6,0,0
1394606436,0,0,0,0,0,6,0,0
1394606496,0,0,0,0,0,6,0,0
1394606556,0,0,0,0,0,6,0,0
1394606616,0,0,0,0,0,6,0,0
1394606676,0,0,0,0,0,6,0,0
1394606736,0,0,0,0,0,6,0,0
1394606796,0,0,0,0,0,6,0,0
1394606856,0,0,0,0,0,6,0,0
1394606916,0,0,0,0,0,6,0,0
1394606976,0,0,0,0,0,6,0,0
1394607036,0,0,0,0,0,6,0,0
1394607096,0,0,0,0,0,6,0,0
1394607156,0,0,0,0,0,6,0,0
1394607216,0,0,0,0,0,6,0,0
1394607276,0,0,0,0,0,6,0,0
1394607336,0,0,0,0,0,6,0,0
1394607396,0,0,0,0,0,6,0,0
1394607456,0,0,0,0,0,6,0,0
1394607516,0,0,0,0,0,6,0,0
1394607576,0,0,0,0,0,6,0,0
1394607636,0,0,0,0,0,6,0,0
1394607696,0,0,0,0,0,6,0,0
1394607756,0,0,0,0,0,6,0,0
1394607816,0,0,0,0,0,6,0,0
1394607876,0,0,0,0,0,6,0,0
1394607936,0,0,0,0,0,6,0,0
1394607996,0,0,0,0,0,6,0,0
1394608056,0,0,0,0,0,6,0,0
1394608116,0,0,0,0,0,6,0,0
1394608176,0,0,0,0,0,6,0,0
1394608236,0,0,0,0,0,6,0,0
1394608296,0,0,0,0,0,6,0,0
1394608356,0,0,0,0,0,6,0,0
1394608416,0,0,0,0,0,6,0,0
1394608476,0,0,0,0,0,6,0,0
1394608536,0,0,0,0,0,6,0,0
1394608596,0,0,0,0,0,6,0,0
1394608656,0,0,0,0,0,6,0,0
1394608716,0,0,0,0,0,6,0,0
1394608776,0,0,0,0,0,6,0,0
1394608836,0,0,0,0,0,6,0,0
1394608896,0,0,0,0,0,6,0,0
1394608956,0,0,0,0,0,6,0,0
1394609016,0,0,0,0,0,6,0,0
1394609076,0,0,0,0,0,6,0,0
1394609136,0,0,0,0,0,6,0,0
1394609196,0,0,0,0,0,6,0,0
1394609256,0,0,0,0,0,6,0,0
1394609316,0,0,0,0,0,6,0,0
1394609376,0,0,0,0,0,6,0,0
1394609436,0,0,0,0,0,6,0,0
1394609496,0,0,0,0,0,6,0,0
1394609556,0,0,0,0,0,6,0,0
1394609616,0,0,0,0,0,6,0,0
1394609676,0,0,0,0,0,6,0,0
1394609736,0,0,0,0,0,6,0,0
1394609796,0,0,0,0,0,6,0,0
1394609856,0,0,0,0,0,6,0,0
1394609916,0,0,0,0,0,6,0,0
1394609976,0,0,0,0,0,6,0,0
1394610036,0,0,0,0,0,6,0,0
1394610096,0,0,0,0,0,6,0,0
1394610156,0,0,0,0,0,6,0,0
1394610216,0,0,0,0,0,6,0,0
1394610276,0,0,0,0,0,6,0,0
1394610336,0,0,0,0,0,6,0,0
1394610396,0,0,0,0,0,6,0,0
1394610456,0,0,0,0,0,6,0,0
