1394519239,1,14,0,41,0,0
1394519299,1,14,0,41,0,0
1394519359,1,14,0,41,0,0
1394519419,1,14,0,41,0,0
1394519479,1,14,0,41,0,0
1394519539,1,14,0,41,0,0
1394519599,1,14,0,41,0,0
1394519659,1,14,0,41,0,0
1394519719,1,14,0,41,0,0
1394519779,1,14,0,41,0,0
1394519839,1,14,0,41,0,0
1394519899,1,14,0,41,0,0
1394519959,1,14,0,41,0,0
1394520019,1,14,0,41,0,0
1394520079,1,14,0,41,0,0
1394520139,1,14,0,41,0,0
1394520199,1,14,0,41,0,0
1394520259,1,14,0,41,0,0
1394520319,1,14,0,41,0,0
1394520379,1,14,0,41,0,0
1394520439,1,14,0,41,0,0
1394520499,1,14,0,41,0,0
1394520559,1,14,0,41,0,0
1394520619,1,14,0,41,0,0
1394520679,1,14,0,41,0,0
1394520739,1,14,0,41,0,0
1394520799,1,14,0,41,0,0
1394520859,1,14,0,41,0,0
1394520919,1,14,0,41,0,0
1394520979,1,14,0,41,0,0
1394521039,1,14,0,41,0,0
1394521099,1,14,0,41,0,0
1394521159,1,14,0,41,0,0
1394521219,1,14,0,41,0,0
1394521279,1,14,0,41,0,0
1394521339,1,14,0,41,0,0
1394521399,1,14,0,41,0,0
1394521459,1,14,0,41,0,0
1394521519,1,14,0,41,0,0
1394521579,1,15,0,41,0,0
1394521639,1,15,0,41,0,0
1394521699,1,15,0,41,0,0
1394521759,1,14,0,41,0,0
1394521819,1,14,0,41,0,0
1394521879,1,14,0,41,0,0
1394521939,1,14,0,41,0,0
1394521999,1,14,0,41,0,0
1394522059,1,14,0,41,0,0
1394522119,1,14,0,41,0,0
1394522179,1,14,0,41,0,0
1394522239,1,14,0,41,0,0
1394522299,1,14,0,41,0,0
1394522359,1,14,0,41,0,0
1394522419,1,14,0,41,0,0
1394522479,1,14,0,41,0,0
1394522539,1,14,0,41,0,0
1394522599,1,14,0,41,0,0
1394522660,1,14,0,41,0,0
1394522720,1,14,0,41,0,0
1394522780,1,14,0,41,0,0
1394522840,1,14,0,41,0,0
1394522900,1,14,0,41,0,0
1394522960,1,14,0,41,0,0
1394523020,1,14,0,41,0,0
1394523080,1,14,0,41,0,0
1394523140,1,14,0,41,0,0
1394523200,1,14,0,41,0,0
1394523260,1,14,0,41,0,0
1394523320,1,14,0,41,0,0
1394523380,1,14,0,41,0,0
1394523440,1,14,0,41,0,0
1394523500,1,14,0,41,0,0
1394523560,1,14,0,41,0,0
1394523620,1,14,0,41,0,0
1394523680,1,14,0,41,0,0
1394523740,1,14,0,41,0,0
1394523800,1,14,0,41,0,0
1394523860,1,14,0,41,0,0
1394523920,1,14,0,41,0,0
1394523980,1,14,0,41,0,0
1394524040,1,14,0,41,0,0
1394524100,1,14,0,41,0,0
1394524160,1,14,0,41,0,0
1394524220,1,14,0,41,0,0
1394524280,1,14,0,41,0,0
1394524340,1,14,0,41,0,0
1394524400,1,14,0,41,0,0
1394524460,1,14,0,41,0,0
1394524520,1,14,0,41,0,0
1394524580,1,14,0,41,0,0
1394524640,1,14,0,41,0,0
1394524700,1,14,0,41,0,0
1394524760,1,14,0,41,0,0
1394524820,1,14,0,41,0,0
1394524880,1,14,0,41,0,0
1394524940,1,14,0,41,0,0
1394525000,1,14,0,41,0,0
1394525060,1,14,0,41,0,0
1394525120,1,14,0,41,0,0
1394525180,1,14,0,41,0,0
1394525240,1,14,0,41,0,0
1394525300,1,14,0,41,0,0
1394525360,1,14,0,41,0,0
1394525420,1,14,0,41,0,0
1394525480,1,14,0,41,0,0
1394525540,1,14,0,41,0,0
1394525600,1,14,0,41,0,0
1394525660,1,14,0,41,0,0
1394525720,1,14,0,41,0,0
1394525780,1,14,0,41,0,0
1394525840,1,14,0,41,0,0
1394525900,1,14,0,41,0,0
1394525960,1,14,0,41,0,0
1394526020,1,14,0,41,0,0
1394526080,1,14,0,41,0,0
1394526140,1,14,0,41,0,0
1394526200,1,14,0,41,0,0
1394526260,1,14,0,41,0,0
1394526320,1,14,0,41,0,0
1394526380,1,14,0,41,0,0
1394526440,1,14,0,41,0,0
1394526500,1,14,0,41,0,0
1394526560,1,14,0,41,0,0
1394526620,1,14,0,41,0,0
1394526680,1,14,0,41,0,0
1394526740,1,14,0,41,0,0
1394526800,1,14,0,41,0,0
1394526860,1,14,0,41,0,0
1394526920,1,14,0,41,0,0
1394526980,1,14,0,41,0,0
1394527040,1,14,0,41,0,0
1394527100,1,14,0,41,0,0
1394527160,1,14,0,41,0,0
1394527220,1,14,0,41,0,0
1394527280,1,14,0,41,0,0
1394527340,1,14,0,41,0,0
1394527400,1,14,0,41,0,0
1394527460,1,14,0,41,0,0
1394527520,1,14,0,41,0,0
1394527580,1,14,0,41,0,0
1394527640,1,14,0,41,0,0
1394527700,1,14,0,41,0,0
1394527760,1,14,0,41,0,0
1394527820,1,14,0,41,0,0
1394527880,1,14,0,41,0,0
1394527940,1,14,0,41,0,0
1394528000,1,14,0,41,0,0
1394528060,1,14,0,41,0,0
1394528120,1,14,0,41,0,0
1394528181,1,14,0,41,0,0
1394528241,1,14,0,41,0,0
1394528301,1,14,0,41,0,0
1394528361,1,14,0,41,0,0
1394528421,1,14,0,41,0,0
1394528481,1,14,0,41,0,0
1394528541,1,14,0,41,0,0
1394528601,1,14,0,41,0,0
1394528661,1,14,0,41,0,0
1394528721,1,14,0,41,0,0
1394528781,1,14,0,41,0,0
1394528841,1,14,0,41,0,0
1394528901,1,14,0,41,0,0
1394528961,1,14,0,41,0,0
1394529021,1,14,0,41,0,0
1394529081,1,14,0,41,0,0
1394529141,1,14,0,41,0,0
1394529201,1,14,0,41,0,0
1394529261,1,14,0,41,0,0
1394529321,1,14,0,41,0,0
1394529381,1,14,0,41,0,0
1394529441,1,14,0,41,0,0
1394529501,1,14,0,41,0,0
1394529561,1,14,0,41,0,0
1394529621,1,14,0,41,0,0
1394529681,1,14,0,41,0,0
1394529741,1,14,0,41,0,0
1394529801,1,14,0,41,0,0
1394529861,1,14,0,41,0,0
1394529921,1,14,0,41,0,0
1394529981,1,14,0,41,0,0
1394530041,1,14,0,41,0,0
1394530101,1,14,0,41,0,0
1394530161,1,14,0,41,0,0
1394530221,1,14,0,41,0,0
1394530281,1,14,0,41,0,0
1394530341,1,14,0,41,0,0
1394530401,1,14,0,41,0,0
1394530461,1,14,0,41,0,0
1394530521,1,14,0,41,0,0
1394530581,1,14,0,41,0,0
1394530641,1,14,0,41,0,0
1394530701,1,14,0,41,0,0
1394530761,1,14,0,41,0,0
1394530821,1,14,0,41,0,0
1394530881,1,14,0,41,0,0
1394530941,1,14,0,41,0,0
1394531001,1,14,0,41,0,0
1394531061,1,14,0,41,0,0
1394531121,1,14,0,41,0,0
1394531181,1,14,0,41,0,0
1394531241,1,14,0,41,0,0
1394531301,1,14,0,41,0,0
1394531361,1,14,0,41,0,0
1394531421,1,14,0,41,0,0
1394531481,1,14,0,41,0,0
1394531541,1,14,0,41,0,0
1394531601,1,14,0,41,0,0
1394531661,1,14,0,41,0,0
1394531721,1,14,0,41,0,0
1394531781,1,14,0,41,0,0
1394531841,1,14,0,41,0,0
1394531901,1,14,0,41,0,0
1394531961,1,14,0,41,0,0
1394532021,1,14,0,41,0,0
1394532081,1,14,0,41,0,0
1394532141,1,14,0,41,0,0
1394532201,1,14,0,41,0,0
1394532261,1,14,0,41,0,0
1394532321,1,14,0,41,0,0
1394532381,1,14,0,41,0,0
1394532441,1,14,0,41,0,0
1394532501,1,14,0,41,0,0
1394532561,1,14,0,41,0,0
1394532621,1,14,0,41,0,0
1394532681,1,14,0,41,0,0
1394532741,1,14,0,41,0,0
1394532801,1,14,0,41,0,0
1394532861,1,14,0,41,0,0
1394532921,1,14,0,41,0,0
1394532981,1,14,0,41,0,0
1394533041,1,14,0,41,0,0
1394533101,1,14,0,41,0,0
1394533161,1,14,0,41,0,0
1394533221,1,14,0,41,0,0
1394533281,1,14,0,41,0,0
1394533341,1,14,0,41,0,0
1394533401,1,14,0,41,0,0
1394533461,1,14,0,41,0,0
1394533522,1,14,0,41,0,0
1394533582,1,14,0,41,0,0
1394533642,1,14,0,41,0,0
1394533702,1,14,0,41,0,0
1394533762,1,14,0,41,0,0
1394533822,1,14,0,41,0,0
1394533882,1,14,0,41,0,0
1394533942,1,14,0,41,0,0
1394534002,1,14,0,41,0,0
1394534062,1,14,0,41,0,0
1394534122,1,14,0,41,0,0
1394534182,1,14,0,41,0,0
1394534242,1,14,0,41,0,0
1394534302,1,14,0,41,0,0
1394534362,1,14,0,41,0,0
1394534422,1,14,0,41,0,0
1394534482,1,14,0,41,0,0
1394534542,1,14,0,41,0,0
1394534602,1,14,0,41,0,0
1394534662,1,14,0,41,0,0
1394534722,1,14,0,41,0,0
1394534782,1,14,0,41,0,0
1394534842,1,14,0,41,0,0
1394534902,1,14,0,41,0,0
1394534962,1,14,0,41,0,0
1394535022,1,14,0,41,0,0
1394535082,1,14,0,41,0,0
1394535142,1,14,0,41,0,0
1394535202,1,14,0,41,0,0
1394535262,1,14,0,41,0,0
1394535322,1,14,0,41,0,0
1394535382,1,14,0,41,0,0
1394535442,1,14,0,41,0,0
1394535502,1,14,0,41,0,0
1394535562,1,14,0,41,0,0
1394535622,1,14,0,41,0,0
1394535682,1,14,0,41,0,0
1394535742,1,14,0,41,0,0
1394535802,1,14,0,41,0,0
1394535862,1,14,0,41,0,0
1394535922,1,14,0,41,0,0
1394535982,1,14,0,41,0,0
1394536042,1,14,0,41,0,0
1394536102,1,14,0,41,0,0
1394536162,1,14,0,41,0,0
1394536222,1,14,0,41,0,0
1394536282,1,14,0,41,0,0
1394536342,1,14,0,41,0,0
1394536402,1,14,0,41,0,0
1394536462,1,14,0,41,0,0
1394536522,1,14,0,41,0,0
1394536582,1,14,0,41,0,0
1394536642,1,14,0,41,0,0
1394536702,1,14,0,41,0,0
1394536762,1,14,0,41,0,0
1394536822,1,14,0,41,0,0
1394536882,1,14,0,41,0,0
1394536942,1,14,0,41,0,0
1394537002,1,14,0,41,0,0
1394537062,1,14,0,41,0,0
1394537122,1,14,0,41,0,0
1394537182,1,14,0,41,0,0
1394537242,1,14,0,41,0,0
1394537302,1,14,0,41,0,0
1394537362,1,14,0,41,0,0
1394537422,1,14,0,41,0,0
1394537482,1,14,0,41,0,0
1394537542,1,14,0,41,0,0
1394537602,1,14,0,41,0,0
1394537662,1,14,0,41,0,0
1394537722,1,14,0,41,0,0
1394537782,1,14,0,41,0,0
1394537842,1,14,0,41,0,0
1394537902,1,14,0,41,0,0
1394537962,1,14,0,41,0,0
1394538022,1,14,0,41,0,0
1394538082,1,14,0,41,0,0
1394538142,1,14,0,41,0,0
1394538202,1,14,0,41,0,0
1394538262,1,14,0,41,0,0
1394538322,1,14,0,41,0,0
1394538382,1,14,0,41,0,0
1394538442,1,14,0,41,0,0
1394538502,1,14,0,41,0,0
1394538562,1,14,0,41,0,0
1394538622,1,14,0,41,0,0
1394538682,1,14,0,41,0,0
1394538742,1,14,0,41,0,0
1394538802,1,14,0,41,0,0
1394538862,1,14,0,41,0,0
1394538922,1,14,0,41,0,0
1394538983,1,14,0,41,0,0
1394539043,1,14,0,41,0,0
1394539103,1,14,0,41,0,0
1394539163,1,14,0,41,0,0
1394539223,1,14,0,41,0,0
1394539283,1,14,0,41,0,0
1394539343,1,14,0,41,0,0
1394539403,1,14,0,41,0,0
1394539463,1,14,0,41,0,0
1394539523,1,14,0,41,0,0
1394539583,1,14,0,41,0,0
1394539643,1,14,0,41,0,0
1394539703,1,14,0,41,0,0
1394539763,1,14,0,41,0,0
1394539823,1,14,0,41,0,0
1394539883,1,14,0,41,0,0
1394539943,1,14,0,41,0,0
1394540003,1,14,0,41,0,0
1394540063,1,14,0,41,0,0
1394540123,1,14,0,41,0,0
1394540183,1,14,0,41,0,0
1394540243,1,14,0,41,0,0
1394540303,1,14,0,41,0,0
1394540363,1,14,0,41,0,0
1394540423,1,14,0,41,0,0
1394540483,1,14,0,41,0,0
1394540543,1,14,0,41,0,0
1394540603,1,14,0,41,0,0
1394540663,1,14,0,41,0,0
1394540723,1,14,0,41,0,0
1394540783,1,14,0,41,0,0
1394540843,1,14,0,41,0,0
1394540903,1,14,0,41,0,0
1394540963,1,14,0,41,0,0
1394541023,1,14,0,41,0,0
1394541083,1,14,0,41,0,0
1394541143,1,14,0,41,0,0
1394541203,1,14,0,41,0,0
1394541263,1,14,0,41,0,0
1394541323,1,14,0,41,0,0
1394541383,1,14,0,41,0,0
1394541443,1,14,0,41,0,0
1394541503,1,14,0,41,0,0
1394541563,1,14,0,41,0,0
1394541623,1,14,0,41,0,0
1394541683,1,14,0,41,0,0
1394541743,1,14,0,41,0,0
1394541803,1,14,0,41,0,0
1394541863,1,14,0,41,0,0
1394541923,1,14,0,41,0,0
1394541983,1,14,0,41,0,0
1394542043,1,14,0,41,0,0
1394542103,1,14,0,41,0,0
1394542163,1,14,0,41,0,0
1394542223,1,14,0,41,0,0
1394542283,1,14,0,41,0,0
1394542343,1,14,0,41,0,0
1394542403,1,14,0,41,0,0
1394542463,1,14,0,41,0,0
1394542523,1,14,0,41,0,0
1394542583,1,14,0,41,0,0
1394542643,1,14,0,41,0,0
1394542703,1,14,0,41,0,0
1394542763,1,14,0,41,0,0
1394542823,1,14,0,41,0,0
1394542883,1,14,0,41,0,0
1394542943,1,14,0,41,0,0
1394543003,1,14,0,41,0,0
1394543063,1,14,0,41,0,0
1394543123,1,14,0,41,0,0
1394543183,1,14,0,41,0,0
1394543243,1,14,0,41,0,0
1394543303,1,14,0,41,0,0
1394543363,1,14,0,41,0,0
1394543423,1,14,0,41,0,0
1394543483,1,14,0,41,0,0
1394543543,1,14,0,41,0,0
1394543603,1,14,0,41,0,0
1394543663,1,14,0,41,0,0
1394543723,1,14,0,41,0,0
1394543783,1,14,0,41,0,0
1394543843,1,14,0,41,0,0
1394543903,1,14,0,41,0,0
1394543963,1,14,0,41,0,0
1394544023,1,14,0,41,0,0
1394544083,1,14,0,41,0,0
1394544143,1,14,0,41,0,0
1394544203,1,14,0,41,0,0
1394544263,1,14,0,41,0,0
1394544323,1,14,0,41,0,0
1394544383,1,14,0,41,0,0
1394544443,1,14,0,41,0,0
1394544504,1,14,0,41,0,0
1394544564,1,14,0,41,0,0
1394544624,1,14,0,41,0,0
1394544684,1,14,0,41,0,0
1394544744,1,14,0,41,0,0
1394544804,1,14,0,41,0,0
1394544864,1,14,0,41,0,0
1394544924,1,14,0,41,0,0
1394544984,1,14,0,41,0,0
1394545044,1,14,0,41,0,0
1394545104,1,14,0,41,0,0
1394545164,1,14,0,41,0,0
1394545224,1,14,0,41,0,0
1394545284,1,14,0,41,0,0
1394545344,1,14,0,41,0,0
1394545404,1,14,0,41,0,0
1394545464,1,14,0,41,0,0
1394545524,1,14,0,41,0,0
1394545584,1,14,0,41,0,0
1394545644,1,14,0,41,0,0
1394545704,1,14,0,41,0,0
1394545764,1,14,0,41,0,0
1394545824,1,14,0,41,0,0
1394545884,1,14,0,41,0,0
1394545944,1,14,0,41,0,0
1394546004,1,14,0,41,0,0
1394546064,1,14,0,41,0,0
1394546124,1,14,0,41,0,0
1394546184,1,14,0,41,0,0
1394546244,1,14,0,41,0,0
1394546304,1,14,0,41,0,0
1394546364,1,14,0,41,0,0
1394546424,1,14,0,41,0,0
1394546484,1,14,0,41,0,0
1394546544,1,14,0,41,0,0
1394546604,1,14,0,41,0,0
1394546664,1,14,0,41,0,0
1394546724,1,14,0,41,0,0
1394546784,1,14,0,41,0,0
1394546844,1,14,0,41,0,0
1394546904,1,14,0,41,0,0
1394546964,1,14,0,41,0,0
1394547024,1,14,0,41,0,0
1394547084,1,14,0,41,0,0
1394547144,1,14,0,41,0,0
1394547204,1,14,0,41,0,0
1394547264,1,14,0,41,0,0
1394547324,1,14,0,41,0,0
1394547384,1,14,0,41,0,0
1394547444,1,14,0,41,0,0
1394547504,1,14,0,41,0,0
1394547564,1,14,0,41,0,0
1394547624,1,14,0,41,0,0
1394547684,1,14,0,41,0,0
1394547744,1,14,0,41,0,0
1394547804,1,14,0,41,0,0
1394547864,1,14,0,41,0,0
1394547924,1,14,0,41,0,0
1394547984,1,14,0,41,0,0
1394548044,1,6,0,41,0,0
1394548104,1,6,0,41,0,0
1394548164,1,6,0,41,0,0
1394548224,1,6,0,41,0,0
1394548284,1,6,0,41,0,0
1394548344,1,6,0,41,0,0
1394548404,1,6,0,41,0,0
1394548464,1,6,0,41,0,0
1394548524,1,6,0,41,0,0
1394548584,1,6,0,41,0,0
1394548644,1,6,0,41,0,0
1394548704,1,6,0,41,0,0
1394548764,1,6,0,41,0,0
1394548824,1,6,0,41,0,0
1394548884,1,6,0,41,0,0
1394548944,1,6,0,41,0,0
1394549004,1,6,0,41,0,0
1394549064,1,6,0,41,0,0
1394549124,1,6,0,41,0,0
1394549184,1,6,0,41,0,0
1394549244,1,6,0,41,0,0
1394549304,1,6,0,41,0,0
1394549364,1,6,0,41,0,0
1394549424,1,6,0,41,0,0
1394549484,1,6,0,41,0,0
1394549544,1,6,0,41,0,0
1394549604,1,6,0,41,0,0
1394549664,1,6,0,41,0,0
1394549724,1,6,0,41,0,0
1394549784,1,6,0,41,0,0
1394549845,1,6,0,41,0,0
1394549905,1,6,0,41,0,0
1394549965,1,6,0,41,0,0
1394550025,1,6,0,41,0,0
1394550085,1,6,0,41,0,0
1394550145,1,6,0,41,0,0
1394550205,1,6,0,41,0,0
1394550265,1,6,0,41,0,0
1394550325,1,6,0,41,0,0
1394550385,1,6,0,41,0,0
1394550445,1,6,0,41,0,0
1394550505,1,6,0,41,0,0
1394550565,1,6,0,41,0,0
1394550625,1,6,0,41,0,0
1394550685,1,6,0,41,0,0
1394550745,1,6,0,41,0,0
1394550805,1,6,0,41,0,0
1394550865,1,6,0,41,0,0
1394550925,1,6,0,41,0,0
1394550985,1,6,0,41,0,0
1394551045,1,6,0,41,0,0
1394551105,1,6,0,41,0,0
1394551165,1,6,0,41,0,0
1394551225,1,6,0,41,0,0
1394551285,1,6,0,41,0,0
1394551345,1,6,0,41,0,0
1394551405,1,6,0,41,0,0
1394551465,1,6,0,41,0,0
1394551525,1,6,0,41,0,0
1394551585,1,6,0,41,0,0
1394551645,1,6,0,41,0,0
1394551705,1,6,0,41,0,0
1394551765,1,6,0,41,0,0
1394551825,1,6,0,41,0,0
1394551885,1,6,0,41,0,0
1394551945,1,6,0,41,0,0
1394552005,1,6,0,41,0,0
1394552065,1,6,0,41,0,0
1394552125,1,6,0,41,0,0
1394552185,1,6,0,41,0,0
1394552245,1,6,0,41,0,0
1394552305,1,6,0,41,0,0
1394552365,1,6,0,41,0,0
1394552425,1,6,0,41,0,0
1394552485,1,6,0,41,0,0
1394552545,1,6,0,41,0,0
1394552605,1,6,0,41,0,0
1394552665,1,6,0,41,0,0
1394552725,1,6,0,41,0,0
1394552785,1,6,0,41,0,0
1394552845,1,6,0,41,0,0
1394552905,1,6,0,41,0,0
1394552965,1,6,0,41,0,0
1394553025,1,6,0,41,0,0
1394553085,1,6,0,41,0,0
1394553145,1,6,0,41,0,0
1394553205,1,6,0,41,0,0
1394553265,1,6,0,41,0,0
1394553325,1,6,0,41,0,0
1394553385,1,6,0,41,0,0
1394553445,1,6,0,41,0,0
1394553505,1,6,0,41,0,0
1394553565,1,6,0,41,0,0
1394553625,1,6,0,41,0,0
1394553685,1,6,0,41,0,0
1394553745,1,6,0,41,0,0
1394553805,1,6,0,41,0,0
1394553865,1,6,0,41,0,0
1394553925,1,6,0,41,0,0
1394553985,1,6,0,41,0,0
1394554045,1,6,0,41,0,0
1394554105,1,6,0,41,0,0
1394554165,1,6,0,41,0,0
1394554225,1,6,0,41,0,0
1394554285,1,6,0,41,0,0
1394554345,1,6,0,41,0,0
1394554405,1,6,0,41,0,0
1394554465,1,6,0,41,0,0
1394554525,1,6,0,41,0,0
1394554585,1,6,0,41,0,0
1394554645,1,6,0,41,0,0
1394554705,1,6,0,41,0,0
1394554765,1,6,0,41,0,0
1394554825,1,6,0,41,0,0
1394554885,1,6,0,41,0,0
1394554945,1,6,0,41,0,0
1394555006,1,6,0,41,0,0
1394555066,1,6,0,41,0,0
1394555126,1,6,0,41,0,0
1394555186,1,6,0,41,0,0
1394555246,1,6,0,41,0,0
1394555306,1,6,0,41,0,0
1394555366,1,6,0,41,0,0
1394555426,1,6,0,41,0,0
1394555486,1,6,0,41,0,0
1394555546,1,6,0,41,0,0
1394555606,1,6,0,41,0,0
1394555666,1,6,0,41,0,0
1394555726,1,6,0,41,0,0
1394555786,1,6,0,41,0,0
1394555846,1,6,0,41,0,0
1394555906,1,6,0,41,0,0
1394555966,1,6,0,41,0,0
1394556026,1,6,0,41,0,0
1394556086,1,6,0,41,0,0
1394556146,1,6,0,41,0,0
1394556206,1,6,0,41,0,0
1394556266,1,6,0,41,0,0
1394556326,1,6,0,41,0,0
1394556386,1,6,0,41,0,0
1394556446,1,6,0,41,0,0
1394556506,1,6,0,41,0,0
1394556566,1,6,0,41,0,0
1394556626,1,6,0,41,0,0
1394556686,1,6,0,41,0,0
1394556746,1,6,0,41,0,0
1394556806,1,6,0,41,0,0
1394556866,1,6,0,41,0,0
1394556926,1,6,0,41,0,0
1394556986,1,6,0,41,0,0
1394557046,1,6,0,41,0,0
1394557106,1,6,0,41,0,0
1394557166,1,6,0,41,0,0
1394557226,1,6,0,41,0,0
1394557286,1,6,0,41,0,0
1394557346,1,6,0,41,0,0
1394557406,1,6,0,41,0,0
1394557466,1,6,0,41,0,0
1394557526,1,6,0,41,0,0
1394557586,1,6,0,41,0,0
1394557646,1,6,0,41,0,0
1394557706,1,6,0,41,0,0
1394557766,1,6,0,41,0,0
1394557826,1,6,0,41,0,0
1394557886,1,6,0,41,0,0
1394557946,1,6,0,41,0,0
1394558006,1,6,0,41,0,0
1394558066,1,6,0,41,0,0
1394558126,1,6,0,41,0,0
1394558186,1,6,0,41,0,0
1394558246,1,6,0,41,0,0
1394558306,1,6,0,41,0,0
1394558366,1,6,0,41,0,0
1394558426,1,6,0,41,0,0
1394558486,1,6,0,41,0,0
1394558546,1,6,0,41,0,0
1394558606,1,6,0,41,0,0
1394558666,1,6,0,41,0,0
1394558726,1,6,0,41,0,0
1394558786,1,6,0,41,0,0
1394558846,1,6,0,41,0,0
1394558906,1,6,0,41,0,0
1394558966,1,6,0,41,0,0
1394559026,1,6,0,41,0,0
1394559086,1,6,0,41,0,0
1394559146,1,6,0,41,0,0
1394559206,1,6,0,41,0,0
1394559266,1,6,0,41,0,0
1394559326,1,6,0,41,0,0
1394559386,1,6,0,41,0,0
1394559446,1,6,0,41,0,0
1394559506,1,6,0,41,0,0
1394559566,1,6,0,41,0,0
1394559626,1,6,0,41,0,0
1394559686,1,6,0,41,0,0
1394559746,1,6,0,41,0,0
1394559806,1,6,0,41,0,0
1394559866,1,6,0,41,0,0
1394559926,1,6,0,41,0,0
1394559986,1,6,0,41,0,0
1394560046,1,6,0,41,0,0
1394560106,1,6,0,41,0,0
1394560166,1,6,0,41,0,0
1394560226,1,6,0,41,0,0
1394560287,1,6,0,41,0,0
1394560347,1,6,0,41,0,0
1394560407,1,6,0,41,0,0
1394560467,1,6,0,41,0,0
1394560527,1,6,0,41,0,0
1394560587,1,6,0,41,0,0
1394560647,1,6,0,41,0,0
1394560707,1,6,0,41,0,0
1394560767,1,6,0,41,0,0
1394560827,1,6,0,41,0,0
1394560887,1,6,0,41,0,0
1394560947,1,6,0,41,0,0
1394561007,1,6,0,41,0,0
1394561067,1,6,0,41,0,0
1394561127,1,6,0,41,0,0
1394561187,1,6,0,41,0,0
1394561247,1,6,0,41,0,0
1394561307,1,6,0,41,0,0
1394561367,1,6,0,41,0,0
1394561427,1,6,0,41,0,0
1394561487,1,6,0,41,0,0
1394561547,1,6,0,41,0,0
1394561607,1,6,0,41,0,0
1394561667,1,6,0,41,0,0
1394561727,1,6,0,41,0,0
1394561787,1,6,0,41,0,0
1394561847,1,6,0,41,0,0
1394561907,1,6,0,41,0,0
1394561967,1,6,0,41,0,0
1394562027,1,6,0,41,0,0
1394562087,1,6,0,41,0,0
1394562147,1,6,0,41,0,0
1394562207,1,6,0,41,0,0
1394562267,1,6,0,41,0,0
1394562327,1,6,0,41,0,0
1394562387,1,6,0,41,0,0
1394562447,1,6,0,41,0,0
1394562507,1,6,0,41,0,0
1394562567,1,6,0,41,0,0
1394562627,1,6,0,41,0,0
1394562687,1,6,0,41,0,0
1394562747,1,6,0,41,0,0
1394562807,1,6,0,41,0,0
1394562867,1,6,0,41,0,0
1394562927,1,6,0,41,0,0
1394562987,1,6,0,41,0,0
1394563047,1,6,0,41,0,0
1394563107,1,6,0,41,0,0
1394563167,1,6,0,41,0,0
1394563227,1,6,0,41,0,0
1394563287,1,6,0,41,0,0
1394563347,1,6,0,41,0,0
1394563407,1,6,0,41,0,0
1394563467,1,6,0,41,0,0
1394563527,1,6,0,41,0,0
1394563587,1,6,0,41,0,0
1394563647,1,6,0,41,0,0
1394563707,1,6,0,41,0,0
1394563767,1,6,0,41,0,0
1394563827,1,6,0,41,0,0
1394563887,1,6,0,41,0,0
1394563947,1,6,0,41,0,0
1394564007,1,6,0,41,0,0
1394564067,1,6,0,41,0,0
1394564127,1,6,0,41,0,0
1394564187,1,6,0,41,0,0
1394564247,1,6,0,41,0,0
1394564307,1,6,0,41,0,0
1394564367,1,6,0,41,0,0
1394564427,1,6,0,41,0,0
1394564487,1,6,0,41,0,0
1394564547,1,6,0,41,0,0
1394564607,1,6,0,41,0,0
1394564667,1,6,0,41,0,0
1394564727,1,6,0,41,0,0
1394564787,1,6,0,41,0,0
1394564847,1,6,0,41,0,0
1394564907,1,6,0,41,0,0
1394564967,1,6,0,41,0,0
1394565027,1,6,0,41,0,0
1394565087,1,6,0,41,0,0
1394565147,1,6,0,41,0,0
1394565207,1,6,0,41,0,0
1394565267,1,6,0,41,0,0
1394565327,1,6,0,41,0,0
1394565387,1,6,0,41,0,0
1394565448,1,6,0,41,0,0
1394565508,1,6,0,41,0,0
1394565568,1,6,0,41,0,0
1394565628,1,6,0,41,0,0
1394565688,1,6,0,41,0,0
1394565748,1,6,0,41,0,0
1394565808,1,6,0,41,0,0
1394565868,1,6,0,41,0,0
1394565928,1,6,0,41,0,0
1394565988,1,6,0,41,0,0
1394566048,1,6,0,41,0,0
1394566108,1,6,0,41,0,0
1394566168,1,6,0,41,0,0
1394566228,1,6,0,41,0,0
1394566288,1,6,0,41,0,0
1394566348,1,6,0,41,0,0
1394566408,1,6,0,41,0,0
1394566468,1,6,0,41,0,0
1394566528,1,6,0,41,0,0
1394566588,1,6,0,41,0,0
1394566648,1,6,0,41,0,0
1394566708,1,6,0,41,0,0
1394566768,1,6,0,41,0,0
1394566828,1,6,0,41,0,0
1394566888,1,6,0,41,0,0
1394566948,1,6,0,41,0,0
1394567008,1,6,0,41,0,0
1394567068,1,6,0,41,0,0
1394567128,1,6,0,41,0,0
1394567188,1,6,0,41,0,0
1394567248,1,6,0,41,0,0
1394567308,1,6,0,41,0,0
1394567368,1,6,0,41,0,0
1394567428,1,6,0,41,0,0
1394567488,1,6,0,41,0,0
1394567548,1,6,0,41,0,0
1394567608,1,6,0,41,0,0
1394567668,1,6,0,41,0,0
1394567728,1,6,0,41,0,0
1394567788,1,6,0,41,0,0
1394567848,1,6,0,41,0,0
1394567908,1,6,0,41,0,0
1394567968,1,6,0,41,0,0
1394568028,1,6,0,41,0,0
1394568088,1,6,0,41,0,0
1394568148,1,6,0,41,0,0
1394568208,1,6,0,41,0,0
1394568268,1,6,0,41,0,0
1394568328,1,6,0,41,0,0
1394568388,1,6,0,41,0,0
1394568448,1,6,0,41,0,0
1394568508,1,6,0,41,0,0
1394568568,1,6,0,41,0,0
1394568628,1,6,0,41,0,0
1394568688,1,6,0,41,0,0
1394568748,1,6,0,41,0,0
1394568808,1,6,0,41,0,0
1394568868,1,6,0,41,0,0
1394568928,1,6,0,41,0,0
1394568988,1,6,0,41,0,0
1394569048,1,6,0,41,0,0
1394569108,1,6,0,41,0,0
1394569168,1,6,0,41,0,0
1394569228,1,6,0,41,0,0
1394569288,1,6,0,41,0,0
1394569348,1,6,0,41,0,0
1394569408,1,6,0,41,0,0
1394569468,1,6,0,41,0,0
1394569528,1,6,0,41,0,0
1394569588,1,6,0,41,0,0
1394569648,1,6,0,41,0,0
1394569708,1,6,0,41,0,0
1394569768,1,6,0,41,0,0
1394569828,1,6,0,41,0,0
1394569888,1,6,0,41,0,0
1394569948,1,6,0,41,0,0
1394570008,1,6,0,41,0,0
1394570068,1,6,0,41,0,0
1394570128,1,6,0,41,0,0
1394570188,1,6,0,41,0,0
1394570248,1,6,0,41,0,0
1394570308,1,6,0,41,0,0
1394570368,1,6,0,41,0,0
1394570428,1,6,0,41,0,0
1394570488,1,6,0,41,0,0
1394570549,1,6,0,41,0,0
1394570609,1,6,0,41,0,0
1394570669,1,6,0,41,0,0
1394570729,1,6,0,41,0,0
1394570789,1,6,0,41,0,0
1394570849,1,6,0,41,0,0
1394570909,1,6,0,41,0,0
1394570969,1,6,0,41,0,0
1394571029,1,6,0,41,0,0
1394571089,1,6,0,41,0,0
1394571149,1,6,0,41,0,0
1394571209,1,6,0,41,0,0
1394571269,1,6,0,41,0,0
1394571329,1,6,0,41,0,0
1394571389,1,6,0,41,0,0
1394571449,1,6,0,41,0,0
1394571509,1,6,0,41,0,0
1394571569,1,6,0,41,0,0
1394571629,1,6,0,41,0,0
1394571689,1,6,0,41,0,0
1394571749,1,6,0,41,0,0
1394571809,1,6,0,41,0,0
1394571869,1,6,0,41,0,0
1394571929,1,6,0,41,0,0
1394571989,1,6,0,41,0,0
1394572049,1,6,0,41,0,0
1394572109,1,6,0,41,0,0
1394572169,1,6,0,41,0,0
1394572229,1,6,0,41,0,0
1394572289,1,6,0,41,0,0
1394572349,1,6,0,41,0,0
1394572409,1,6,0,41,0,0
1394572469,1,6,0,41,0,0
1394572529,1,6,0,41,0,0
1394572589,1,6,0,41,0,0
1394572649,1,6,0,41,0,0
1394572709,1,6,0,41,0,0
1394572769,1,6,0,41,0,0
1394572829,1,6,0,41,0,0
1394572889,1,6,0,41,0,0
1394572949,1,6,0,41,0,0
1394573009,1,6,0,41,0,0
1394573069,1,6,0,41,0,0
1394573129,1,6,0,41,0,0
1394573189,1,6,0,41,0,0
1394573249,1,6,0,41,0,0
1394573309,1,6,0,41,0,0
1394573369,1,6,0,41,0,0
1394573429,1,6,0,41,0,0
1394573489,1,6,0,41,0,0
1394573549,1,6,0,41,0,0
1394573609,1,6,0,41,0,0
1394573669,1,6,0,41,0,0
1394573729,1,6,0,41,0,0
1394573789,1,6,0,41,0,0
1394573849,1,6,0,41,0,0
1394573909,1,6,0,41,0,0
1394573969,1,6,0,41,0,0
1394574029,1,6,0,41,0,0
1394574089,1,6,0,41,0,0
1394574149,1,6,0,41,0,0
1394574209,1,6,0,41,0,0
1394574269,1,6,0,41,0,0
1394574329,1,6,0,41,0,0
1394574389,1,6,0,41,0,0
1394574449,1,6,0,41,0,0
1394574509,1,6,0,41,0,0
1394574569,1,6,0,41,0,0
1394574629,1,6,0,41,0,0
1394574689,1,6,0,41,0,0
1394574749,1,6,0,41,0,0
1394574809,1,6,0,41,0,0
1394574869,1,6,0,41,0,0
1394574929,1,6,0,41,0,0
1394574989,1,6,0,41,0,0
1394575049,1,6,0,41,0,0
1394575109,1,6,0,41,0,0
1394575169,1,6,0,41,0,0
1394575229,1,6,0,41,0,0
1394575289,1,6,0,41,0,0
1394575349,1,6,0,41,0,0
1394575409,1,6,0,41,0,0
1394575469,1,6,0,41,0,0
1394575529,1,6,0,41,0,0
1394575589,1,6,0,41,0,0
1394575649,1,6,0,41,0,0
1394575709,1,6,0,41,0,0
1394575769,1,6,0,41,0,0
1394575830,1,6,0,41,0,0
1394575890,1,6,0,41,0,0
1394575950,1,6,0,41,0,0
1394576010,1,6,0,41,0,0
1394576070,1,6,0,41,0,0
1394576130,1,6,0,41,0,0
1394576190,1,6,0,41,0,0
1394576250,1,6,0,41,0,0
1394576310,1,6,0,41,0,0
1394576370,1,6,0,41,0,0
1394576430,1,6,0,41,0,0
1394576490,1,6,0,41,0,0
1394576550,1,6,0,41,0,0
1394576610,1,6,0,41,0,0
1394576670,1,6,0,41,0,0
1394576730,1,6,0,41,0,0
1394576790,1,6,0,41,0,0
1394576850,1,6,0,41,0,0
1394576910,1,6,0,41,0,0
1394576970,1,6,0,41,0,0
1394577030,1,6,0,41,0,0
1394577090,1,6,0,41,0,0
1394577150,1,6,0,41,0,0
1394577210,1,6,0,41,0,0
1394577270,1,6,0,41,0,0
1394577330,1,6,0,41,0,0
1394577390,1,6,0,41,0,0
1394577450,1,6,0,41,0,0
1394577510,1,6,0,41,0,0
1394577570,1,6,0,41,0,0
1394577630,1,6,0,41,0,0
1394577690,1,6,0,41,0,0
1394577750,1,6,0,41,0,0
1394577810,1,6,0,41,0,0
1394577870,1,6,0,41,0,0
1394577930,1,6,0,41,0,0
1394577990,1,6,0,41,0,0
1394578050,1,6,0,41,0,0
1394578110,1,6,0,41,0,0
1394578170,1,6,0,41,0,0
1394578230,1,6,0,41,0,0
1394578290,1,6,0,41,0,0
1394578350,1,6,0,41,0,0
1394578410,1,6,0,41,0,0
1394578470,1,6,0,41,0,0
1394578530,1,6,0,41,0,0
1394578590,1,6,0,41,0,0
1394578650,1,6,0,41,0,0
1394578710,1,6,0,41,0,0
1394578770,1,6,0,41,0,0
1394578830,1,6,0,41,0,0
1394578890,1,6,0,41,0,0
1394578950,1,6,0,41,0,0
1394579010,1,6,0,41,0,0
1394579070,1,6,0,41,0,0
1394579130,1,6,0,41,0,0
1394579190,1,6,0,41,0,0
1394579250,1,6,0,41,0,0
1394579310,1,6,0,41,0,0
1394579370,1,6,0,41,0,0
1394579430,1,6,0,41,0,0
1394579490,1,6,0,41,0,0
1394579550,1,6,0,41,0,0
1394579610,1,6,0,41,0,0
1394579670,1,6,0,41,0,0
1394579730,1,6,0,41,0,0
1394579790,1,6,0,41,0,0
1394579850,1,6,0,41,0,0
1394579910,1,6,0,41,0,0
1394579970,1,6,0,41,0,0
1394580030,1,6,0,41,0,0
1394580090,1,6,0,41,0,0
1394580150,1,6,0,41,0,0
1394580210,1,6,0,41,0,0
1394580270,1,6,0,41,0,0
1394580330,1,6,0,41,0,0
1394580390,1,6,0,41,0,0
1394580450,1,6,0,41,0,0
1394580510,1,6,0,41,0,0
1394580571,1,6,0,41,0,0
1394580631,1,6,0,41,0,0
1394580691,1,6,0,41,0,0
1394580751,1,6,0,41,0,0
1394580811,1,6,0,41,0,0
1394580871,1,6,0,41,0,0
1394580931,1,6,0,41,0,0
1394580991,1,6,0,41,0,0
1394581051,1,6,0,41,0,0
1394581111,1,6,0,41,0,0
1394581171,1,6,0,41,0,0
1394581231,1,6,0,41,0,0
1394581291,1,6,0,41,0,0
1394581351,1,6,0,41,0,0
1394581411,1,6,0,41,0,0
1394581471,1,6,0,41,0,0
1394581531,1,6,0,41,0,0
1394581591,1,6,0,41,0,0
1394581651,1,6,0,41,0,0
1394581711,1,6,0,41,0,0
1394581771,1,6,0,41,0,0
1394581831,1,6,0,41,0,0
1394581891,1,6,0,41,0,0
1394581951,1,6,0,41,0,0
1394582011,1,6,0,41,0,0
1394582071,1,6,0,41,0,0
1394582131,1,6,0,41,0,0
1394582191,1,6,0,41,0,0
1394582251,1,6,0,41,0,0
1394582311,1,6,0,41,0,0
1394582371,1,6,0,41,0,0
1394582431,1,6,0,41,0,0
1394582491,1,6,0,41,0,0
1394582551,1,6,0,41,0,0
1394582611,1,6,0,41,0,0
1394582671,1,6,0,41,0,0
1394582731,1,6,0,41,0,0
1394582791,1,6,0,41,0,0
1394582851,1,6,0,41,0,0
1394582911,1,6,0,41,0,0
1394582971,1,6,0,41,0,0
1394583031,1,6,0,41,0,0
1394583091,1,6,0,41,0,0
1394583151,1,6,0,41,0,0
1394583211,1,6,0,41,0,0
1394583271,1,6,0,41,0,0
1394583331,1,6,0,41,0,0
1394583391,1,6,0,41,0,0
1394583451,1,6,0,41,0,0
1394583511,1,6,0,41,0,0
1394583571,1,6,0,41,0,0
1394583631,1,6,0,41,0,0
1394583691,1,6,0,41,0,0
1394583751,1,6,0,41,0,0
1394583811,1,6,0,41,0,0
1394583871,1,6,0,41,0,0
1394583931,1,6,0,41,0,0
1394583991,1,6,0,41,0,0
1394584051,1,6,0,41,0,0
1394584111,1,6,0,41,0,0
1394584171,1,6,0,41,0,0
1394584231,1,6,0,41,0,0
1394584291,1,6,0,41,0,0
1394584351,1,6,0,41,0,0
1394584411,1,6,0,41,0,0
1394584471,1,6,0,41,0,0
1394584531,1,6,0,41,0,0
1394584591,1,6,0,41,0,0
1394584651,1,6,0,41,0,0
1394584711,1,6,0,41,0,0
1394584771,1,6,0,41,0,0
1394584831,1,6,0,41,0,0
1394584891,1,6,0,41,0,0
1394584951,1,6,0,41,0,0
1394585011,1,6,0,41,0,0
1394585071,1,6,0,41,0,0
1394585131,1,6,0,41,0,0
1394585191,1,6,0,41,0,0
1394585251,1,6,0,41,0,0
1394585311,1,6,0,41,0,0
1394585371,1,6,0,41,0,0
1394585431,1,6,0,41,0,0
1394585492,1,6,0,41,0,0
1394585552,1,6,0,41,0,0
1394585612,1,6,0,41,0,0
1394585672,1,6,0,41,0,0
1394585732,1,6,0,41,0,0
1394585792,1,6,0,41,0,0
1394585852,1,6,0,41,0,0
1394585912,1,6,0,41,0,0
1394585972,1,6,0,41,0,0
1394586032,1,6,0,41,0,0
1394586092,1,6,0,41,0,0
1394586152,1,6,0,41,0,0
1394586212,1,6,0,41,0,0
1394586272,1,6,0,41,0,0
1394586332,1,6,0,41,0,0
1394586392,1,6,0,41,0,0
1394586452,1,6,0,41,0,0
1394586512,1,6,0,41,0,0
1394586572,1,6,0,41,0,0
1394586632,1,6,0,41,0,0
1394586692,1,6,0,41,0,0
1394586752,1,6,0,41,0,0
1394586812,1,6,0,41,0,0
1394586872,1,6,0,41,0,0
1394586932,1,6,0,41,0,0
1394586992,1,6,0,41,0,0
1394587052,1,6,0,41,0,0
1394587112,1,6,0,41,0,0
1394587172,1,6,0,41,0,0
1394587232,1,6,0,41,0,0
1394587292,1,6,0,41,0,0
1394587352,1,6,0,41,0,0
1394587412,1,6,0,41,0,0
1394587472,1,6,0,41,0,0
1394587532,1,6,0,41,0,0
1394587592,1,6,0,41,0,0
1394587652,1,6,0,41,0,0
1394587712,1,6,0,41,0,0
1394587772,1,6,0,41,0,0
1394587832,1,6,0,41,0,0
1394587892,1,6,0,41,0,0
1394587952,1,6,0,41,0,0
1394588012,1,6,0,41,0,0
1394588072,1,6,0,41,0,0
1394588132,1,6,0,41,0,0
1394588192,1,6,0,41,0,0
1394588252,1,6,0,41,0,0
1394588312,1,6,0,41,0,0
1394588372,1,6,0,41,0,0
1394588432,1,6,0,41,0,0
1394588492,1,6,0,41,0,0
1394588552,1,6,0,41,0,0
1394588612,1,6,0,41,0,0
1394588672,1,6,0,41,0,0
1394588732,1,6,0,41,0,0
1394588792,1,6,0,41,0,0
1394588852,1,6,0,41,0,0
1394588912,1,6,0,41,0,0
1394588972,1,6,0,41,0,0
1394589032,1,6,0,41,0,0
1394589092,1,6,0,41,0,0
1394589152,1,6,0,41,0,0
1394589212,1,6,0,41,0,0
1394589272,1,6,0,41,0,0
1394589332,1,6,0,41,0,0
1394589392,1,6,0,41,0,0
1394589452,1,6,0,41,0,0
1394589512,1,6,0,41,0,0
1394589572,1,6,0,41,0,0
1394589632,1,6,0,41,0,0
1394589692,1,6,0,41,0,0
1394589752,1,6,0,41,0,0
1394589812,1,6,0,41,0,0
1394589872,1,6,0,41,0,0
1394589932,1,6,0,41,0,0
1394589992,1,6,0,41,0,0
1394590052,1,6,0,41,0,0
1394590112,1,6,0,41,0,0
1394590172,1,6,0,41,0,0
1394590232,1,6,0,41,0,0
1394590292,1,6,0,41,0,0
1394590352,1,6,0,41,0,0
1394590412,1,6,0,41,0,0
1394590472,1,6,0,41,0,0
1394590533,1,6,0,41,0,0
1394590593,1,6,0,41,0,0
1394590653,1,6,0,41,0,0
1394590713,1,6,0,41,0,0
1394590773,1,6,0,41,0,0
1394590833,1,6,0,41,0,0
1394590893,1,6,0,41,0,0
1394590953,1,6,0,41,0,0
1394591013,1,6,0,41,0,0
1394591073,1,6,0,41,0,0
1394591133,1,6,0,41,0,0
1394591193,1,6,0,41,0,0
1394591253,1,6,0,41,0,0
1394591313,1,6,0,41,0,0
1394591373,1,6,0,41,0,0
1394591433,1,6,0,41,0,0
1394591493,1,6,0,41,0,0
1394591553,1,6,0,41,0,0
1394591613,1,6,0,41,0,0
1394591673,1,6,0,41,0,0
1394591733,1,6,0,41,0,0
1394591793,1,6,0,41,0,0
1394591853,1,6,0,41,0,0
1394591913,1,6,0,41,0,0
1394591973,1,6,0,41,0,0
1394592033,1,6,0,41,0,0
1394592093,1,6,0,41,0,0
1394592153,1,6,0,41,0,0
1394592213,1,6,0,41,0,0
1394592273,1,6,0,41,0,0
1394592333,1,6,0,41,0,0
1394592393,1,6,0,41,0,0
1394592453,1,6,0,41,0,0
1394592513,1,6,0,41,0,0
1394592573,1,6,0,41,0,0
1394592633,1,6,0,41,0,0
1394592693,1,6,0,41,0,0
1394592753,1,6,0,41,0,0
1394592813,1,6,0,41,0,0
1394592873,1,6,0,41,0,0
1394592933,1,6,0,41,0,0
1394592993,1,6,0,41,0,0
1394593053,1,6,0,41,0,0
1394593113,1,6,0,41,0,0
1394593173,1,6,0,41,0,0
1394593233,1,6,0,41,0,0
1394593293,1,6,0,41,0,0
1394593353,1,6,0,41,0,0
1394593413,1,6,0,41,0,0
1394593473,1,6,0,41,0,0
1394593533,1,6,0,41,0,0
1394593593,1,6,0,41,0,0
1394593653,1,6,0,41,0,0
1394593713,1,6,0,41,0,0
1394593773,1,6,0,41,0,0
1394593833,1,6,0,41,0,0
1394593893,1,6,0,41,0,0
1394593953,1,6,0,41,0,0
1394594013,1,6,0,41,0,0
1394594073,1,6,0,41,0,0
1394594133,1,6,0,41,0,0
1394594193,1,6,0,41,0,0
1394594253,1,6,0,41,0,0
1394594313,1,6,0,41,0,0
1394594373,1,6,0,41,0,0
1394594433,1,6,0,41,0,0
1394594493,1,6,0,41,0,0
1394594553,1,6,0,41,0,0
1394594613,1,6,0,41,0,0
1394594673,1,6,0,41,0,0
1394594733,1,6,0,41,0,0
1394594793,1,6,0,41,0,0
1394594853,1,6,0,41,0,0
1394594913,1,6,0,41,0,0
1394594973,1,6,0,41,0,0
1394595033,1,6,0,41,0,0
1394595093,1,6,0,41,0,0
1394595153,1,6,0,41,0,0
1394595213,1,6,0,41,0,0
1394595273,1,6,0,41,0,0
1394595333,1,6,0,41,0,0
1394595393,1,6,0,41,0,0
1394595453,1,6,0,41,0,0
1394595513,1,6,0,41,0,0
1394595573,1,6,0,41,0,0
1394595633,1,6,0,41,0,0
1394595693,1,6,0,41,0,0
1394595753,1,6,0,41,0,0
1394595814,1,6,0,41,0,0
1394595874,1,6,0,41,0,0
1394595934,1,6,0,41,0,0
1394595994,1,6,0,41,0,0
1394596054,1,6,0,41,0,0
1394596114,1,6,0,41,0,0
1394596174,1,6,0,41,0,0
1394596234,1,6,0,41,0,0
1394596294,1,6,0,41,0,0
1394596354,1,6,0,41,0,0
1394596414,1,6,0,41,0,0
1394596474,1,6,0,41,0,0
1394596534,1,6,0,41,0,0
1394596594,1,6,0,41,0,0
1394596654,1,6,0,41,0,0
1394596714,1,6,0,41,0,0
1394596774,1,6,0,41,0,0
1394596834,1,6,0,41,0,0
1394596894,1,6,0,41,0,0
1394596954,1,6,0,41,0,0
1394597014,1,6,0,41,0,0
1394597074,1,6,0,41,0,0
1394597134,1,6,0,41,0,0
1394597194,1,6,0,41,0,0
1394597254,1,6,0,41,0,0
1394597314,1,6,0,41,0,0
1394597374,1,6,0,41,0,0
1394597434,1,6,0,41,0,0
1394597494,1,6,0,41,0,0
1394597554,1,6,0,41,0,0
1394597614,1,6,0,41,0,0
1394597674,1,6,0,41,0,0
1394597734,1,6,0,41,0,0
1394597794,1,6,0,41,0,0
1394597854,1,6,0,41,0,0
1394597914,1,6,0,41,0,0
1394597974,1,6,0,41,0,0
1394598034,1,6,0,41,0,0
1394598094,1,6,0,41,0,0
1394598154,1,6,0,41,0,0
1394598214,1,6,0,41,0,0
1394598274,1,6,0,41,0,0
1394598334,1,6,0,41,0,0
1394598394,1,6,0,41,0,0
1394598454,1,6,0,41,0,0
1394598514,1,6,0,41,0,0
1394598574,1,6,0,41,0,0
1394598634,1,6,0,41,0,0
1394598694,1,6,0,41,0,0
1394598754,1,6,0,41,0,0
1394598814,1,6,0,41,0,0
1394598874,1,6,0,41,0,0
1394598934,1,6,0,41,0,0
1394598994,1,6,0,41,0,0
1394599054,1,6,0,41,0,0
1394599114,1,6,0,41,0,0
1394599174,1,6,0,41,0,0
1394599234,1,6,0,41,0,0
1394599294,1,6,0,41,0,0
1394599354,1,6,0,41,0,0
1394599414,1,6,0,41,0,0
1394599474,1,6,0,41,0,0
1394599534,1,6,0,41,0,0
1394599594,1,6,0,41,0,0
1394599654,1,6,0,41,0,0
1394599714,1,6,0,41,0,0
1394599774,1,6,0,41,0,0
1394599834,1,6,0,41,0,0
1394599894,1,6,0,41,0,0
1394599954,1,6,0,41,0,0
1394600014,1,6,0,41,0,0
1394600074,1,6,0,41,0,0
1394600134,1,6,0,41,0,0
1394600194,1,6,0,41,0,0
1394600254,1,6,0,41,0,0
1394600314,1,6,0,41,0,0
1394600374,1,6,0,41,0,0
1394600434,1,6,0,41,0,0
1394600494,1,6,0,41,0,0
1394600554,1,6,0,41,0,0
1394600614,1,6,0,41,0,0
1394600674,1,6,0,41,0,0
1394600734,1,6,0,41,0,0
1394600794,1,6,0,41,0,0
1394600855,1,6,0,41,0,0
1394600915,1,6,0,41,0,0
1394600975,1,6,0,41,0,0
1394601035,1,6,0,41,0,0
1394601095,1,6,0,41,0,0
1394601155,1,6,0,41,0,0
1394601215,1,6,0,41,0,0
1394601275,1,6,0,41,0,0
1394601335,1,6,0,41,0,0
1394601395,1,6,0,41,0,0
1394601455,1,6,0,41,0,0
1394601515,1,6,0,41,0,0
1394601575,1,6,0,41,0,0
1394601635,1,6,0,41,0,0
1394601695,1,6,0,41,0,0
1394601755,1,6,0,41,0,0
1394601815,1,6,0,41,0,0
1394601875,1,6,0,41,0,0
1394601935,1,6,0,41,0,0
1394601995,1,6,0,41,0,0
1394602055,1,6,0,41,0,0
1394602115,1,6,0,41,0,0
1394602175,1,6,0,41,0,0
1394602235,1,6,0,41,0,0
1394602295,1,6,0,41,0,0
1394602355,1,6,0,41,0,0
1394602415,1,6,0,41,0,0
1394602475,1,6,0,41,0,0
1394602535,1,6,0,41,0,0
1394602595,1,6,0,41,0,0
1394602655,1,6,0,41,0,0
1394602715,1,6,0,41,0,0
1394602775,1,6,0,41,0,0
1394602835,1,6,0,41,0,0
1394602895,1,6,0,41,0,0
1394602955,1,6,0,41,0,0
1394603015,1,6,0,41,0,0
1394603075,1,6,0,41,0,0
1394603135,1,6,0,41,0,0
1394603195,1,6,0,41,0,0
1394603255,1,6,0,41,0,0
1394603315,1,6,0,41,0,0
1394603375,1,6,0,41,0,0
1394603435,1,6,0,41,0,0
1394603495,1,6,0,41,0,0
1394603555,1,6,0,41,0,0
1394603615,1,6,0,41,0,0
1394603675,1,6,0,41,0,0
1394603735,1,6,0,41,0,0
1394603795,1,6,0,41,0,0
1394603855,1,6,0,41,0,0
1394603915,1,6,0,41,0,0
1394603975,1,6,0,41,0,0
1394604035,1,6,0,41,0,0
1394604095,1,6,0,41,0,0
1394604155,1,6,0,41,0,0
1394604215,1,6,0,41,0,0
1394604275,1,6,0,41,0,0
1394604335,1,6,0,41,0,0
1394604395,1,6,0,41,0,0
1394604455,1,6,0,41,0,0
1394604515,1,6,0,41,0,0
1394604575,1,6,0,41,0,0
1394604635,1,6,0,41,0,0
1394604695,1,6,0,41,0,0
1394604755,1,6,0,41,0,0
1394604815,1,6,0,41,0,0
1394604875,1,6,0,41,0,0
1394604935,1,6,0,41,0,0
1394604995,1,6,0,41,0,0
1394605055,1,6,0,41,0,0
1394605115,1,6,0,41,0,0
1394605175,1,6,0,41,0,0
1394605235,1,6,0,41,0,0
1394605295,1,6,0,41,0,0
1394605355,1,6,0,41,0,0
1394605415,1,6,0,41,0,0
1394605475,1,6,0,41,0,0
1394605535,1,6,0,41,0,0
1394605595,1,6,0,41,0,0
1394605655,1,6,0,41,0,0
1394605715,1,6,0,41,0,0
1394605775,1,6,0,41,0,0
1394605835,1,6,0,41,0,0
1394605895,1,6,0,41,0,0
1394605955,1,6,0,41,0,0
1394606015,1,6,0,41,0,0
1394606075,1,6,0,41,0,0
1394606135,1,6,0,41,0,0
1394606195,1,6,0,41,0,0
1394606255,1,6,0,41,0,0
1394606315,1,6,0,41,0,0
1394606375,1,6,0,41,0,0
1394606436,1,6,0,41,0,0
1394606496,1,6,0,41,0,0
1394606556,1,6,0,41,0,0
1394606616,1,6,0,41,0,0
1394606676,1,6,0,41,0,0
1394606736,1,6,0,41,0,0
1394606796,1,6,0,41,0,0
1394606856,1,6,0,41,0,0
1394606916,1,6,0,41,0,0
1394606976,1,6,0,41,0,0
1394607036,1,6,0,41,0,0
1394607096,1,6,0,41,0,0
1394607156,1,6,0,41,0,0
1394607216,1,6,0,41,0,0
1394607276,1,6,0,41,0,0
1394607336,1,6,0,41,0,0
1394607396,1,6,0,41,0,0
1394607456,1,6,0,41,0,0
1394607516,1,6,0,41,0,0
1394607576,1,6,0,41,0,0
1394607636,1,6,0,41,0,0
1394607696,1,6,0,41,0,0
1394607756,1,6,0,41,0,0
1394607816,1,6,0,41,0,0
1394607876,1,6,0,41,0,0
1394607936,1,6,0,41,0,0
1394607996,1,6,0,41,0,0
1394608056,1,6,0,41,0,0
1394608116,1,6,0,41,0,0
1394608176,1,6,0,41,0,0
1394608236,1,6,0,41,0,0
1394608296,1,6,0,41,0,0
1394608356,1,6,0,41,0,0
1394608416,1,6,0,41,0,0
1394608476,1,6,0,41,0,0
1394608536,1,6,0,41,0,0
1394608596,1,6,0,41,0,0
1394608656,1,6,0,41,0,0
1394608716,1,6,0,41,0,0
1394608776,1,6,0,41,0,0
1394608836,1,6,0,41,0,0
1394608896,1,6,0,41,0,0
1394608956,1,6,0,41,0,0
1394609016,1,6,0,41,0,0
1394609076,1,6,0,41,0,0
1394609136,1,6,0,41,0,0
1394609196,1,6,0,41,0,0
1394609256,1,6,0,41,0,0
1394609316,1,6,0,41,0,0
1394609376,1,6,0,41,0,0
1394609436,1,6,0,41,0,0
1394609496,1,6,0,41,0,0
1394609556,1,6,0,41,0,0
1394609616,1,6,0,41,0,0
1394609676,1,6,0,41,0,0
1394609736,1,6,0,41,0,0
1394609796,1,6,0,41,0,0
1394609856,1,6,0,41,0,0
1394609916,1,6,0,41,0,0
1394609976,1,6,0,41,0,0
1394610036,1,6,0,41,0,0
1394610096,1,6,0,41,0,0
1394610156,1,6,0,41,0,0
1394610216,1,6,0,41,0,0
1394610276,1,6,0,41,0,0
1394610336,1,6,0,41,0,0
1394610396,1,6,0,41,0,0
1394610456,1,6,0,41,0,0
